{
  "type": "FeatureCollection",
  "generator": "overpass-turbo",
  "copyright": "The data included in this document is from www.openstreetmap.org. The data is made available under ODbL.",
  "timestamp": "2026-05-30T04:40:17Z",
  "features": [
    {
      "type": "Feature",
      "properties": {
        "@id": "node/349267517",
        "addr:district": "Hyderabad",
        "addr:full": "1-98/90/26, Near IOC Petrol Bunk, Hi-Tech City Main Road, Madhapur",
        "addr:postcode": "500033",
        "addr:state": "Telangana",
        "amenity": "hospital",
        "healthcare": "hospital",
        "name": "Vikram Hospitals",
        "source": "OpenGovernmentData"
      },
      "geometry": {
        "type": "Point",
        "coordinates": [
          78.3916647,
          17.4406857
        ]
      },
      "id": "node/349267517"
    },
    {
      "type": "Feature",
      "properties": {
        "@id": "node/349270023",
        "addr:district": "Hyderabad",
        "addr:full": "Plot No 8 & 9, Arunodaya Cooperative Housing Society, Vittal Rao nagar, Madhapur",
        "addr:postcode": "500081",
        "addr:state": "Telangana",
        "amenity": "hospital",
        "healthcare": "hospital",
        "name": "Image Hospitals",
        "name:te": "ఇమేజ్ హాస్పిటల్స్",
        "source": "OpenGovernmentData"
      },
      "geometry": {
        "type": "Point",
        "coordinates": [
          78.3860746,
          17.4444337
        ]
      },
      "id": "node/349270023"
    },
    {
      "type": "Feature",
      "properties": {
        "@id": "node/513439512",
        "amenity": "hospital",
        "name": "Ameerpet Government Hospital",
        "name:te": "అమీర్‌పేట ప్రభుత్వ ఆసుపత్రి"
      },
      "geometry": {
        "type": "Point",
        "coordinates": [
          78.4478775,
          17.4417142
        ]
      },
      "id": "node/513439512"
    },
    {
      "type": "Feature",
      "properties": {
        "@id": "node/513439517",
        "amenity": "hospital",
        "name": "Sri Vijaya Hospitals",
        "name:te": "శ్రీ విజయ హాస్పిటల్స్"
      },
      "geometry": {
        "type": "Point",
        "coordinates": [
          78.4480341,
          17.4422795
        ]
      },
      "id": "node/513439517"
    },
    {
      "type": "Feature",
      "properties": {
        "@id": "node/538425761",
        "amenity": "hospital",
        "emergency": "no",
        "name": "Sree Priya Multi Speciality Hospital",
        "name:te": "శ్రీ ప్రియ మల్టీ స్పెషాలిటీ హాస్పిటల్"
      },
      "geometry": {
        "type": "Point",
        "coordinates": [
          78.4461255,
          17.4415414
        ]
      },
      "id": "node/538425761"
    },
    {
      "type": "Feature",
      "properties": {
        "@id": "node/626897112",
        "amenity": "hospital",
        "name": "Rahmat Ali hospital"
      },
      "geometry": {
        "type": "Point",
        "coordinates": [
          78.4859878,
          17.3672265
        ]
      },
      "id": "node/626897112"
    },
    {
      "type": "Feature",
      "properties": {
        "@id": "node/634123949",
        "amenity": "hospital",
        "name": "Satya Hospital"
      },
      "geometry": {
        "type": "Point",
        "coordinates": [
          78.512174,
          17.407574
        ]
      },
      "id": "node/634123949"
    },
    {
      "type": "Feature",
      "properties": {
        "@id": "node/665132280",
        "addr:district": "Hyderabad",
        "addr:full": "12-5-30, Whith House, Moulali Road, Tarnaka",
        "addr:postcode": "500017",
        "addr:state": "Telangana",
        "amenity": "hospital",
        "contact:phone": "040 2700 7272 ; 9000991535",
        "name": "Innova Children's Heart Hospital",
        "source": "OpenGovernmentData",
        "website": "https://www.innovahospitals.in/"
      },
      "geometry": {
        "type": "Point",
        "coordinates": [
          78.533452,
          17.4293162
        ]
      },
      "id": "node/665132280"
    },
    {
      "type": "Feature",
      "properties": {
        "@id": "node/665132281",
        "amenity": "hospital",
        "name": "Apollo Clinic"
      },
      "geometry": {
        "type": "Point",
        "coordinates": [
          78.5333362,
          17.4290954
        ]
      },
      "id": "node/665132281"
    },
    {
      "type": "Feature",
      "properties": {
        "@id": "node/726165655",
        "amenity": "hospital",
        "name": "Vasavi ENT Hospital"
      },
      "geometry": {
        "type": "Point",
        "coordinates": [
          78.4645023,
          17.40681
        ]
      },
      "id": "node/726165655"
    },
    {
      "type": "Feature",
      "properties": {
        "@id": "node/726240837",
        "addr:district": "Hyderabad",
        "addr:full": "10-1-1, Bhagwan Mahavir Marg, A.C Guards",
        "addr:postcode": "500004",
        "addr:state": "Telangana",
        "amenity": "hospital",
        "name": "Mahavir Hospital and Research Centre",
        "source": "OpenGovernmentData"
      },
      "geometry": {
        "type": "Point",
        "coordinates": [
          78.4570626,
          17.4036641
        ]
      },
      "id": "node/726240837"
    },
    {
      "type": "Feature",
      "properties": {
        "@id": "node/727283253",
        "amenity": "hospital",
        "name": "Old Apollo Hospital"
      },
      "geometry": {
        "type": "Point",
        "coordinates": [
          78.4814113,
          17.3985586
        ]
      },
      "id": "node/727283253"
    },
    {
      "type": "Feature",
      "properties": {
        "@id": "node/728848279",
        "addr:district": "Hyderabad",
        "addr:full": "11-5423/A/B, Niloufer Road, Opp. Hanuman temple, Red Hills, Lakdikapool",
        "addr:postcode": "500004",
        "addr:state": "Telangana",
        "amenity": "hospital",
        "contact:phone": "040-66838383; 040- 66838481; 040-65247760",
        "name": "Krishna Children's Hospital",
        "source": "OpenGovernmentData",
        "website": "https://krishnachildrenhospital.in"
      },
      "geometry": {
        "type": "Point",
        "coordinates": [
          78.4625295,
          17.4021334
        ]
      },
      "id": "node/728848279"
    },
    {
      "type": "Feature",
      "properties": {
        "@id": "node/827576106",
        "amenity": "hospital",
        "healthcare": "hospital",
        "name": "Arogyasree Health care trust"
      },
      "geometry": {
        "type": "Point",
        "coordinates": [
          78.3937323,
          17.4301742
        ]
      },
      "id": "node/827576106"
    },
    {
      "type": "Feature",
      "properties": {
        "@id": "node/893195080",
        "amenity": "hospital",
        "name": "Surojini Devi Eye Hospital"
      },
      "geometry": {
        "type": "Point",
        "coordinates": [
          78.4447966,
          17.3990359
        ]
      },
      "id": "node/893195080"
    },
    {
      "type": "Feature",
      "properties": {
        "@id": "node/894082495",
        "addr:district": "Hyderabad",
        "addr:full": "8-2-596/5, Road No 10, Banjara Hills",
        "addr:postcode": "500034",
        "addr:state": "Telangana",
        "amenity": "hospital",
        "email": "info@starhospitals.in",
        "fax": "040-2335 6188",
        "name": "Star Hospital",
        "phone": "040-44 777 777",
        "source": "OpenGovernmentData",
        "website": "https://www.starhospitals.in/"
      },
      "geometry": {
        "type": "Point",
        "coordinates": [
          78.4454609,
          17.4156911
        ]
      },
      "id": "node/894082495"
    },
    {
      "type": "Feature",
      "properties": {
        "@id": "node/894082503",
        "amenity": "hospital",
        "name": "Rainbow Hospitals"
      },
      "geometry": {
        "type": "Point",
        "coordinates": [
          78.4475692,
          17.4148145
        ]
      },
      "id": "node/894082503"
    },
    {
      "type": "Feature",
      "properties": {
        "@id": "node/898965110",
        "addr:district": "Hyderabad",
        "addr:full": "D.No: 4-1-1230, Opp. YWCA, Abids Road, Bogulkunta",
        "addr:postcode": "500001",
        "addr:state": "Telangana",
        "amenity": "hospital",
        "name": "Fernandez Hospital",
        "phone": "040 40222300",
        "source": "OpenGovernmentData",
        "website": "https://www.fernandezhospital.com"
      },
      "geometry": {
        "type": "Point",
        "coordinates": [
          78.4793651,
          17.3921498
        ]
      },
      "id": "node/898965110"
    },
    {
      "type": "Feature",
      "properties": {
        "@id": "node/902311398",
        "addr:street": "Vikrampuri",
        "amenity": "hospital",
        "emergency": "yes",
        "name": "Oxygen Hospital"
      },
      "geometry": {
        "type": "Point",
        "coordinates": [
          78.4984034,
          17.4556983
        ]
      },
      "id": "node/902311398"
    },
    {
      "type": "Feature",
      "properties": {
        "@id": "node/1050786520",
        "amenity": "hospital"
      },
      "geometry": {
        "type": "Point",
        "coordinates": [
          78.4778376,
          17.4693193
        ]
      },
      "id": "node/1050786520"
    },
    {
      "type": "Feature",
      "properties": {
        "@id": "node/1050844412",
        "amenity": "hospital",
        "healthcare": "hospital",
        "name": "Remedy Hospitals"
      },
      "geometry": {
        "type": "Point",
        "coordinates": [
          78.4567398,
          17.4636217
        ]
      },
      "id": "node/1050844412"
    },
    {
      "type": "Feature",
      "properties": {
        "@id": "node/1215214084",
        "addr:city": "Hyderabad",
        "addr:full": "Plot No: 3 & 4, Jayalaxmi Apartments, Beside Bajaj Electronics, Near Kondapur X Roads",
        "addr:postcode": "500084",
        "addr:state": "Telangana",
        "amenity": "hospital",
        "contact:phone": "04023119469; 40188229",
        "healthcare": "hospital",
        "name": "LEAF HOSPITAL",
        "operator:type": "private",
        "source": "OpenGovernmentData"
      },
      "geometry": {
        "type": "Point",
        "coordinates": [
          78.3673949,
          17.4629614
        ]
      },
      "id": "node/1215214084"
    },
    {
      "type": "Feature",
      "properties": {
        "@id": "node/1224523179",
        "amenity": "hospital",
        "emergency": "no",
        "healthcare": "hospital",
        "name": "Ambicare Hospital"
      },
      "geometry": {
        "type": "Point",
        "coordinates": [
          78.364084,
          17.4535178
        ]
      },
      "id": "node/1224523179"
    },
    {
      "type": "Feature",
      "properties": {
        "@id": "node/1435322433",
        "amenity": "hospital",
        "emergency": "yes",
        "name": "L.K. Diagnostic"
      },
      "geometry": {
        "type": "Point",
        "coordinates": [
          78.5354859,
          17.4512881
        ]
      },
      "id": "node/1435322433"
    },
    {
      "type": "Feature",
      "properties": {
        "@id": "node/1435322445",
        "addr:district": "Hyderabad",
        "addr:full": "4-159 & 4-172, Near Raghavendra Theatre, Maruthi Nagar, Malkajgiri",
        "addr:postcode": "500047",
        "addr:state": "Telangana",
        "amenity": "hospital",
        "emergency": "yes",
        "name": "L.K. Hospitals",
        "source": "OpenGovernmentData"
      },
      "geometry": {
        "type": "Point",
        "coordinates": [
          78.5352525,
          17.4513853
        ]
      },
      "id": "node/1435322445"
    },
    {
      "type": "Feature",
      "properties": {
        "@id": "node/1438252866",
        "amenity": "hospital",
        "emergency": "yes",
        "name": "Dental Hospital"
      },
      "geometry": {
        "type": "Point",
        "coordinates": [
          78.5311968,
          17.451435
        ]
      },
      "id": "node/1438252866"
    },
    {
      "type": "Feature",
      "properties": {
        "@id": "node/1504756065",
        "amenity": "hospital",
        "healthcare": "hospital",
        "healthcare:speciality": "paediatrics",
        "name": "Lakshmi Childrens Hospital"
      },
      "geometry": {
        "type": "Point",
        "coordinates": [
          78.5301893,
          17.3688309
        ]
      },
      "id": "node/1504756065"
    },
    {
      "type": "Feature",
      "properties": {
        "@id": "node/1553576934",
        "addr:district": "Hyderabad",
        "addr:full": "3-5-836/1 to 3-5-838, Old MLA Quarters Road, Hyderguda",
        "addr:postcode": "500029",
        "addr:state": "Telangana",
        "amenity": "hospital",
        "emergency": "yes",
        "fax": "23388399",
        "name": "Apollo Emergency Hospital",
        "name:te": "అపోలో ఎమర్జెన్సీ హాస్పిటల్",
        "source": "OpenGovernmentData"
      },
      "geometry": {
        "type": "Point",
        "coordinates": [
          78.4792005,
          17.3993955
        ]
      },
      "id": "node/1553576934"
    },
    {
      "type": "Feature",
      "properties": {
        "@id": "node/1598149460",
        "addr:district": "Hyderabad",
        "addr:full": "11-9-46, Sri Sai Shivani Complex, Opposite P.V.T Market, Kothapet 'X' Road, New Nagole Main Road, Dilsukhnagar, Laxmi Nagar Colony, Kothapet",
        "addr:postcode": "500060",
        "addr:state": "Telangana",
        "amenity": "hospital",
        "healthcare": "hospital",
        "healthcare:speciality": "multi speciality",
        "medical_system": "Allopathic",
        "name": "Omni Hospital",
        "operator:type": "private",
        "phone": "040 49871690;040 67369999",
        "source": "OpenGovernmentData",
        "website": "https://omnihospitals.in/"
      },
      "geometry": {
        "type": "Point",
        "coordinates": [
          78.5387483,
          17.3684777
        ]
      },
      "id": "node/1598149460"
    },
    {
      "type": "Feature",
      "properties": {
        "@id": "node/1702266641",
        "amenity": "hospital",
        "healthcare": "hospital",
        "name": "haritha hospitals"
      },
      "geometry": {
        "type": "Point",
        "coordinates": [
          78.3660584,
          17.4696017
        ]
      },
      "id": "node/1702266641"
    },
    {
      "type": "Feature",
      "properties": {
        "@id": "node/1883475928",
        "amenity": "hospital",
        "emergency": "no",
        "name": "Care Clinic",
        "name:te": "కేర్ క్లినిక్"
      },
      "geometry": {
        "type": "Point",
        "coordinates": [
          78.4481619,
          17.4206569
        ]
      },
      "id": "node/1883475928"
    },
    {
      "type": "Feature",
      "properties": {
        "@id": "node/1985544651",
        "addr:district": "Hyderabad",
        "addr:full": "JNTU Road, Near Malaysian Town Ship Circle, KPHB Colony, Kukatpally",
        "addr:postcode": "500072",
        "addr:state": "Telangana",
        "amenity": "hospital",
        "contact:mobile": "9160016230",
        "designation": "Multi Specialty Hospital",
        "emergency": "yes",
        "health_facility:type": "ICU Facilities; 24 7 Pharmacy; Ambulance; Radiology and Imaging; Laboratories Services",
        "healthcare:speciality": "Dermatology; ENT; General Medice; Gynaecology and Obstetrics; Nephrology; Neuro Surgery; Plastic Surgery; Pediatric; Physiotherapy",
        "medical_system": "Allopathic",
        "name": "Anupama Hospital",
        "operator:type": "private",
        "source": "OpenGovernmentData",
        "website": "https://anupamahospitals.com/"
      },
      "geometry": {
        "type": "Point",
        "coordinates": [
          78.3903262,
          17.4856038
        ]
      },
      "id": "node/1985544651"
    },
    {
      "type": "Feature",
      "properties": {
        "@id": "node/2052640886",
        "amenity": "hospital",
        "emergency": "no",
        "name": "Anu Test Tube Centre"
      },
      "geometry": {
        "type": "Point",
        "coordinates": [
          78.4602059,
          17.4217792
        ]
      },
      "id": "node/2052640886"
    },
    {
      "type": "Feature",
      "properties": {
        "@id": "node/2192962541",
        "addr:district": "Hyderabad",
        "addr:full": "5-9-24/81, Lake Hill Road, Basheerbagh",
        "addr:postcode": "500029",
        "addr:state": "Telangana",
        "amenity": "hospital",
        "email": "info@hopechildrenshospital.com",
        "fax": "040 23261098",
        "healthcare:speciality": "Pediatric Super Specialities;Pediatric Surgeries;General Pediatrics;Pediatric Dentistry;Department of Nutrition",
        "medical_system": "Allopathic",
        "name": "Hope Children's Hospital",
        "name:te": "హోప్ పిల్లల అసృపతి",
        "operator:type": "private",
        "phone": "040 23223782;040 23223792;040 66069000",
        "source": "OpenGovernmentData",
        "website": "https://hopechildrenshospital.com/"
      },
      "geometry": {
        "type": "Point",
        "coordinates": [
          78.4738814,
          17.4064283
        ]
      },
      "id": "node/2192962541"
    },
    {
      "type": "Feature",
      "properties": {
        "@id": "node/2208162453",
        "addr:district": "Hyderabad",
        "addr:full": "6-3-1111/19, NISHATH BAGH, BEGUMPET",
        "addr:postcode": "500016",
        "addr:state": "Telangana",
        "amenity": "hospital",
        "contact:phone": "23402417",
        "name": "Swapna Health Care",
        "operator:type": "private",
        "source": "OpenGovernmentData"
      },
      "geometry": {
        "type": "Point",
        "coordinates": [
          78.4567382,
          17.4291646
        ]
      },
      "id": "node/2208162453"
    },
    {
      "type": "Feature",
      "properties": {
        "@id": "node/2217950153",
        "addr:city": "Hyderabad",
        "addr:full": "H.No: 11-13-201/33, ROAD NO. 4, KOTHAPET, DILSUKHNAGAR, BESIDE CMR SHOPPING MALL, OPPOSITE WHITE HOUSE",
        "addr:postcode": "500065",
        "addr:state": "Telangana",
        "amenity": "hospital",
        "contact:phone": "4030108108",
        "name": "OZONE HOSPITALS",
        "operator:type": "private",
        "source": "OpenGovernmentData"
      },
      "geometry": {
        "type": "Point",
        "coordinates": [
          78.5450683,
          17.3594287
        ]
      },
      "id": "node/2217950153"
    },
    {
      "type": "Feature",
      "properties": {
        "@id": "node/2352095456",
        "addr:district": "Hyderabad",
        "addr:full": "6 - 3 - 661, Sangeet Nagar, Somajiguda",
        "addr:postcode": "500082",
        "addr:state": "Telangana",
        "addr:street": "Red rose restaurant lane",
        "amenity": "hospital",
        "email": "aigindiainfo@yahoo.co.in",
        "health_facility:type": "Out patient service;Endoscopy services;Day care services;In patient services including intensive care unit;Specialized procedures;",
        "healthcare": "hospital",
        "healthcare:speciality": "Anaesthesiology; Bio Chemistry;Gastroenterology; Hepatology; Interventional Radiology; Micro Biology; Pathology; Radiology; Surgical Gastroenterology; Transfusion Medicine",
        "medical_system": "Allopathic",
        "name": "Asian Institute of Gastroenterology",
        "operator:type": "private",
        "phone": "040 23378888",
        "source": "OpenGovernmentData",
        "website": "www.aigindia.net"
      },
      "geometry": {
        "type": "Point",
        "coordinates": [
          78.4566557,
          17.4211366
        ]
      },
      "id": "node/2352095456"
    },
    {
      "type": "Feature",
      "properties": {
        "@id": "node/2354679489",
        "amenity": "hospital",
        "emergency": "no",
        "name": "Matpathy Clinic"
      },
      "geometry": {
        "type": "Point",
        "coordinates": [
          78.3922011,
          17.4068493
        ]
      },
      "id": "node/2354679489"
    },
    {
      "type": "Feature",
      "properties": {
        "@id": "node/2428125212",
        "amenity": "hospital",
        "check_date": "2024-03-16",
        "healthcare": "clinic",
        "name": "Lucid Clinic"
      },
      "geometry": {
        "type": "Point",
        "coordinates": [
          78.3911608,
          17.4979039
        ]
      },
      "id": "node/2428125212"
    },
    {
      "type": "Feature",
      "properties": {
        "@id": "node/2429955121",
        "addr:district": "Hyderabad",
        "addr:full": "Nalgonda 'X' Roads, Malakpet",
        "addr:postcode": "500036",
        "addr:state": "Telangana",
        "amenity": "hospital",
        "contact:email": "malakpet@yashodamail.com",
        "contact:phone": "040 45674567; 040 2455 6257",
        "emergency": "yes",
        "fax": "040 24545690",
        "health_facility:type": "Surgical Suites;Trauma Center;Intensive Care Units;Surgical Observation Unit;Rehabilitation Services Department",
        "healthcare": "hospital",
        "healthcare:speciality": "multi specialty",
        "medical_system": "Allopathic",
        "name": "Yashoda Super Speciality Hospital",
        "name:ur": "یاشودہ اسپتال",
        "operator:type": "private",
        "source": "OpenGovernmentData",
        "website": "https://www.yashodahospitals.com/"
      },
      "geometry": {
        "type": "Point",
        "coordinates": [
          78.4998723,
          17.3746556
        ]
      },
      "id": "node/2429955121"
    },
    {
      "type": "Feature",
      "properties": {
        "@id": "node/2583708951",
        "amenity": "hospital",
        "name": "Tarnaka Flyover;TGSRTC Hospital",
        "place": "locality"
      },
      "geometry": {
        "type": "Point",
        "coordinates": [
          78.5306786,
          17.4255371
        ]
      },
      "id": "node/2583708951"
    },
    {
      "type": "Feature",
      "properties": {
        "@id": "node/2607590422",
        "addr:district": "Hyderabad",
        "addr:full": "6-3-652-2, Nova ENT Complex, Near Erramanjil Metro Station, Somajiguda",
        "addr:housename": "somajiguda",
        "addr:postcode": "500082",
        "addr:state": "Telangana",
        "amenity": "hospital",
        "contact:mobile": "+91 - 9391711122",
        "medical_system": "Allopathic",
        "name": "Nova ENT Hospital",
        "operator:type": "private",
        "phone": "040 23322444",
        "source": "OpenGovernmentData",
        "website": "https://novaenthospital.com/"
      },
      "geometry": {
        "type": "Point",
        "coordinates": [
          78.457264,
          17.4184365
        ]
      },
      "id": "node/2607590422"
    },
    {
      "type": "Feature",
      "properties": {
        "@id": "node/2632328586",
        "addr:district": "Hyderabad",
        "addr:full": "MIG - 1/496, Road No 4 , Beside Venkateswara Swamy Temple , Kphb Colony",
        "addr:postcode": "500072",
        "addr:state": "Telangana",
        "amenity": "hospital",
        "check_date": "2024-03-16",
        "name": "Mamata Nursing Home",
        "source": "OpenGovernmentData"
      },
      "geometry": {
        "type": "Point",
        "coordinates": [
          78.3959947,
          17.4888555
        ]
      },
      "id": "node/2632328586"
    },
    {
      "type": "Feature",
      "properties": {
        "@id": "node/2710949939",
        "addr:district": "Hyderabad",
        "addr:full": "5-9-47/4, Basheer Bagh, Behind Mangatrai Jewellers",
        "addr:postcode": "500063",
        "addr:state": "Telangana",
        "amenity": "hospital",
        "healthcare": "hospital",
        "name": "Kirloskar Hospital",
        "name:te": "కిర్లోస్కర్ హాస్పిటల్",
        "source": "OpenGovernmentData",
        "wikidata": "Q52856792"
      },
      "geometry": {
        "type": "Point",
        "coordinates": [
          78.4753627,
          17.4036074
        ]
      },
      "id": "node/2710949939"
    },
    {
      "type": "Feature",
      "properties": {
        "@id": "node/2712623077",
        "amenity": "hospital",
        "name": "ramesh eye care"
      },
      "geometry": {
        "type": "Point",
        "coordinates": [
          78.4894972,
          17.4089088
        ]
      },
      "id": "node/2712623077"
    },
    {
      "type": "Feature",
      "properties": {
        "@id": "node/2712662990",
        "addr:district": "Hyderabad",
        "addr:full": "Plot No.9, Near Sub-Register Office, Gandhi Nagar",
        "addr:postcode": "500080",
        "addr:state": "Telangana",
        "amenity": "hospital",
        "contact:phone": "27618442",
        "name": "Tapadia Medical Centre's Eashwar Lakshmi Hospital",
        "operator:type": "private",
        "source": "OpenGovernmentData"
      },
      "geometry": {
        "type": "Point",
        "coordinates": [
          78.4888572,
          17.4118751
        ]
      },
      "id": "node/2712662990"
    },
    {
      "type": "Feature",
      "properties": {
        "@id": "node/2715310633",
        "amenity": "hospital",
        "healthcare": "hospital",
        "name": "K Prakash Rao (eye specialist)"
      },
      "geometry": {
        "type": "Point",
        "coordinates": [
          78.4816422,
          17.4073049
        ]
      },
      "id": "node/2715310633"
    },
    {
      "type": "Feature",
      "properties": {
        "@id": "node/2715310996",
        "addr:district": "Hyderabad",
        "addr:full": "1-2-33/2, Domalguda",
        "addr:postcode": "500029",
        "addr:state": "Telangana",
        "amenity": "hospital",
        "name": "Radha Rani Nursing Home",
        "source": "OpenGovernmentData"
      },
      "geometry": {
        "type": "Point",
        "coordinates": [
          78.4821099,
          17.40696
        ]
      },
      "id": "node/2715310996"
    },
    {
      "type": "Feature",
      "properties": {
        "@id": "node/2779844594",
        "amenity": "hospital",
        "name": "Dental Care",
        "name:te": "డెంటల్ కేర్"
      },
      "geometry": {
        "type": "Point",
        "coordinates": [
          78.4852768,
          17.4103854
        ]
      },
      "id": "node/2779844594"
    },
    {
      "type": "Feature",
      "properties": {
        "@id": "node/2835226156",
        "addr:district": "Hyderabad",
        "addr:full": "Plot No: 170, Kalyan Nagar(Venture III), Mothi Nagar 'X' Roads",
        "addr:postcode": "500018",
        "addr:state": "Telangana",
        "amenity": "hospital",
        "healthcare": "hospital",
        "name": "Sri Bhargavi Hospital",
        "source": "OpenGovernmentData"
      },
      "geometry": {
        "type": "Point",
        "coordinates": [
          78.4208721,
          17.4511937
        ]
      },
      "id": "node/2835226156"
    },
    {
      "type": "Feature",
      "properties": {
        "@id": "node/2835658220",
        "addr:city": "hyderabad",
        "addr:district": "Hyderabad",
        "addr:full": "Plot No. 128A, Phase III , Kalyan Nagar, Moti Nagar",
        "addr:postcode": "500018",
        "addr:state": "Telangana",
        "addr:street": "sriram nagar road",
        "amenity": "hospital",
        "healthcare": "hospital",
        "name": "Jaiswal Multi Speciality Hospitals",
        "source": "OpenGovernmentData"
      },
      "geometry": {
        "type": "Point",
        "coordinates": [
          78.4224934,
          17.4510973
        ]
      },
      "id": "node/2835658220"
    },
    {
      "type": "Feature",
      "properties": {
        "@id": "node/2835659213",
        "amenity": "hospital",
        "name": "Government Ayurvedic Hospital",
        "opening_hours": "Mo-Su 09:00-12:00",
        "phone": "040-24512927"
      },
      "geometry": {
        "type": "Point",
        "coordinates": [
          78.4337319,
          17.4480669
        ]
      },
      "id": "node/2835659213"
    },
    {
      "type": "Feature",
      "properties": {
        "@id": "node/3159027236",
        "addr:district": "Hyderabad",
        "addr:full": "D.Number 8-3-214/18, Srinivasa Colony West, Ameerpet",
        "addr:postcode": "500038",
        "addr:state": "Telangana",
        "amenity": "hospital",
        "fax": "040 23732617",
        "healthcare": "hospital",
        "medical_system": "Allopathic",
        "name": "Raghava Multi Speciality Hospital",
        "operator:type": "private",
        "phone": "040 23732617; 040 23732453; 040 55108329",
        "source": "OpenGovernmentData",
        "wheelchair": "yes"
      },
      "geometry": {
        "type": "Point",
        "coordinates": [
          78.4420946,
          17.4388238
        ]
      },
      "id": "node/3159027236"
    },
    {
      "type": "Feature",
      "properties": {
        "@id": "node/3159027238",
        "addr:district": "Hyderabad",
        "addr:full": "8-3-214/2, Maruthy Mansion, Srinivasa Colony (West), Ameerpet, Opposite S.R Nagar ICICI Bank",
        "addr:postcode": "500038",
        "addr:state": "Telangana",
        "amenity": "hospital",
        "contact:mobile": "9246800810",
        "emergency_telephone_code": "040 66771566",
        "health_facility:type": "24 Hours Ambulance Services; Diagnostic Center; Pharmacy",
        "healthcare": "hospital",
        "healthcare:speciality": "Cardiology; Dermatology; Diabetology; Orthopedics; Gynecology; Nephrology; Pulmonology; Oncology; General Surgery; ENT; Neurology; Paediatrics Urology; Physiotherapy",
        "medical_system": "Allopathic",
        "name": "VCARE Hospitals",
        "operator:type": "private",
        "phone": "040 66771566",
        "source": "OpenGovernmentData",
        "website": "https://www.vcarehospitals.in/"
      },
      "geometry": {
        "type": "Point",
        "coordinates": [
          78.4425646,
          17.4385124
        ]
      },
      "id": "node/3159027238"
    },
    {
      "type": "Feature",
      "properties": {
        "@id": "node/3166260336",
        "amenity": "hospital",
        "healthcare": "hospital",
        "name": "Deepthi Diagnostics"
      },
      "geometry": {
        "type": "Point",
        "coordinates": [
          78.4406383,
          17.4390074
        ]
      },
      "id": "node/3166260336"
    },
    {
      "type": "Feature",
      "properties": {
        "@id": "node/3200948738",
        "amenity": "hospital",
        "healthcare": "hospital",
        "name": "Healthcare Hospitals"
      },
      "geometry": {
        "type": "Point",
        "coordinates": [
          78.549763,
          17.345698
        ]
      },
      "id": "node/3200948738"
    },
    {
      "type": "Feature",
      "properties": {
        "@id": "node/3207060834",
        "addr:city": "Hyderabad",
        "addr:full": "Plot No 34 & 35, Sardar Patel Nagar, Nizampet X Road",
        "addr:postcode": "500072",
        "addr:state": "Telangana",
        "amenity": "hospital",
        "check_date": "2024-03-16",
        "contact:phone": "040-42466666,040-40203020",
        "healthcare": "hospital",
        "name": "Cygnus Institute of Gastroenterology Centre",
        "operator:type": "private",
        "source": "OpenGovernmentData",
        "website": "https://cygnusgastro.com/"
      },
      "geometry": {
        "type": "Point",
        "coordinates": [
          78.3901045,
          17.4976626
        ]
      },
      "id": "node/3207060834"
    },
    {
      "type": "Feature",
      "properties": {
        "@id": "node/3384203436",
        "amenity": "hospital",
        "name": "hospital"
      },
      "geometry": {
        "type": "Point",
        "coordinates": [
          78.5542584,
          17.3526774
        ]
      },
      "id": "node/3384203436"
    },
    {
      "type": "Feature",
      "properties": {
        "@id": "node/3390837564",
        "amenity": "hospital"
      },
      "geometry": {
        "type": "Point",
        "coordinates": [
          78.5104248,
          17.3940456
        ]
      },
      "id": "node/3390837564"
    },
    {
      "type": "Feature",
      "properties": {
        "@id": "node/3390967828",
        "addr:district": "Hyderabad",
        "addr:full": "Plot No.: 43, Gajularamaram Road, Shapur Nagar",
        "addr:postcode": "500055",
        "addr:state": "Telangana",
        "addr:street": "gajuularamaram road",
        "amenity": "hospital",
        "name": "Carewell Diabetes and General Hospital",
        "source": "OpenGovernmentData"
      },
      "geometry": {
        "type": "Point",
        "coordinates": [
          78.4469461,
          17.5113399
        ]
      },
      "id": "node/3390967828"
    },
    {
      "type": "Feature",
      "properties": {
        "@id": "node/3391103941",
        "addr:district": "Hyderabad",
        "addr:full": "22-4/1, Apiic Colony, Near Sub Station, IDA Jeedimetla",
        "addr:postcode": "500055",
        "addr:state": "Telangana",
        "addr:street": "substation",
        "amenity": "hospital",
        "healthcare": "hospital",
        "name": "Sigma Hospitals",
        "source": "OpenGovernmentData"
      },
      "geometry": {
        "type": "Point",
        "coordinates": [
          78.4431753,
          17.5220823
        ]
      },
      "id": "node/3391103941"
    },
    {
      "type": "Feature",
      "properties": {
        "@id": "node/3506878894",
        "addr:district": "Hyderabad",
        "addr:full": "Sai Ranga Towers, North Lallaguda, Tukaram Gate",
        "addr:postcode": "500026",
        "addr:state": "Telangana",
        "amenity": "hospital",
        "building": "yes",
        "email": "meenahospital@yahoo.com",
        "name": "Meena Hospital",
        "phone": "040 2773 0674",
        "source": "OpenGovernmentData",
        "website": "www.meenahospital.in"
      },
      "geometry": {
        "type": "Point",
        "coordinates": [
          78.5218514,
          17.44165
        ]
      },
      "id": "node/3506878894"
    },
    {
      "type": "Feature",
      "properties": {
        "@id": "node/3533084115",
        "addr:district": "Hyderabad",
        "addr:full": "H. No: 11-4-523, Near Gandhi Statue and Chilkalguda Bus Stop, Chilkalguda, Secunderabad",
        "addr:postcode": "500025",
        "addr:state": "Telangana",
        "amenity": "hospital",
        "contact:email": "info@lifespring.in",
        "contact:phone": "+91 7893851613",
        "healthcare": "hospital",
        "name": "Life Spring Hospitals",
        "source": "OpenGovernmentData"
      },
      "geometry": {
        "type": "Point",
        "coordinates": [
          78.5120703,
          17.4289946
        ]
      },
      "id": "node/3533084115"
    },
    {
      "type": "Feature",
      "properties": {
        "@id": "node/3534837998",
        "addr:district": "Hyderabad",
        "addr:full": "1-1-216, Suraram'X' Roads, Jeedimetla",
        "addr:postcode": "500055",
        "addr:state": "Telangana",
        "amenity": "hospital",
        "contact:mobile": "040 23783000; 09676902111",
        "emergency_telephone_code": "040 23783026;040 23783030",
        "health_facility:type": "24 7 Emergency;Laboratory;Dialysis;Radiology;Pharmacy;Ambulance;Blood Bank;Radio diagnosis and Imaging;4 Operation Theatres;2 Cath Labs;EEG;ENMG;ECG;Echo;Doppler;MRI;CT Scan;Ultrasound;X ray;Endoscopy;Colonoscopy",
        "healthcare:speciality": "multi specialty",
        "medical_system": "Allopathic",
        "name": "Malla Reddy Narayana Multispeciality Hospital",
        "operator:type": "private",
        "phone": "040 23783001;040 23783002",
        "source": "OpenGovernmentData",
        "website": "https://www.narayanahealth.org/"
      },
      "geometry": {
        "type": "Point",
        "coordinates": [
          78.4333819,
          17.5439866
        ]
      },
      "id": "node/3534837998"
    },
    {
      "type": "Feature",
      "properties": {
        "@id": "node/3541446144",
        "amenity": "hospital",
        "name": "Saraswathi Nursing Home"
      },
      "geometry": {
        "type": "Point",
        "coordinates": [
          78.3916108,
          17.4160221
        ]
      },
      "id": "node/3541446144"
    },
    {
      "type": "Feature",
      "properties": {
        "@id": "node/3598267888",
        "amenity": "hospital",
        "emergency": "no",
        "name": "Janapareddy Hospital"
      },
      "geometry": {
        "type": "Point",
        "coordinates": [
          78.4904751,
          17.4631717
        ]
      },
      "id": "node/3598267888"
    },
    {
      "type": "Feature",
      "properties": {
        "@id": "node/3619348034",
        "amenity": "hospital",
        "healthcare": "hospital",
        "name": "Apoolo Clinic"
      },
      "geometry": {
        "type": "Point",
        "coordinates": [
          78.3660837,
          17.4599321
        ]
      },
      "id": "node/3619348034"
    },
    {
      "type": "Feature",
      "properties": {
        "@id": "node/3640604684",
        "addr:city": "Hyderabad",
        "addr:postcode": "500055",
        "addr:street": "Gajularamaram Road",
        "amenity": "hospital",
        "healthcare": "hospital",
        "healthcare:speciality": "paediatrics",
        "name": "Childrens Hospital"
      },
      "geometry": {
        "type": "Point",
        "coordinates": [
          78.4388993,
          17.516119
        ]
      },
      "id": "node/3640604684"
    },
    {
      "type": "Feature",
      "properties": {
        "@id": "node/3943900977",
        "amenity": "hospital",
        "fixme": "add correct type of hospital",
        "name": "ayurvedic clinic"
      },
      "geometry": {
        "type": "Point",
        "coordinates": [
          78.448595,
          17.398766
        ]
      },
      "id": "node/3943900977"
    },
    {
      "type": "Feature",
      "properties": {
        "@id": "node/3943909643",
        "amenity": "hospital",
        "name": "The crescent hospital"
      },
      "geometry": {
        "type": "Point",
        "coordinates": [
          78.4458137,
          17.3985187
        ]
      },
      "id": "node/3943909643"
    },
    {
      "type": "Feature",
      "properties": {
        "@id": "node/4366549489",
        "amenity": "hospital",
        "healthcare": "hospital",
        "name:en": "South Central Railway Central Hospital Lallaguda"
      },
      "geometry": {
        "type": "Point",
        "coordinates": [
          78.521976,
          17.4377225
        ]
      },
      "id": "node/4366549489"
    },
    {
      "type": "Feature",
      "properties": {
        "@id": "node/4413453793",
        "addr:city": "TOLICHOWKI",
        "addr:postcode": "500008",
        "addr:street": "BADDAM BALREDDY NAGAR",
        "amenity": "hospital",
        "description": "RELIEF HOSPITAL",
        "emergency": "no",
        "healthcare": "hospital",
        "name": "RELIEF HOSPITAL"
      },
      "geometry": {
        "type": "Point",
        "coordinates": [
          78.4161649,
          17.3983822
        ]
      },
      "id": "node/4413453793"
    },
    {
      "type": "Feature",
      "properties": {
        "@id": "node/4416373792",
        "addr:district": "Hyderabad",
        "addr:full": "1-1-380/3, Gandhi Nagar, Ashok Nagar 'X' Roads",
        "addr:postcode": "500080",
        "addr:state": "Telangana",
        "amenity": "hospital",
        "name": "Jagadamba Hospitals",
        "source": "OpenGovernmentData"
      },
      "geometry": {
        "type": "Point",
        "coordinates": [
          78.4904614,
          17.4115391
        ]
      },
      "id": "node/4416373792"
    },
    {
      "type": "Feature",
      "properties": {
        "@id": "node/4417145293",
        "amenity": "hospital",
        "name": "med plus",
        "name:en": "med plus"
      },
      "geometry": {
        "type": "Point",
        "coordinates": [
          78.4893402,
          17.4045834
        ]
      },
      "id": "node/4417145293"
    },
    {
      "type": "Feature",
      "properties": {
        "@id": "node/4419091498",
        "amenity": "hospital",
        "name": "Century hospital",
        "name:en": "Century hospital"
      },
      "geometry": {
        "type": "Point",
        "coordinates": [
          78.4442572,
          17.4072675
        ]
      },
      "id": "node/4419091498"
    },
    {
      "type": "Feature",
      "properties": {
        "@id": "node/4422254585",
        "amenity": "hospital",
        "healthcare": "hospital",
        "name": "Blood Bank"
      },
      "geometry": {
        "type": "Point",
        "coordinates": [
          78.4139937,
          17.4249205
        ]
      },
      "id": "node/4422254585"
    },
    {
      "type": "Feature",
      "properties": {
        "@id": "node/4431246690",
        "amenity": "hospital",
        "name": "Med plus",
        "name:en": "Med plus"
      },
      "geometry": {
        "type": "Point",
        "coordinates": [
          78.4893121,
          17.4044822
        ]
      },
      "id": "node/4431246690"
    },
    {
      "type": "Feature",
      "properties": {
        "@id": "node/4432377490",
        "addr:district": "Hyderabad",
        "addr:full": "8-2-703, ROAD NO 12, BANJARA HILLS",
        "addr:postcode": "500034",
        "addr:state": "Telangana",
        "amenity": "hospital",
        "contact:email": "info@centuryhospital.in",
        "contact:phone": "33133333",
        "name": "CENTURY SUPER SPECIALITY HOSPITAL",
        "name:en": "Century hospital",
        "operator:type": "private",
        "source": "OpenGovernmentData",
        "website": "https://www.centuryhospital.in/"
      },
      "geometry": {
        "type": "Point",
        "coordinates": [
          78.4447338,
          17.4072495
        ]
      },
      "id": "node/4432377490"
    },
    {
      "type": "Feature",
      "properties": {
        "@id": "node/4436525395",
        "addr:district": "Hyderabad",
        "addr:full": "3-6-611, Street Number 8, Himayath Nagar",
        "addr:postcode": "500029",
        "addr:state": "Telangana",
        "amenity": "hospital",
        "fax": "040 30008222",
        "health_facility:type": "Separate Divisions for Each Speciality;State Of The Art Operation Theatres;Post Op Lounge with Beds;Advanced Eye Care Equipment;Complete Range of Optical Frames and Lenses;Exclusive Childrens Eye Care;24 7 Pharmacy;Ambulance Services",
        "healthcare:speciality": "Cataract Services;Refractive Surgery;Cornea Services;Glaucoma Services;Retina Services;Paediatric Ophthalmology and Squint Services;Oculoplasty Services;UVEITIS;Neuro Ophthalmology;Vision Rehabilitation Services;Computer Vision Syndrome Clinic",
        "medical_system": "Allopathic",
        "name": "Vasan Healthcare Private Limited, Himayath Nagar",
        "name:en": "Vasan eye care",
        "name:te": "వాసన్ హెల్త్ కేర్ ప్రైవేట్ లిమిటెడ్, హిమాయత్ నగర్",
        "operator:type": "private",
        "phone": "040 30008299",
        "source": "OpenGovernmentData",
        "website": "https://vasaneye.com/"
      },
      "geometry": {
        "type": "Point",
        "coordinates": [
          78.4875706,
          17.4009037
        ]
      },
      "id": "node/4436525395"
    },
    {
      "type": "Feature",
      "properties": {
        "@id": "node/4451580789",
        "amenity": "hospital"
      },
      "geometry": {
        "type": "Point",
        "coordinates": [
          78.4488484,
          17.4269993
        ]
      },
      "id": "node/4451580789"
    },
    {
      "type": "Feature",
      "properties": {
        "@id": "node/4482541490",
        "addr:district": "Hyderabad",
        "addr:full": "Shop Number 6-3-562/A, Behind MORE Megastore, Erram Manzil Colony, Somajiguda",
        "addr:postcode": "500082",
        "addr:state": "Telangana",
        "addr:street": "Anand Nagar Entrance Road",
        "amenity": "hospital",
        "email": "info@ainuindia.org",
        "health_facility:type": "Tertiary Care Unit;Operating Wards;State of the art Equipment;ICU;Day Care Ward and Comprehensive Diagnostics Support Facilities",
        "healthcare": "hospital",
        "healthcare:speciality": "nephrology;urology",
        "medical_system": "Allopathic",
        "name": "Asian Institute of Nephrology and Urology",
        "name:en": "AINU (Asian Institute of Nephrology & Urology)",
        "opening_hours": "24/7",
        "operator:type": "private",
        "phone": "040 67313131",
        "source": "OpenGovernmentData",
        "website": "https://ainuindia.org/"
      },
      "geometry": {
        "type": "Point",
        "coordinates": [
          78.4534763,
          17.4166539
        ]
      },
      "id": "node/4482541490"
    },
    {
      "type": "Feature",
      "properties": {
        "@id": "node/4486660717",
        "addr:district": "Hyderabad",
        "addr:full": "7-1-71/A/1, Dharam Karam Road, Ameerpet",
        "addr:postcode": "500016",
        "addr:state": "Telangana",
        "amenity": "hospital",
        "contact:email": "info@challahospital.com",
        "contact:mobile": "9441318181",
        "health_facility:type": "Multi Speciality OPD;Five Major Operation Theatres;Septic Operation Theatre;Post Op Ward;Neonatal ICU;Critical Care Unit;Critical Care Unit;Psychological Consultation",
        "healthcare:speciality": "multi specialty",
        "medical_system": "Allopathic",
        "name": "Challa Hospital",
        "name:te": "చల్లా హస్పిటల్",
        "operator:type": "private",
        "phone": "040 23744444;040 23731215;040 23731515;040 23734182",
        "source": "OpenGovernmentData",
        "website": "https://challahospital.com/"
      },
      "geometry": {
        "type": "Point",
        "coordinates": [
          78.450794,
          17.4396192
        ]
      },
      "id": "node/4486660717"
    },
    {
      "type": "Feature",
      "properties": {
        "@id": "node/4517094891",
        "addr:district": "Hyderabad",
        "addr:full": "3-8-264&264/1&3, Opp VIJAYA LAXMI THEATRE, CHANDRAPURI COLONY, L.B NAGAR",
        "addr:postcode": "500074",
        "addr:state": "Telangana",
        "addr:street": "LB Nagar Junction",
        "amenity": "hospital",
        "emergency_telephone_code": "9966108108",
        "fax": "040 24114111",
        "health_facility:type": "ICU;Operation Theatres;Nuclear Medicine;Radiology;Pathology;Ambulance Service;Emergency Service",
        "healthcare": "hospital",
        "healthcare:speciality": "Cardiology;Neurology;Orthopedics;Gastroenterology;Hematology;Hematology;Joint Replacement;NeuroSurgery;ENT;Nephrology;Endocrinology;Cancer;Urology",
        "medical_system": "Allopathic",
        "name": "Shresta Orange Hospitals",
        "name:en": "Shresta Orange Hospitals",
        "name:te": "శ్రేష్ట ఆరెంజ్ హాస్పిటల్స్",
        "operator:type": "private",
        "phone": "040 24113111",
        "source": "OpenGovernmentData",
        "website": "http://orangehospitals.net"
      },
      "geometry": {
        "type": "Point",
        "coordinates": [
          78.5537805,
          17.3451071
        ]
      },
      "id": "node/4517094891"
    },
    {
      "type": "Feature",
      "properties": {
        "@id": "node/4576289992",
        "addr:district": "Hyderabad",
        "addr:full": "Chintalkunta Checkpost, opp:bharath petrol pump, L.B.Nagar",
        "addr:postcode": "500074",
        "addr:state": "Telangana",
        "addr:street": "chinthalkunta Singal",
        "amenity": "hospital",
        "contact:phone": "04024026244;9246446244",
        "email": "ammaeyecarehospital@gmail.com",
        "healthcare": "hospital",
        "name": "AMMA EYE CARE HOSPITAL",
        "name:te": "అమ్మ కంటి కేర్ హాస్పిటల్",
        "operator:type": "private",
        "source": "OpenGovernmentData",
        "website": "https://ammaeyecarehospital.com/"
      },
      "geometry": {
        "type": "Point",
        "coordinates": [
          78.5581563,
          17.3412305
        ]
      },
      "id": "node/4576289992"
    },
    {
      "type": "Feature",
      "properties": {
        "@id": "node/4576325189",
        "amenity": "hospital",
        "healthcare": "hospital",
        "name": "OXYGEN AND Medicity Hospital",
        "name:en": "OXYGEN AND Medicity Hospital",
        "name:te": "ఆక్సిజన్ అండ్ మెడిసిటీ హాస్పిటల్"
      },
      "geometry": {
        "type": "Point",
        "coordinates": [
          78.5576405,
          17.3416722
        ]
      },
      "id": "node/4576325189"
    },
    {
      "type": "Feature",
      "properties": {
        "@id": "node/4614311358",
        "addr:district": "Hyderabad",
        "addr:full": "SP Road, Near Begumpet Old Airport, Begumpet",
        "addr:postcode": "500016",
        "addr:state": "Telangana",
        "amenity": "hospital",
        "medical_system": "Allopathic",
        "name": "Pace Hospital",
        "operator:type": "private",
        "phone": "040 66171717; 040 27764646",
        "source": "OpenGovernmentData"
      },
      "geometry": {
        "type": "Point",
        "coordinates": [
          78.469498,
          17.4444782
        ]
      },
      "id": "node/4614311358"
    },
    {
      "type": "Feature",
      "properties": {
        "@id": "node/4625163789",
        "addr:street": "Chinthalkunta old check post",
        "amenity": "hospital",
        "healthcare": "hospital",
        "name": "Rainbow children Hospital",
        "name:en": "Rainbow children Hospital",
        "name:te": "రేన్‌బో చిల్డ్రన్ హాస్పిటల్"
      },
      "geometry": {
        "type": "Point",
        "coordinates": [
          78.5588085,
          17.3418162
        ]
      },
      "id": "node/4625163789"
    },
    {
      "type": "Feature",
      "properties": {
        "@id": "node/4665371689",
        "addr:district": "Hyderabad",
        "addr:full": "86, Near R.S. Brothers, Chandanagar, Serilingampally",
        "addr:postcode": "500050",
        "addr:state": "Telangana",
        "amenity": "hospital",
        "health_facility:type": "Separate Divisions for Each Speciality; State Of The Art Operation Theatres; Post Op Lounge with Beds; Advanced Eye Care Equipment; Complete Range of Optical Frames and Lenses; Exclusive Childrens Eye Care; 24 7 Pharmacy; Ambulance Services",
        "healthcare": "hospital",
        "healthcare:speciality": "Cataract Services; Refractive Surgery; Cornea Services; Glaucoma Services; Retina Services; Paediatric Ophthalmology and Squint Services; Oculoplasty Services; UVEITIS; Neuro Ophthalmology; Vision Rehabilitation Services; Computer Vision Syndrome Clinic",
        "medical_system": "Allopathic",
        "name": "Vasan Eye Care Hospital",
        "name:en": "Vasan Eye Care Hospital",
        "opening_hours": "Mo-Sa 09:00-20:00; Su 09:00-13:00",
        "operator:type": "private",
        "phone": "040 30124500",
        "source": "OpenGovernmentData",
        "website": "https://vasaneye.com/"
      },
      "geometry": {
        "type": "Point",
        "coordinates": [
          78.332226,
          17.4955259
        ]
      },
      "id": "node/4665371689"
    },
    {
      "type": "Feature",
      "properties": {
        "@id": "node/4679716389",
        "addr:full": "# 1-112 / 86, Survey No 5 / EE, Beside Andhra Bank, Near RTA Office,Kondapur, Serilingampally Mandal",
        "addr:postcode": "500084",
        "addr:state": "Telangana",
        "amenity": "hospital",
        "contact:phone": "040-67505050",
        "healthcare": "hospital",
        "name": "KIMS HOSPITAL",
        "name:en": "KIMS Hospitals",
        "operator:type": "private",
        "source": "OpenGovernmentData",
        "website": "www.kimshospitals.in"
      },
      "geometry": {
        "type": "Point",
        "coordinates": [
          78.3677443,
          17.466147
        ]
      },
      "id": "node/4679716389"
    },
    {
      "type": "Feature",
      "properties": {
        "@id": "node/4693614990",
        "amenity": "hospital",
        "healthcare": "hospital",
        "name": "Happy Children's Hospital",
        "name:en": "Happy Children's Hospital"
      },
      "geometry": {
        "type": "Point",
        "coordinates": [
          78.327984,
          17.4928587
        ]
      },
      "id": "node/4693614990"
    },
    {
      "type": "Feature",
      "properties": {
        "@id": "node/4695632089",
        "amenity": "hospital",
        "healthcare": "hospital",
        "name": "Vanaja Hospital",
        "name:en": "Vanaja Hospital"
      },
      "geometry": {
        "type": "Point",
        "coordinates": [
          78.3275773,
          17.4921861
        ]
      },
      "id": "node/4695632089"
    },
    {
      "type": "Feature",
      "properties": {
        "@id": "node/4711614465",
        "addr:block": "Hayatnagar",
        "addr:district": "Hyderabad",
        "addr:full": "Near Red Tank, Vanasthalipuram",
        "addr:postcode": "500070",
        "addr:state": "Telangana",
        "addr:street": "NGO's Colony",
        "addr:subdistrict": "Hayathnagar",
        "amenity": "hospital",
        "name": "Area Hospital, Vanasthalipuram",
        "source": "OpenGovernmentData"
      },
      "geometry": {
        "type": "Point",
        "coordinates": [
          78.563899,
          17.3289104
        ]
      },
      "id": "node/4711614465"
    },
    {
      "type": "Feature",
      "properties": {
        "@id": "node/4715099192",
        "addr:district": "Hyderabad",
        "addr:full": "241, Uma Plaza, Road No. 9, West Maredpally, Secunderabad",
        "addr:postcode": "500026",
        "addr:state": "Telangana",
        "alt_name": "Pushpagiri Vitreo Retinal Institute",
        "amenity": "hospital",
        "contact:email": "pvri.india@gmail.com",
        "contact:phone": "040-27804949/5959",
        "healthcare": "hospital",
        "name": "Pushpagiri Eye Institute",
        "shop": "optician",
        "source": "OpenGovernmentData",
        "website": "https://pvri.org"
      },
      "geometry": {
        "type": "Point",
        "coordinates": [
          78.5043433,
          17.4439091
        ]
      },
      "id": "node/4715099192"
    },
    {
      "type": "Feature",
      "properties": {
        "@id": "node/4716995091",
        "addr:city": "Hyderabad",
        "addr:full": "1-56/AH, National Highway 9, Beside Reliance Fresh, Madinaguda, Durga Estates, Miyapur",
        "addr:postcode": "500049",
        "addr:state": "Telangana",
        "amenity": "hospital",
        "contact:phone": "040 71071000",
        "healthcare": "hospital",
        "name": "Archana Hospital",
        "name:en": "Archana Hospital",
        "operator:type": "private",
        "source": "OpenGovernmentData",
        "website": "https://archanahospitals.com/"
      },
      "geometry": {
        "type": "Point",
        "coordinates": [
          78.337417,
          17.4959755
        ]
      },
      "id": "node/4716995091"
    },
    {
      "type": "Feature",
      "properties": {
        "@id": "node/4972310519",
        "addr:city": "Hyderabad",
        "addr:housenumber": "19-2-24/11/A/B",
        "addr:locality": "Ali Bagh",
        "addr:postcode": "500053",
        "amenity": "hospital",
        "name": "Health Care Clinic",
        "operator": "Dr.Rehan Siddiqui"
      },
      "geometry": {
        "type": "Point",
        "coordinates": [
          78.4599543,
          17.3448605
        ]
      },
      "id": "node/4972310519"
    },
    {
      "type": "Feature",
      "properties": {
        "@id": "node/5118590649",
        "addr:district": "Hyderabad",
        "addr:full": "1-4-908/7/1, Musheerabad",
        "addr:postcode": "500020",
        "addr:state": "Telangana",
        "amenity": "hospital",
        "contact:email": "info@carehospitals.com",
        "fax": "040 30219488",
        "healthcare:speciality": "multi speciality",
        "medical_system": "Allopathic",
        "name": "Guru Nanak Care Hospital",
        "operator:type": "private",
        "phone": "040 30219000;040 30219111;040 30219123",
        "source": "OpenGovernmentData",
        "website": "https://www.carehospitals.com/"
      },
      "geometry": {
        "type": "Point",
        "coordinates": [
          78.4979892,
          17.4153976
        ]
      },
      "id": "node/5118590649"
    },
    {
      "type": "Feature",
      "properties": {
        "@id": "node/5324874933",
        "addr:district": "Hyderabad",
        "addr:full": "# 8-3-833, Plot No:100, Phase 1, Kamalapuri Colony, Sri Nagar Colony",
        "addr:postcode": "500073",
        "addr:state": "Telangana",
        "amenity": "hospital",
        "contact:email": "hospitaltanvir@gmail.com",
        "healthcare": "hospital",
        "name": "Tanvir Hospital",
        "phone": "+91 9951911155",
        "source": "OpenGovernmentData",
        "website": "https://tanvirhospital.com/",
        "wikidata": "Q52843710"
      },
      "geometry": {
        "type": "Point",
        "coordinates": [
          78.4340161,
          17.4297764
        ]
      },
      "id": "node/5324874933"
    },
    {
      "type": "Feature",
      "properties": {
        "@id": "node/5405055776",
        "addr:district": "Hyderabad",
        "addr:full": "Plot Number 4, 5, 23 and 24, Gachibowli Stadium Main Road",
        "addr:postcode": "500032",
        "addr:state": "Telangana",
        "amenity": "hospital",
        "email": "info@himagirihospitals.com",
        "emergency_telephone_code": "040 23001111",
        "fax": "040 2300 4204",
        "healthcare": "hospital",
        "healthcare:speciality": "multi specialty",
        "medical_system": "Allopathic",
        "name": "Himagiri Hospital",
        "opening_hours": "Su 09:00-21:00",
        "operator:type": "private",
        "phone": "040 23004206;040 23004207;040 23004208;040 23004209",
        "source": "OpenGovernmentData",
        "website": "https://www.himagirihospitals.com/"
      },
      "geometry": {
        "type": "Point",
        "coordinates": [
          78.3587144,
          17.4422328
        ]
      },
      "id": "node/5405055776"
    },
    {
      "type": "Feature",
      "properties": {
        "@id": "node/5539102501",
        "addr:city": "Hyderabad",
        "addr:full": "H.No: 25-35/12/ 1, Opp: BEERAMGUDA KAMAN, RAMACHANDRAPURAM, MEDAK",
        "addr:postcode": "502032",
        "addr:state": "Telangana",
        "amenity": "hospital",
        "healthcare": "hospital",
        "name": "PANACEA MERIDIAN HOSPITAL",
        "opening_hours": "Mo-Su 09:00-21:00",
        "operator:type": "private",
        "source": "OpenGovernmentData"
      },
      "geometry": {
        "type": "Point",
        "coordinates": [
          78.300147,
          17.5087613
        ]
      },
      "id": "node/5539102501"
    },
    {
      "type": "Feature",
      "properties": {
        "@id": "node/5563162636",
        "addr:district": "Hyderabad",
        "addr:full": "Plot No. 33, Dharma Reddy Colony, KPHB Phase 2, Hydernagar, Kukatpally",
        "addr:postcode": "500072",
        "addr:state": "Telangana",
        "amenity": "hospital",
        "name": "S.V. Pooja Hospital",
        "source": "OpenGovernmentData"
      },
      "geometry": {
        "type": "Point",
        "coordinates": [
          78.384027,
          17.498762
        ]
      },
      "id": "node/5563162636"
    },
    {
      "type": "Feature",
      "properties": {
        "@id": "node/5608460083",
        "addr:district": "Hyderabad",
        "addr:full": "12-11-253, Prasad Hospitals, Warasiguda, Secunderabad",
        "addr:postcode": "500061",
        "addr:state": "Telangana",
        "amenity": "hospital",
        "health_facility:type": "ENT; General Surgery; General Medicine; Plastic Surgery; Dermatology; Obstetrics and Gynaecology; Infertility and IVF; Paediatrics; Orthopedics and Trauma; Anesthesia and Critical Care",
        "healthcare:speciality": "Ultrasound Workup; Human Embryo Biopsy; Intraterine Insemination IUI ; In Vitro Fertilization IVF ; Sperm Retrieval Assisted Hatching; Blastocyst Culture; Egg Donation; Embryo Donation",
        "medical_system": "Allopathic",
        "name": "Sri Devi Maternity & Nursing Home",
        "operator:type": "private",
        "phone": "040 27509124; 040 27500143",
        "source": "OpenGovernmentData"
      },
      "geometry": {
        "type": "Point",
        "coordinates": [
          78.5165968,
          17.4227862
        ]
      },
      "id": "node/5608460083"
    },
    {
      "type": "Feature",
      "properties": {
        "@id": "node/5637353960",
        "addr:district": "Hyderabad",
        "addr:full": "Door No. 17-1-380/E/28 & 32, C. E. Colony, Saidabad, Santosh Nagar",
        "addr:postcode": "500059",
        "addr:state": "Telangana",
        "amenity": "hospital",
        "medical_system": "Allopathic",
        "name": "Sri Srinivasa Hospital",
        "operator:type": "private",
        "phone": "040 24530557",
        "source": "OpenGovernmentData",
        "website": "http://www.srisrinivasahospital.com"
      },
      "geometry": {
        "type": "Point",
        "coordinates": [
          78.5078608,
          17.3506727
        ]
      },
      "id": "node/5637353960"
    },
    {
      "type": "Feature",
      "properties": {
        "@id": "node/5679345122",
        "amenity": "hospital",
        "name": "Sitara medical center"
      },
      "geometry": {
        "type": "Point",
        "coordinates": [
          78.4707124,
          17.3497123
        ]
      },
      "id": "node/5679345122"
    },
    {
      "type": "Feature",
      "properties": {
        "@id": "node/5773420134",
        "addr:district": "Hyderabad",
        "addr:full": "10-191/2, Vasanthpuri Colony, Malkajgiri",
        "addr:postcode": "500047",
        "addr:state": "Telangana",
        "amenity": "hospital",
        "name": "Anukrushna Hospitals",
        "source": "OpenGovernmentData"
      },
      "geometry": {
        "type": "Point",
        "coordinates": [
          78.5383502,
          17.446158
        ]
      },
      "id": "node/5773420134"
    },
    {
      "type": "Feature",
      "properties": {
        "@id": "node/5783995954",
        "addr:city": "Hyderabad",
        "addr:housename": "Plot No 204, Mythri Nagar",
        "addr:housenumber": "Madina Nagar",
        "addr:postcode": "500049",
        "addr:street": "Main Road, Miyapur",
        "amenity": "hospital",
        "name": "Raja Hospital"
      },
      "geometry": {
        "type": "Point",
        "coordinates": [
          78.3448275,
          17.4943337
        ]
      },
      "id": "node/5783995954"
    },
    {
      "type": "Feature",
      "properties": {
        "@id": "node/5876735151",
        "amenity": "hospital",
        "emergency": "yes",
        "name": "NIRD heatlth centre"
      },
      "geometry": {
        "type": "Point",
        "coordinates": [
          78.4045957,
          17.3140538
        ]
      },
      "id": "node/5876735151"
    },
    {
      "type": "Feature",
      "properties": {
        "@id": "node/6061219781",
        "addr:city": "Hyderabad",
        "addr:postcode": "500055",
        "addr:street": "suraram",
        "amenity": "hospital",
        "healthcare": "hospital",
        "name": "Malla Reddy Health City (MRHC)"
      },
      "geometry": {
        "type": "Point",
        "coordinates": [
          78.4326051,
          17.5454734
        ]
      },
      "id": "node/6061219781"
    },
    {
      "type": "Feature",
      "properties": {
        "@id": "node/6078227506",
        "addr:district": "Hyderabad",
        "addr:full": "7-2-1735, Opp. Voltas Company Private Ltd, Czech Colony, Sanath Nagar",
        "addr:postcode": "500018",
        "addr:state": "Telangana",
        "addr:street": "Czech colony",
        "amenity": "hospital",
        "health_facility:type": "Ambulance Service;Home Visit;Availability of Specialist Doctors;24 hours On Call",
        "healthcare": "hospital",
        "healthcare:speciality": "Gynaecologist and Obstetrician;Anethesia's and Critical Care;Neurology;Paediatric;Orthopaedics;Gastroenterology;Cardiology;ENT;Urology;Plastic Surgery;Physiotheraphy",
        "medical_system": "Allopathic",
        "name": "Neelima - Sanath Nagar",
        "operator:type": "private",
        "phone": "040 64617475;040 21111100",
        "source": "OpenGovernmentData",
        "website": "http://www.neelimahospital.com"
      },
      "geometry": {
        "type": "Point",
        "coordinates": [
          78.4388653,
          17.4564341
        ]
      },
      "id": "node/6078227506"
    },
    {
      "type": "Feature",
      "properties": {
        "@id": "node/6078236947",
        "addr:district": "Hyderabad",
        "addr:full": "7-2-1799/4A/2, Street Number 2, Czech Colony, Sanath Nagar",
        "addr:postcode": "500018",
        "addr:state": "Telangana",
        "addr:street": "Strret No. 2, Czech colony",
        "amenity": "hospital",
        "emergency": "no",
        "fax": "040 23718583",
        "healthcare": "hospital",
        "name": "Poojitha Hospital",
        "source": "OpenGovernmentData"
      },
      "geometry": {
        "type": "Point",
        "coordinates": [
          78.4369269,
          17.456281
        ]
      },
      "id": "node/6078236947"
    },
    {
      "type": "Feature",
      "properties": {
        "@id": "node/6151537449",
        "amenity": "hospital",
        "healthcare": "hospital",
        "healthcare:speciality": "dental_oral_maxillo_facial_surgery;orthodontics",
        "level": "3",
        "name": "Apollo Dental Clinic, Hitech City",
        "operator": "Apollo Hospitals",
        "operator:type": "private",
        "operator:wikidata": "Q4780321"
      },
      "geometry": {
        "type": "Point",
        "coordinates": [
          78.3825608,
          17.4503845
        ]
      },
      "id": "node/6151537449"
    },
    {
      "type": "Feature",
      "properties": {
        "@id": "node/6177956183",
        "addr:city": "hyderabad",
        "addr:housenumber": "25-40/63",
        "addr:postcode": "500047",
        "addr:street": "Rajus Dental Clinic, H no 25-40/63, Opposite Andhra Bank,   East anandbagh Main Road, Malkajgiri, Hyderabad",
        "amenity": "hospital",
        "emergency": "yes",
        "healthcare": "hospital",
        "healthcare:speciality": "dentist",
        "name": "RAJUS DENTAL",
        "operator": "Mohan Raju",
        "phone": "+916303771301",
        "source": "Dental Clinic",
        "website": "https://rajusdental.com/"
      },
      "geometry": {
        "type": "Point",
        "coordinates": [
          78.5465732,
          17.4571109
        ]
      },
      "id": "node/6177956183"
    },
    {
      "type": "Feature",
      "properties": {
        "@id": "node/6212803089",
        "addr:district": "Hyderabad",
        "addr:full": "7-1-21, RAILWAY STATION ROAD, UMA NAGAR, BEGUMPET",
        "addr:postcode": "500016",
        "addr:state": "Telangana",
        "amenity": "hospital",
        "contact:phone": "9000387345",
        "healthcare": "hospital",
        "name": "VINN Hospital",
        "operator:type": "private",
        "source": "OpenGovernmentData"
      },
      "geometry": {
        "type": "Point",
        "coordinates": [
          78.4563758,
          17.4379741
        ]
      },
      "id": "node/6212803089"
    },
    {
      "type": "Feature",
      "properties": {
        "@id": "node/6216425386",
        "amenity": "hospital",
        "name": "Mahatma Sriramachandra Centenary Memorial Hospital"
      },
      "geometry": {
        "type": "Point",
        "coordinates": [
          78.4525058,
          17.3948133
        ]
      },
      "id": "node/6216425386"
    },
    {
      "type": "Feature",
      "properties": {
        "@id": "node/6216425387",
        "addr:district": "Hyderabad",
        "addr:full": "# 10-2-247 & 248, Shanti Nagar, Off Masab Tank, Beside Employment Exchange",
        "addr:postcode": "500057",
        "addr:state": "Telangana",
        "amenity": "hospital",
        "email": "contactus@nicefoundation.in",
        "fax": "040 23344343",
        "name": "Nice Hospital",
        "phone": "040 2345 4545",
        "source": "OpenGovernmentData",
        "website": "https://www.nicehospital.in/"
      },
      "geometry": {
        "type": "Point",
        "coordinates": [
          78.4562128,
          17.3972385
        ]
      },
      "id": "node/6216425387"
    },
    {
      "type": "Feature",
      "properties": {
        "@id": "node/6217853185",
        "amenity": "hospital",
        "healthcare": "hospital",
        "name": "Red Cross Nature Cure Centre",
        "name:en": "Red Cross Instuite of Nature Cure and Yoga",
        "opening_hours": "Mo-Sa 00:00-24:00"
      },
      "geometry": {
        "type": "Point",
        "coordinates": [
          78.4207625,
          17.4257981
        ]
      },
      "id": "node/6217853185"
    },
    {
      "type": "Feature",
      "properties": {
        "@id": "node/6218850786",
        "addr:district": "Hyderabad",
        "addr:full": "House Number: 10-5-13/2/A, Road Number 1, Near Khaja Function Hall, Banjara Hills",
        "addr:postcode": "500028",
        "addr:state": "Telangana",
        "amenity": "hospital",
        "healthcare:speciality": "Urology;Nephrology and Other Surgical Procedures",
        "medical_system": "Allopathic",
        "name": "Goodwill Kidney and Surgical Centre",
        "operator:type": "private",
        "phone": "040 23314561",
        "source": "OpenGovernmentData",
        "website": "https://www.goodwillhospitals.com/"
      },
      "geometry": {
        "type": "Point",
        "coordinates": [
          78.4508868,
          17.4057018
        ]
      },
      "id": "node/6218850786"
    },
    {
      "type": "Feature",
      "properties": {
        "@id": "node/6220365686",
        "addr:district": "Hyderabad",
        "addr:full": "229/2RT, Beside Post Office , Vijayanagar Colony",
        "addr:postcode": "500057",
        "addr:state": "Telangana",
        "amenity": "hospital",
        "name": "Rohan Hospital",
        "source": "OpenGovernmentData"
      },
      "geometry": {
        "type": "Point",
        "coordinates": [
          78.4519084,
          17.3946344
        ]
      },
      "id": "node/6220365686"
    },
    {
      "type": "Feature",
      "properties": {
        "@id": "node/6222433385",
        "amenity": "hospital",
        "name": "Primary Veternary Hospital"
      },
      "geometry": {
        "type": "Point",
        "coordinates": [
          78.4543414,
          17.3979621
        ]
      },
      "id": "node/6222433385"
    },
    {
      "type": "Feature",
      "properties": {
        "@id": "node/6235740285",
        "addr:district": "Hyderabad",
        "addr:full": "16-31-H/9, HIG - 9, Near IJM Circle, Beside SBI, KPHB Phase 6",
        "addr:postcode": "500072",
        "addr:state": "Telangana",
        "amenity": "hospital",
        "name": "Sriven Hospital",
        "source": "OpenGovernmentData"
      },
      "geometry": {
        "type": "Point",
        "coordinates": [
          78.3875314,
          17.4858906
        ]
      },
      "id": "node/6235740285"
    },
    {
      "type": "Feature",
      "properties": {
        "@id": "node/6237524890",
        "addr:street": "Road No. 1",
        "amenity": "hospital",
        "check_date": "2024-03-16",
        "healthcare": "hospital",
        "name": "Vijaya Diagnostic Centre"
      },
      "geometry": {
        "type": "Point",
        "coordinates": [
          78.39876,
          17.494517
        ]
      },
      "id": "node/6237524890"
    },
    {
      "type": "Feature",
      "properties": {
        "@id": "node/6248864185",
        "amenity": "hospital",
        "check_date": "2024-03-16",
        "name": "Medical Store"
      },
      "geometry": {
        "type": "Point",
        "coordinates": [
          78.3969527,
          17.4949239
        ]
      },
      "id": "node/6248864185"
    },
    {
      "type": "Feature",
      "properties": {
        "@id": "node/6248961986",
        "addr:district": "Hyderabad",
        "addr:full": "JNTU Hitech City Road, 7th Phase, KPHB Colony, Near Hitech City Railway Station",
        "addr:postcode": "500072",
        "addr:state": "Telangana",
        "amenity": "hospital",
        "contact:mobile": "091609 20006",
        "email": "kukatpally@ankurahospital.com",
        "health_facility:type": "Pediatric Facilities;Obstetrics and Gynaecology Services;24 Hour Laboratory Service;Pharmacy;Emergency Ambulance Service with Transport Ventilator and Incubator;In House Canteen Services",
        "healthcare": "hospital",
        "healthcare:speciality": "Neonatology;Pediatric Critical Care;Paediatric Emergency;Paediatric Surgery;Pediatric Dentistry;Paediatric Neurology;Paediatric Cardiology;Microbiology;Endocrinology;Physiotherapy;Psychiatry;Dermatology;Dental Health;Diet and Nutrition",
        "medical_system": "Allopathic",
        "name": "Ankura Hospital for Women & Children",
        "operator:type": "private",
        "phone": "040 49599999",
        "source": "OpenGovernmentData",
        "website": "https://www.ankurahospital.com/"
      },
      "geometry": {
        "type": "Point",
        "coordinates": [
          78.3872074,
          17.4729982
        ]
      },
      "id": "node/6248961986"
    },
    {
      "type": "Feature",
      "properties": {
        "@id": "node/6261444586",
        "amenity": "hospital",
        "healthcare": "hospital",
        "name": "Ankura Multispeciality clinic"
      },
      "geometry": {
        "type": "Point",
        "coordinates": [
          78.3872633,
          17.4731914
        ]
      },
      "id": "node/6261444586"
    },
    {
      "type": "Feature",
      "properties": {
        "@id": "node/6269697486",
        "amenity": "hospital",
        "check_date": "2024-03-16",
        "name": "Aurobindo Nethralaya"
      },
      "geometry": {
        "type": "Point",
        "coordinates": [
          78.3958249,
          17.491694
        ]
      },
      "id": "node/6269697486"
    },
    {
      "type": "Feature",
      "properties": {
        "@id": "node/6308287072",
        "amenity": "hospital",
        "name": "Sri Krishna",
        "name:te": "శ్రీ కృష్ణ"
      },
      "geometry": {
        "type": "Point",
        "coordinates": [
          78.4844653,
          17.4103873
        ]
      },
      "id": "node/6308287072"
    },
    {
      "type": "Feature",
      "properties": {
        "@id": "node/6308345580",
        "addr:district": "Hyderabad",
        "addr:full": "#4-9-437/1/NR, RTC Colony, Opp. New Bawarchi Restaurant, Hayath Nagar",
        "addr:postcode": "501505",
        "addr:state": "Telangana",
        "amenity": "hospital",
        "contact:phone": "040-24202345",
        "name": "Krishnaveni Hospitals",
        "source": "OpenGovernmentData"
      },
      "geometry": {
        "type": "Point",
        "coordinates": [
          78.599351,
          17.328667
        ]
      },
      "id": "node/6308345580"
    },
    {
      "type": "Feature",
      "properties": {
        "@id": "node/6372428649",
        "addr:city": "Hyderabad",
        "addr:full": "Plot No:10 B& C, ROAD NO. 2 B, LAXMI NAGAR COLONY, KOTHAPET",
        "addr:postcode": "500035",
        "addr:state": "Telangana",
        "amenity": "hospital",
        "healthcare": "hospital",
        "healthcare:speciality": "gynaecology",
        "name": "sri sai womens hospital",
        "operator:type": "private",
        "phone": "+91 40 24050020",
        "source": "OpenGovernmentData"
      },
      "geometry": {
        "type": "Point",
        "coordinates": [
          78.5425682,
          17.3709786
        ]
      },
      "id": "node/6372428649"
    },
    {
      "type": "Feature",
      "properties": {
        "@id": "node/6375038698",
        "addr:district": "Hyderabad",
        "addr:full": "4-85/3, Vikas Nagar, Lane Beside Rajadhani Theatre, Dilsukhnagar",
        "addr:postcode": "500060",
        "addr:state": "Telangana",
        "amenity": "hospital",
        "healthcare": "hospital",
        "name": "Siva Eye Hospital",
        "source": "OpenGovernmentData"
      },
      "geometry": {
        "type": "Point",
        "coordinates": [
          78.5276104,
          17.3703144
        ]
      },
      "id": "node/6375038698"
    },
    {
      "type": "Feature",
      "properties": {
        "@id": "node/6400644686",
        "amenity": "hospital",
        "healthcare": "hospital"
      },
      "geometry": {
        "type": "Point",
        "coordinates": [
          78.5135597,
          17.3682666
        ]
      },
      "id": "node/6400644686"
    },
    {
      "type": "Feature",
      "properties": {
        "@id": "node/6471883031",
        "addr:district": "Hyderabad",
        "addr:full": "Ashoka Capitol Building, Road No 2, Banjara Hills",
        "addr:postcode": "500034",
        "addr:state": "Telangana",
        "amenity": "hospital",
        "contact:email": "cfshyd.appointment@centreforsight.net",
        "contact:mobile": "08500652020;08500552020;08500152020;08500252020",
        "healthcare": "hospital",
        "healthcare:speciality": "ophthalmology",
        "medical_system": "Allopathic",
        "name": "Centre For Sight Superspecialty Eye Hospital",
        "operator:type": "private",
        "phone": "040 40045500;040 40042115;040 40042116;040 40042117;040 40042118;040 40042119",
        "source": "OpenGovernmentData",
        "website": "https://www.centreforsight.net/"
      },
      "geometry": {
        "type": "Point",
        "coordinates": [
          78.4225617,
          17.4248083
        ]
      },
      "id": "node/6471883031"
    },
    {
      "type": "Feature",
      "properties": {
        "@id": "node/6477199878",
        "addr:district": "Hyderabad",
        "addr:full": "Plot Number 15, 17-1-382/R/15, A.P.S.R.T.C. Officers Colony, Santosh Nagar, Saidabad",
        "addr:postcode": "500059",
        "addr:state": "Telangana",
        "amenity": "hospital",
        "health_facility:type": "Separate Divisions for Each Speciality; State Of The Art Operation Theatres; Post Op Lounge with Beds; Advanced Eye Care Equipment; Complete Range of Optical Frames and Lenses; Exclusive Childrens Eye Care; 24 7 Pharmacy; Ambulance Services",
        "healthcare:speciality": "Cataract Services; Refractive Surgery; Cornea Services; Glaucoma Services; Retina Services; Paediatric Ophthalmology and Squint Services; Oculoplasty Services; UVEITIS; Neuro Ophthalmology; Vision Rehabilitation Services; Computer Vision Syndrome Clinic",
        "medical_system": "Allopathic",
        "name": "Vasan Eye Care Hospital",
        "operator:type": "private",
        "phone": "040 33782700",
        "source": "OpenGovernmentData",
        "website": "https://vasaneye.com/"
      },
      "geometry": {
        "type": "Point",
        "coordinates": [
          78.5226305,
          17.3455423
        ]
      },
      "id": "node/6477199878"
    },
    {
      "type": "Feature",
      "properties": {
        "@id": "node/6477289985",
        "addr:district": "Hyderabad",
        "addr:full": "6-3-347/22B/1, Dwarakapuri Colony, Near Saibaba Temple",
        "addr:postcode": "500082",
        "addr:state": "Telangana",
        "amenity": "hospital",
        "contact:mobile": "9948889222",
        "fax": "040 23357979",
        "healthcare:speciality": "Pediatric ICU;Pediatric Neonatology;Pediatric Cardiology;Pediatric Surgery;Pediatric Dermatology;Pediatric Neurology;Cosmetic Surgery;ENT;Radiologist;Pediatric Audiology",
        "medical_system": "Allopathic",
        "name": "Pragna Hospital",
        "operator:type": "Private",
        "phone": "040 66827999;040 66666399",
        "source": "OpenGovernmentData",
        "website": "https://www.pragnahospital.com/"
      },
      "geometry": {
        "type": "Point",
        "coordinates": [
          78.449832,
          17.4238105
        ]
      },
      "id": "node/6477289985"
    },
    {
      "type": "Feature",
      "properties": {
        "@id": "node/6477295602",
        "addr:district": "Hyderabad",
        "addr:full": "Plot No. 145, Dwarakapuri Colony, Punjagutta",
        "addr:postcode": "500082",
        "addr:state": "Telangana",
        "amenity": "hospital",
        "fax": "040 40205616",
        "healthcare:speciality": "Cataract;Trauma surgeries;Pediatric Ophthalmology",
        "medical_system": "Allopathic",
        "name": "Swarup Eye Centre",
        "operator:type": "Private",
        "phone": "040 23354558;040 66782053",
        "source": "OpenGovernmentData",
        "website": "http://swarupeye.org"
      },
      "geometry": {
        "type": "Point",
        "coordinates": [
          78.4505488,
          17.4232839
        ]
      },
      "id": "node/6477295602"
    },
    {
      "type": "Feature",
      "properties": {
        "@id": "node/6479934028",
        "addr:district": "Hyderabad",
        "addr:full": "5 - 9 - 94, Chapel Road",
        "addr:postcode": "500001",
        "addr:state": "Telangana",
        "amenity": "hospital",
        "healthcare": "hospital",
        "healthcare:speciality": "orthopaedics",
        "name": "Udai Omni Hospital",
        "operator:type": "private",
        "phone": "+91 40 23232226;+9140 23233195",
        "source": "OpenGovernmentData",
        "website": "https://udaiomni.com/"
      },
      "geometry": {
        "type": "Point",
        "coordinates": [
          78.4722613,
          17.3969132
        ]
      },
      "id": "node/6479934028"
    },
    {
      "type": "Feature",
      "properties": {
        "@id": "node/6479941227",
        "addr:district": "Hyderabad",
        "addr:full": "MIG-196, Road Number1, K.P.H.B.",
        "addr:postcode": "500072",
        "addr:state": "Telangana",
        "amenity": "hospital",
        "check_date": "2024-03-16",
        "health_facility:type": "Emergency;Operation Theatre",
        "healthcare:speciality": "Neonatical Intensive Care Unit;Pediatric Intensive Care Unit;Obstetrics and Gynecology",
        "medical_system": "Allopathic",
        "name": "Udbhava Children's Hospital",
        "operator:type": "private",
        "phone": "040 23155733;040 65555733",
        "source": "OpenGovernmentData",
        "website": "www.udbhavachildrenshospital.com"
      },
      "geometry": {
        "type": "Point",
        "coordinates": [
          78.4010815,
          17.4911264
        ]
      },
      "id": "node/6479941227"
    },
    {
      "type": "Feature",
      "properties": {
        "@id": "node/6479951769",
        "addr:district": "Hyderabad",
        "addr:full": "Plot C 17, Vikrampuri Colony, Secunderabad",
        "addr:state": "Telangana",
        "amenity": "hospital",
        "contact:tollfree": "1801 2122",
        "fax": "040 27899090",
        "healthcare:speciality": "General Pediatrics;Neonatology;Pediatric Neurology;Anasthesia and Pain Management;Pediatric Gastroenterology;Pediatric Nephrology;Hematology & Oncology;ENT;Psychiatry;Pediatric Cardiology;Speech & Language Therapy;Physiotherapy and Rehabilitation Unit etc",
        "medical_system": "Allopathic",
        "name": "Rainbow Hospital for Women and Children, Secunderabad",
        "operator:type": "private",
        "phone": "040 27895050;040 27896060",
        "source": "OpenGovernmentData",
        "website": "https://www.rainbowhospitals.in/"
      },
      "geometry": {
        "type": "Point",
        "coordinates": [
          78.5008281,
          17.4553191
        ]
      },
      "id": "node/6479951769"
    },
    {
      "type": "Feature",
      "properties": {
        "@id": "node/6479961202",
        "addr:district": "Hyderabad",
        "addr:full": "#12-2-823/A/46, Near Santosh Nagar Park, Lane Opposite Pillar 19, Santosh Nagar Colony, Mehdipatnam",
        "addr:postcode": "500028",
        "addr:state": "Telangana",
        "amenity": "hospital",
        "contact:email": "arjun.e@apoorvahospital.com",
        "health_facility:type": "Lounge; Reception; PICU; State of Art Equipments; 24 hours Pediatric Emergencies; Surgical Facilities",
        "medical_system": "Allopathic",
        "name": "Apoorva Hospital",
        "operator:type": "private",
        "phone": "040 65503232; 040 23521139",
        "source": "OpenGovernmentData",
        "website": "http://www.apoorvahospital.com"
      },
      "geometry": {
        "type": "Point",
        "coordinates": [
          78.4369875,
          17.3913878
        ]
      },
      "id": "node/6479961202"
    },
    {
      "type": "Feature",
      "properties": {
        "@id": "node/6480023416",
        "addr:district": "Hyderabad",
        "addr:full": "Beside Bharath Gardens, Sagar Road, Champapet",
        "addr:postcode": "500059",
        "addr:state": "Telangana",
        "amenity": "hospital",
        "fax": "040-24530960",
        "healthcare": "hospital",
        "name": "Ankith Multi Speciality Hospital",
        "source": "OpenGovernmentData"
      },
      "geometry": {
        "type": "Point",
        "coordinates": [
          78.5105337,
          17.3503945
        ]
      },
      "id": "node/6480023416"
    },
    {
      "type": "Feature",
      "properties": {
        "@id": "node/6480033798",
        "addr:district": "Hyderabad",
        "addr:full": "1-2-8, Domalguda",
        "addr:postcode": "500029",
        "addr:state": "Telangana",
        "amenity": "hospital",
        "health_facility:type": "Fundus Camera;Pathology Laboratory Facilities;Well Equipped Van with Eye Camp Facilities;In House Pharmacy Facility;In House Optical Facility;Two Ambulances",
        "healthcare:speciality": "Cataract and IOL Surgery Including Phaco Surgical Facilities;Vitreo Retinal Services;Glaucoma Services;Corneal Services;Contact Lenses Services;A and B Scan Facilities;Automated Visual Field Analyzer;Laser Treatment",
        "medical_system": "Allopathic",
        "name": "Lions Club of Hyderabad Sadhuram Eye Hospital",
        "name:te": "లయన్స్ క్లబ్ అఫ్ హైదరాబాద్ సాధూరాం ఐ హాస్పిటల్",
        "operator:type": "private",
        "phone": "040 23261452;040 23261094;040 66664420",
        "source": "OpenGovernmentData",
        "website": "https://www.lionssadhurameyehospital.com/"
      },
      "geometry": {
        "type": "Point",
        "coordinates": [
          78.4781628,
          17.4077141
        ]
      },
      "id": "node/6480033798"
    },
    {
      "type": "Feature",
      "properties": {
        "@id": "node/6480048646",
        "addr:district": "Hyderabad",
        "addr:full": "Beside Limra Cafe, Hakeempet X Road, Toli Chowki",
        "addr:postcode": "500028",
        "addr:state": "Telangana",
        "amenity": "hospital",
        "name": "Al-Noor Hospital",
        "source": "OpenGovernmentData"
      },
      "geometry": {
        "type": "Point",
        "coordinates": [
          78.4172847,
          17.4033637
        ]
      },
      "id": "node/6480048646"
    },
    {
      "type": "Feature",
      "properties": {
        "@id": "node/6480067093",
        "addr:district": "Hyderabad",
        "addr:full": "D.Number 6-2-29, Lakdikapul Road",
        "addr:postcode": "500004",
        "addr:state": "Telangana",
        "amenity": "hospital",
        "health_facility:type": "X Ray;CT Scan and Ultrasound;Radiology and Imaging Services",
        "healthcare:speciality": "Pediatric Intensive Care Unit;Neonatology Service;Pediatric Cardiology;Pediatric NeuroSurgery;Physiotherapy;Childrens Gastroenterology;Pediatric Gastroenterology;Pediatric Endocrinology;Pediatric Hematology and Oncology;ENT Surgery;Ophthalmology;",
        "medical_system": "Allopathic",
        "name": "Lotus Children's Hospital, Lakdikapul",
        "operator:type": "private",
        "phone": "040 40404444",
        "source": "OpenGovernmentData",
        "website": "https://lotuschildrenshospital.com/"
      },
      "geometry": {
        "type": "Point",
        "coordinates": [
          78.4611649,
          17.4041136
        ]
      },
      "id": "node/6480067093"
    },
    {
      "type": "Feature",
      "properties": {
        "@id": "node/6480099631",
        "addr:district": "Hyderabad",
        "addr:full": "1-7-43-457/206, Near Asian Radhika Multiplex, Maheshnagar, ECIL Post, Kapra",
        "addr:postcode": "500062",
        "addr:state": "Telangana",
        "amenity": "hospital",
        "name": "Aruna Hospital",
        "source": "OpenGovernmentData"
      },
      "geometry": {
        "type": "Point",
        "coordinates": [
          78.5640143,
          17.4760702
        ]
      },
      "id": "node/6480099631"
    },
    {
      "type": "Feature",
      "properties": {
        "@id": "node/6480117503",
        "addr:district": "Hyderabad",
        "addr:full": "Road No.4, KPHB Colony, Kukatpally",
        "addr:postcode": "500072",
        "addr:state": "Telangana",
        "amenity": "hospital",
        "contact:mobile": "9392159169",
        "email": "preetihospital@gmail.com",
        "medical_system": "Allopathic",
        "name": "Preeti Urology and Kidney Hospital",
        "operator:type": "private",
        "phone": "040 23152444; 93921 59169",
        "source": "OpenGovernmentData",
        "website": "https://www.preetihospital.com"
      },
      "geometry": {
        "type": "Point",
        "coordinates": [
          78.3969096,
          17.4912927
        ]
      },
      "id": "node/6480117503"
    },
    {
      "type": "Feature",
      "properties": {
        "@id": "node/6480130350",
        "addr:district": "Hyderabad",
        "addr:full": "1-10-44/1, Near Prakash Nagar Metro Station, Begumpet Main Road",
        "addr:postcode": "500016",
        "addr:state": "Telangana",
        "amenity": "hospital",
        "fax": "040 30137299",
        "health_facility:type": "Separate Divisions for Each Speciality;State Of The Art Operation Theatres;Post Op Lounge with Beds;Advanced Eye Care Equipment;Complete Range of Optical Frames and Lenses;Exclusive Childrens Eye Care;24 7 Pharmacy;Ambulance Services",
        "healthcare:speciality": "Cataract Services;Refractive Surgery;Cornea Services;Glaucoma Services;Retina Services;Paediatric Ophthalmology and Squint Services;Oculoplasty Services;UVEITIS;Neuro Ophthalmology;Vision Rehabilitation Services;Computer Vision Syndrome;Contact Lenses",
        "medical_system": "Allopathic",
        "name": "Vasan Healthcare Private Limited",
        "operator:type": "Private",
        "phone": "040 30137200",
        "source": "OpenGovernmentData",
        "website": "https://vasaneye.com/"
      },
      "geometry": {
        "type": "Point",
        "coordinates": [
          78.4662196,
          17.4444929
        ]
      },
      "id": "node/6480130350"
    },
    {
      "type": "Feature",
      "properties": {
        "@id": "node/6481937416",
        "addr:district": "Hyderabad",
        "addr:full": "24-112/1, Anandbagh 'X' Roads, Malkajgiri",
        "addr:postcode": "500047",
        "addr:state": "Telangana",
        "amenity": "hospital",
        "name": "ADR Hospital",
        "source": "OpenGovernmentData"
      },
      "geometry": {
        "type": "Point",
        "coordinates": [
          78.5378788,
          17.458369
        ]
      },
      "id": "node/6481937416"
    },
    {
      "type": "Feature",
      "properties": {
        "@id": "node/6481946699",
        "addr:district": "Hyderabad",
        "addr:full": "Street Number 6, Barkatpura",
        "addr:postcode": "500027",
        "addr:state": "Telangana",
        "amenity": "hospital",
        "contact:email": "contact@bristleconehospitals.com",
        "email": "info@bristleconehospitals.com",
        "emergency_telephone_code": "040 45999999",
        "fax": "040 45999901",
        "healthcare:speciality": "Neurology;Urology and Nephrology;Obstetrics and Gynecology;Endoscopy;Pediatrics and Neo Natology;Orthopedics;Plastic Surgery;General Surgery;Trauma;Endocrine;Skin and Aesthetics;ENT;Diagnostics",
        "medical_system": "Allopathic",
        "name": "Bristlecone Hospital",
        "operator:type": "private",
        "phone": "040 45999999",
        "source": "OpenGovernmentData",
        "website": "http://bristleconehospitals.com"
      },
      "geometry": {
        "type": "Point",
        "coordinates": [
          78.4961598,
          17.3920174
        ]
      },
      "id": "node/6481946699"
    },
    {
      "type": "Feature",
      "properties": {
        "@id": "node/6481950561",
        "addr:district": "Hyderabad",
        "addr:full": "Nizampet Road, Kukatpally",
        "addr:postcode": "500072",
        "addr:state": "Telangana",
        "amenity": "hospital",
        "fixme": "Please verify the accurate position of the hospital as I have mapped the facility based on the address provided in Open Government Data",
        "name": "Abhaya Multi Speciality Hospital",
        "source": "OpenGovernmentData"
      },
      "geometry": {
        "type": "Point",
        "coordinates": [
          78.3825836,
          17.5007182
        ]
      },
      "id": "node/6481950561"
    },
    {
      "type": "Feature",
      "properties": {
        "@id": "node/6481952537",
        "addr:district": "Hyderabad",
        "addr:full": "Opp. Exhibition Grounds Road, Nampally, Chandra Viha, Kattel Mandi, Abids",
        "addr:postcode": "500001",
        "addr:state": "Telangana",
        "amenity": "hospital",
        "contact:email": "info@carehospitals.com",
        "emergency_telephone_code": "040 30417777",
        "health_facility:type": "Blood Bank;Ambulance;Emergency Room;Food;Pharmacy;Day Care",
        "healthcare:speciality": "multi speciality",
        "medical_system": "Allopathic",
        "name": "Care Hospital, Nampally",
        "operator:type": "private",
        "phone": "040 30417777",
        "source": "OpenGovernmentData",
        "website": "https://www.carehospitals.com/"
      },
      "geometry": {
        "type": "Point",
        "coordinates": [
          78.4747114,
          17.3854315
        ]
      },
      "id": "node/6481952537"
    },
    {
      "type": "Feature",
      "properties": {
        "@id": "node/6481959033",
        "addr:district": "Hyderabad",
        "addr:full": "5-4-183 To 199, Twin City Market Complex, Moazam Jahi Market",
        "addr:postcode": "500001",
        "addr:state": "Telangana",
        "amenity": "hospital",
        "fax": "040 24744223",
        "name": "Aarogya Hospital",
        "source": "OpenGovernmentData"
      },
      "geometry": {
        "type": "Point",
        "coordinates": [
          78.4754102,
          17.3851141
        ]
      },
      "id": "node/6481959033"
    },
    {
      "type": "Feature",
      "properties": {
        "@id": "node/6481978987",
        "addr:district": "Hyderabad",
        "addr:full": "12-2-824, P.V. Narasimha Rao Express Way, Near St.Anns Women's College, Mehdipatnam",
        "addr:postcode": "500028",
        "addr:state": "Telangana",
        "amenity": "hospital",
        "name": "Arvind Eye Hospital",
        "phone": "040 2351 2233",
        "source": "OpenGovernmentData",
        "website": "www.aravindeyecarehospitals.com"
      },
      "geometry": {
        "type": "Point",
        "coordinates": [
          78.4378043,
          17.3918945
        ]
      },
      "id": "node/6481978987"
    },
    {
      "type": "Feature",
      "properties": {
        "@id": "node/6482035085",
        "addr:district": "Hyderabad",
        "addr:full": "3-11-142/N, DVN Complex, Opposite to Kamineni Hospital, RTC Colony, LB Nagar",
        "addr:postcode": "500074",
        "addr:state": "Telangana",
        "amenity": "hospital",
        "medical_system": "Allopathic",
        "name": "Disha Children's Hospital",
        "operator:type": "private",
        "phone": "040 24038488",
        "source": "OpenGovernmentData",
        "website": "http://dishachildrenshospital.blogspot.in/"
      },
      "geometry": {
        "type": "Point",
        "coordinates": [
          78.5551161,
          17.3525175
        ]
      },
      "id": "node/6482035085"
    },
    {
      "type": "Feature",
      "properties": {
        "@id": "node/6482049740",
        "addr:district": "Hyderabad",
        "addr:full": "8-3-231/A/516,517,A-Block, Sri Krishna Nagar, Yousufguda",
        "addr:postcode": "500045",
        "addr:state": "Telangana",
        "amenity": "hospital",
        "healthcare": "hospital",
        "name": "Anvitha Hospital",
        "source": "OpenGovernmentData"
      },
      "geometry": {
        "type": "Point",
        "coordinates": [
          78.4266108,
          17.4311263
        ]
      },
      "id": "node/6482049740"
    },
    {
      "type": "Feature",
      "properties": {
        "@id": "node/6482100116",
        "addr:district": "Hyderabad",
        "addr:full": "1-1-211, Sai Priya Colony, Beside Old Municipal Kapra Office, Kapra",
        "addr:postcode": "500062",
        "addr:state": "Telangana",
        "amenity": "hospital",
        "contact:phone": "040-64621340",
        "name": "New Life Line Multi Specialty Hospital",
        "source": "OpenGovernmentData"
      },
      "geometry": {
        "type": "Point",
        "coordinates": [
          78.5647274,
          17.4878467
        ]
      },
      "id": "node/6482100116"
    },
    {
      "type": "Feature",
      "properties": {
        "@id": "node/6482108938",
        "addr:district": "Hyderabad",
        "addr:full": "Above Agrawala Sweets, Opp to Metro Pillar No 18, S.P. Road, Begumpet",
        "addr:postcode": "500003",
        "addr:state": "Telangana",
        "amenity": "hospital",
        "contact:mobile": "+91-9550003399; +91-9177550066.",
        "health_facility:type": "Arthritis;Sexual Problems;Thyroid Disorders;Respiratory Disorders;Skin Disorders;Female DisordersInfertility;Gastric Disorders;Kidney Problems;Auto Immune;Disorders",
        "healthcare:speciality": "homeopathy",
        "medical_system": "Ayush;Homeopathy",
        "name": "Homeocare International",
        "operator:type": "private",
        "source": "OpenGovernmentData",
        "website": "www.homeocares.com"
      },
      "geometry": {
        "type": "Point",
        "coordinates": [
          78.4796964,
          17.4432007
        ]
      },
      "id": "node/6482108938"
    },
    {
      "type": "Feature",
      "properties": {
        "@id": "node/6482123599",
        "addr:district": "Hyderabad",
        "addr:full": "Plot Number 13 and 14, Pipeline Road, Behind Deevan Dhaba, Petbasheerabad, Jeedimetla",
        "addr:postcode": "500055",
        "addr:state": "Telangana",
        "amenity": "hospital",
        "contact:mobile": "9963545454",
        "email": "info@konarkhospitals.com",
        "health_facility:type": "Cashless Billing and Reimbursement Facility;Emergency Ambulance Services;Diagnostic Services;Surgical Services;ICU Facility;Operation Theater;Pharmacy Services",
        "healthcare:speciality": "multi specialty",
        "medical_system": "Allopathic",
        "name": "Konark Hospitals",
        "operator:type": "private",
        "phone": "040 44661515",
        "source": "OpenGovernmentData",
        "website": "https://www.konarkhospitals.com/"
      },
      "geometry": {
        "type": "Point",
        "coordinates": [
          78.4754596,
          17.5123618
        ]
      },
      "id": "node/6482123599"
    },
    {
      "type": "Feature",
      "properties": {
        "@id": "node/6482123642",
        "addr:district": "Hyderabad",
        "addr:full": "11-9-1, Vimal Complex, Opposite Kothapet Bus Stop, Dilsukhnagar",
        "addr:postcode": "500035",
        "addr:state": "Telangana",
        "amenity": "hospital",
        "contact:tollfree": "1800 1033 363",
        "fax": "040 40045671",
        "health_facility:type": "Optical Dispensing Showroom;Pharmacy;Laboratory Services",
        "healthcare": "hospital",
        "healthcare:speciality": "Glaucoma Services;Retina Services;Oculoplasty Services;Strabismus and Neurophthalmology Services;Cornea Services;Contact Lens Clinic;Low Visual Aid Clinic",
        "medical_system": "Allopathic",
        "name": "Sree Netralaya Eye Hospital and Laser Centre",
        "operator:type": "private",
        "phone": "040 40045670",
        "source": "OpenGovernmentData",
        "website": "https://sreenetralaya.org/"
      },
      "geometry": {
        "type": "Point",
        "coordinates": [
          78.5404511,
          17.3676358
        ]
      },
      "id": "node/6482123642"
    },
    {
      "type": "Feature",
      "properties": {
        "@id": "node/6482129255",
        "addr:district": "Hyderabad",
        "addr:full": "Ozone Complex, 1st Floor, Near Bajaj Electronics, Panjagutta",
        "addr:postcode": "500082",
        "addr:state": "Telangana",
        "amenity": "hospital",
        "contact:email": "info@lmcindia.com",
        "contact:mobile": "9246391309",
        "name": "Leads Medical Centre",
        "phone": "040 23418873; 040 32009559",
        "source": "OpenGovernmentData",
        "website": "https://www.lmcindia.com/"
      },
      "geometry": {
        "type": "Point",
        "coordinates": [
          78.4537243,
          17.4252477
        ]
      },
      "id": "node/6482129255"
    },
    {
      "type": "Feature",
      "properties": {
        "@id": "node/6482139039",
        "addr:district": "Hyderabad",
        "addr:full": "Plot Number 40/41, Mythri Nagar, Madinaguda",
        "addr:postcode": "500050",
        "addr:state": "Telangana",
        "amenity": "hospital",
        "contact:mobile": "7732038844",
        "health_facility:type": "Outpatient Clinic;Operating Theaters;Radiology Services;Pharmacy;Pathological Labs;Pre and Post Operating Recovery;Health Check ups",
        "healthcare:speciality": "Gynaecology and Obstetrics;Paediatrics;Paediatrics Surgery;General Medicine;General Surgery;Laparoscopic Surgery;Chest Physician;ENT;Urology;Neurology;NeuroSurgery;Ophthalmology;Orthopaedics;Dermatology;Physiotherapy;Dietician;Psychology",
        "medical_system": "Allopathic",
        "name": "Pranaam Hospitals",
        "operator:type": "private",
        "phone": "040 23042777",
        "source": "OpenGovernmentData",
        "website": "https://pranaamhospitals.in/"
      },
      "geometry": {
        "type": "Point",
        "coordinates": [
          78.3398798,
          17.4966133
        ]
      },
      "id": "node/6482139039"
    },
    {
      "type": "Feature",
      "properties": {
        "@id": "node/6482139577",
        "addr:district": "Hyderabad",
        "addr:full": "MIG - 318 & 260, Remedy Hospital Lane, KPHB Colony, Kukatpally",
        "addr:postcode": "500072",
        "addr:state": "Telangana",
        "amenity": "hospital",
        "name": "Vignesh Nursing Home",
        "source": "OpenGovernmentData"
      },
      "geometry": {
        "type": "Point",
        "coordinates": [
          78.39749,
          17.4925267
        ]
      },
      "id": "node/6482139577"
    },
    {
      "type": "Feature",
      "properties": {
        "@id": "node/6482139683",
        "addr:district": "Hyderabad",
        "addr:full": "7-99, Near Yadagiri Theatre, New Santosh Nagar",
        "addr:postcode": "500059",
        "addr:state": "Telangana",
        "amenity": "hospital",
        "healthcare": "hospital",
        "name": "Sridhar Multi Speciality Hospital",
        "source": "OpenGovernmentData"
      },
      "geometry": {
        "type": "Point",
        "coordinates": [
          78.5087555,
          17.344919
        ]
      },
      "id": "node/6482139683"
    },
    {
      "type": "Feature",
      "properties": {
        "@id": "node/6484699042",
        "addr:district": "Hyderabad",
        "addr:full": "Road No.4, West Marredpally, Secunderabad",
        "addr:postcode": "500026",
        "addr:state": "Telangana",
        "amenity": "hospital",
        "email": "geethahospitals@gmail.com",
        "fax": "040 27716287",
        "name": "Geetha Multi Speciality Hospital",
        "phone": "040-27800703; 040-27801272; 040-27802138",
        "source": "OpenGovernmentData",
        "website": "https://www.geethahospitals.com/"
      },
      "geometry": {
        "type": "Point",
        "coordinates": [
          78.5082445,
          17.447062
        ]
      },
      "id": "node/6484699042"
    },
    {
      "type": "Feature",
      "properties": {
        "@id": "node/6484704654",
        "addr:district": "Hyderabad",
        "addr:full": "H.No.2-1-514/D, Nallakunta",
        "addr:postcode": "500044",
        "addr:state": "Telangana",
        "amenity": "hospital",
        "name": "Amar Maternity Nursing Home",
        "source": "OpenGovernmentData"
      },
      "geometry": {
        "type": "Point",
        "coordinates": [
          78.5069785,
          17.3987452
        ]
      },
      "id": "node/6484704654"
    },
    {
      "type": "Feature",
      "properties": {
        "@id": "node/6484721973",
        "addr:district": "Hyderabad",
        "addr:full": "10-3-5/E/106, Sakina Complex, Mehdipatnam",
        "addr:postcode": "500028",
        "addr:state": "Telangana",
        "amenity": "hospital",
        "fax": "040-23513839;040-55578888",
        "name": "Sai Preethi Life Line Hospital",
        "source": "OpenGovernmentData"
      },
      "geometry": {
        "type": "Point",
        "coordinates": [
          78.4419228,
          17.3942929
        ]
      },
      "id": "node/6484721973"
    },
    {
      "type": "Feature",
      "properties": {
        "@id": "node/6484727717",
        "addr:district": "Hyderabad",
        "addr:full": "MIG 303, Road Number 1, Opposite Hotel Grand Sitara, KPHB Colony, Kukatpally",
        "addr:postcode": "500072",
        "addr:state": "Telangana",
        "amenity": "hospital",
        "check_date": "2024-03-16",
        "email": "info@prasadhospitals.in",
        "health_facility:type": "ENT; General Surgery; General Medicine; Plastic Surgery; Dermatology; Obstetrics and Gynaecology; Infertility and IVF; Paediatrics; Orthopedics and Trauma; Anesthesia and Critical Care",
        "healthcare:speciality": "Ultrasound Workup; Human Embryo Biopsy; Intraterine Insemination IUI ; In Vitro Fertilization IVF ; Sperm Retrieval Assisted Hatching; Blastocyst Culture; Egg Donation; Embryo Donation",
        "medical_system": "Allopathic",
        "name": "Prasad Hospital",
        "operator:type": "private",
        "phone": "040 64519124; 040 64514074;040 40111596",
        "source": "OpenGovernmentData",
        "website": "https://prasadhospitals.in/"
      },
      "geometry": {
        "type": "Point",
        "coordinates": [
          78.4015616,
          17.4920608
        ]
      },
      "id": "node/6484727717"
    },
    {
      "type": "Feature",
      "properties": {
        "@id": "node/6484730153",
        "addr:district": "Hyderabad",
        "addr:full": "1-66/4/194, Block-B, Kavurihills, Durgam Cheruvu Road, Madhava Nagar, Beside Shivaramalayam, Madhapur",
        "addr:postcode": "500033",
        "addr:state": "Telangana",
        "amenity": "hospital",
        "healthcare": "hospital",
        "name": "Praanadah Hospital",
        "source": "OpenGovernmentData"
      },
      "geometry": {
        "type": "Point",
        "coordinates": [
          78.3942747,
          17.4372474
        ]
      },
      "id": "node/6484730153"
    },
    {
      "type": "Feature",
      "properties": {
        "@id": "node/6484735190",
        "addr:district": "Hyderabad",
        "addr:full": "1-10-314/P, Opposite Mallareddy Gardens, Thokatta Village, Bowenpally",
        "addr:postcode": "500011",
        "addr:state": "Telangana",
        "amenity": "hospital",
        "email": "doctor@dristenetralaya.com",
        "name": "Dristi Netralaya Hospital",
        "phone": "040-27950101",
        "source": "OpenGovernmentData",
        "website": "www.dristenetralaya.com"
      },
      "geometry": {
        "type": "Point",
        "coordinates": [
          78.4773293,
          17.4691656
        ]
      },
      "id": "node/6484735190"
    },
    {
      "type": "Feature",
      "properties": {
        "@id": "node/6484754716",
        "addr:district": "Hyderabad",
        "addr:full": "3-4-828, Barkatpura",
        "addr:postcode": "500027",
        "addr:state": "Telangana",
        "amenity": "hospital",
        "name": "Geeta Clinic And Maternity Home",
        "source": "OpenGovernmentData"
      },
      "geometry": {
        "type": "Point",
        "coordinates": [
          78.4969578,
          17.391947
        ]
      },
      "id": "node/6484754716"
    },
    {
      "type": "Feature",
      "properties": {
        "@id": "node/6484770090",
        "addr:district": "Hyderabad",
        "addr:full": "6-1-91, 2nd Floor, Opp. Sensation Insomnia Cinema Hall, Khairatabad",
        "addr:postcode": "500004",
        "addr:state": "Telangana",
        "amenity": "hospital",
        "name": "Vasavi Hospital",
        "source": "OpenGovernmentData"
      },
      "geometry": {
        "type": "Point",
        "coordinates": [
          78.464393,
          17.4064439
        ]
      },
      "id": "node/6484770090"
    },
    {
      "type": "Feature",
      "properties": {
        "@id": "node/6484770861",
        "addr:district": "Hyderabad",
        "addr:full": "Plot No: C-15, 1st Road, KPHB Colony, Opp. Axis Bank, Kukatpally",
        "addr:postcode": "500072",
        "addr:state": "Telangana",
        "amenity": "hospital",
        "check_date": "2024-03-16",
        "email": "bharat@sankhyahospitals.com",
        "emergency": "yes",
        "emergency_telephone_code": "9908537777",
        "fax": "23153939; 67044439",
        "health_facility:type": "ICCU Units; AMCU Units; NICU Units; Ventilation Services; Continuous Positive Airway Pressure; Surfactant Therapy; Parental Nutrition; Cardio Respiratory Monitoring; Invasive Blood; Pressure Monitoring; Exchange Transfusion; Cardio Echo",
        "healthcare:speciality": "Paediatrics and Neonatology; Fetal Surgery; Separation of Conjoined Twins; Tumors; Malformations; Pediatric cardiothoracic Surgery; Pediatric nephrology; Pediatric NeuroSurgery; Pediatric Urological Surgery",
        "medical_system": "Allopathic",
        "name": "Sankhya Hospital",
        "opening_hours": "24/7",
        "operator:type": "private",
        "phone": "040 67044444; 040 23153535",
        "source": "OpenGovernmentData",
        "website": "https://www.sankhyahospitals.com/"
      },
      "geometry": {
        "type": "Point",
        "coordinates": [
          78.4000755,
          17.4876454
        ]
      },
      "id": "node/6484770861"
    },
    {
      "type": "Feature",
      "properties": {
        "@id": "node/6484775841",
        "addr:district": "Hyderabad",
        "addr:full": "8-8-112/1, Sriram Nagar Colony, Nagarjuna Sagar Road, Near Karmanghat 'X' Roads",
        "addr:postcode": "500035",
        "addr:state": "Telangana",
        "amenity": "hospital",
        "healthcare": "hospital",
        "name": "Kiran Hospital",
        "source": "OpenGovernmentData"
      },
      "geometry": {
        "type": "Point",
        "coordinates": [
          78.5282483,
          17.3452764
        ]
      },
      "id": "node/6484775841"
    },
    {
      "type": "Feature",
      "properties": {
        "@id": "node/6484856482",
        "addr:district": "Hyderabad",
        "addr:full": "21-7-191, Mama Jumla Phatak, Charkaman",
        "addr:postcode": "500002",
        "addr:state": "Telangana",
        "amenity": "hospital",
        "name": "Smt. Bhagwan Devi Hospital",
        "source": "OpenGovernmentData"
      },
      "geometry": {
        "type": "Point",
        "coordinates": [
          78.4731994,
          17.3644409
        ]
      },
      "id": "node/6484856482"
    },
    {
      "type": "Feature",
      "properties": {
        "@id": "node/6484867650",
        "addr:district": "Hyderabad",
        "addr:full": "Plot No A-7, Vikrampuri Colony, Karkhana",
        "addr:postcode": "500009",
        "addr:state": "Telangana",
        "amenity": "hospital",
        "name": "Nest Children's Hospital",
        "source": "OpenGovernmentData"
      },
      "geometry": {
        "type": "Point",
        "coordinates": [
          78.5004204,
          17.4593374
        ]
      },
      "id": "node/6484867650"
    },
    {
      "type": "Feature",
      "properties": {
        "@id": "node/6484873593",
        "addr:district": "Hyderabad",
        "addr:full": "MIG 313, Remedy Hospital Lane, KPHB Colony",
        "addr:postcode": "500072",
        "addr:state": "Telangana",
        "amenity": "hospital",
        "check_date": "2024-03-16",
        "name": "V.M.R Hospital",
        "source": "OpenGovernmentData"
      },
      "geometry": {
        "type": "Point",
        "coordinates": [
          78.3972265,
          17.4918932
        ]
      },
      "id": "node/6484873593"
    },
    {
      "type": "Feature",
      "properties": {
        "@id": "node/6484884147",
        "addr:district": "Hyderabad",
        "addr:full": "9-1-192, St. Marys Road, Secunderabad",
        "addr:postcode": "500003",
        "addr:state": "Telangana",
        "amenity": "hospital",
        "email": "info@mamatafertility.com",
        "healthcare": "hospital",
        "name": "Mamata Fertility Hospital",
        "old_name": "Infertility Institute and Research Centre Pvt. Ltd (IIRC)",
        "phone": "040-45678899; 040-27701414; 040-27700150; 040-27719471",
        "source": "OpenGovernmentData",
        "website": "https://www.mamatafertility.com/"
      },
      "geometry": {
        "type": "Point",
        "coordinates": [
          78.4991692,
          17.4396489
        ]
      },
      "id": "node/6484884147"
    },
    {
      "type": "Feature",
      "properties": {
        "@id": "node/6484886609",
        "addr:district": "Hyderabad",
        "addr:full": "Nagarkhana, Begum Bazar",
        "addr:postcode": "500012",
        "addr:state": "Telangana",
        "amenity": "hospital",
        "name": "Kishorechand Chordia Eye Centre",
        "source": "OpenGovernmentData"
      },
      "geometry": {
        "type": "Point",
        "coordinates": [
          78.4673019,
          17.3729437
        ]
      },
      "id": "node/6484886609"
    },
    {
      "type": "Feature",
      "properties": {
        "@id": "node/6484888144",
        "addr:district": "Hyderabad",
        "addr:full": "1-10-189, Near RTC Cross Road, SBH Colony, Ashok Nagar",
        "addr:postcode": "500020",
        "addr:state": "Telangana",
        "amenity": "hospital",
        "name": "Praja Sai Hospital",
        "source": "OpenGovernmentData"
      },
      "geometry": {
        "type": "Point",
        "coordinates": [
          78.492862,
          17.4073263
        ]
      },
      "id": "node/6484888144"
    },
    {
      "type": "Feature",
      "properties": {
        "@id": "node/6484901165",
        "addr:district": "Hyderabad",
        "addr:full": "57/A, Shapur Nagar, I.D.A., Jeedimetla",
        "addr:postcode": "500055",
        "addr:state": "Telangana",
        "amenity": "hospital",
        "fax": "040 44543734",
        "health_facility:type": "24 Hours Lab Services;24 Hours Emergency Services",
        "healthcare": "hospital",
        "healthcare:speciality": "General Surgery;Trauma and Orthopaedics;Plastic Surgery;ENT;Urology;Gynaecology and Obstetrics;Neurology;General Medicine;Neurology;Gastroenterology;Cardiology;Nephrology;Endocrinology;Dermatology;Paediatrics;Psychiatry;Physiotheraphy",
        "medical_system": "Allopathic",
        "name": "Ram Hospital",
        "operator:type": "private",
        "phone": "040 23096655;040 23096644;040 44543737",
        "source": "OpenGovernmentData",
        "website": "http://www.ramhospital.org"
      },
      "geometry": {
        "type": "Point",
        "coordinates": [
          78.4476453,
          17.5160805
        ]
      },
      "id": "node/6484901165"
    },
    {
      "type": "Feature",
      "properties": {
        "@id": "node/6484905715",
        "addr:district": "Hyderabad",
        "addr:full": "D.No. 1-7-226, Kamala Nagar, Opposite Water Tank, ECIL Post",
        "addr:postcode": "500062",
        "addr:state": "Telangana",
        "amenity": "hospital",
        "name": "Soorya Orthopaedic Hospital",
        "source": "OpenGovernmentData"
      },
      "geometry": {
        "type": "Point",
        "coordinates": [
          78.5692647,
          17.4738034
        ]
      },
      "id": "node/6484905715"
    },
    {
      "type": "Feature",
      "properties": {
        "@id": "node/6484931583",
        "addr:district": "Hyderabad",
        "addr:full": "# 8-3-952/10/2 & 2/1, Srinagar Colony Road, Punjagutta, Nagarjuna Nagar Colony, Yella Reddy Guda",
        "addr:postcode": "500073",
        "addr:state": "Telangana",
        "amenity": "hospital",
        "contact:email": "info@smiline.com",
        "fax": "23747979; 237440775",
        "name": "Smiline Dental Hospital",
        "phone": "+919595853000",
        "source": "OpenGovernmentData",
        "website": "https://www.smiline.com"
      },
      "geometry": {
        "type": "Point",
        "coordinates": [
          78.4487075,
          17.429802
        ]
      },
      "id": "node/6484931583"
    },
    {
      "type": "Feature",
      "properties": {
        "@id": "node/6484947125",
        "addr:district": "Hyderabad",
        "addr:full": "Plot No. 140/1, Bhagyanagar Colony, Behind Margadarsi Building, Kukatpally",
        "addr:postcode": "500072",
        "addr:state": "Telangana",
        "amenity": "hospital",
        "check_date": "2024-03-16",
        "fax": "23065310",
        "healthcare": "hospital",
        "name": "Sushma Nursing Home",
        "source": "OpenGovernmentData"
      },
      "geometry": {
        "type": "Point",
        "coordinates": [
          78.4020397,
          17.494399
        ]
      },
      "id": "node/6484947125"
    },
    {
      "type": "Feature",
      "properties": {
        "@id": "node/6484947325",
        "addr:district": "Hyderabad",
        "addr:full": "17-1-388/C/19&20, Vinay Nagar Colony, Saidabad",
        "addr:postcode": "500059",
        "addr:state": "Telangana",
        "amenity": "hospital",
        "healthcare": "hospital",
        "name": "Ratna Maternity and Nursing Home",
        "source": "OpenGovernmentData"
      },
      "geometry": {
        "type": "Point",
        "coordinates": [
          78.5068591,
          17.3534936
        ]
      },
      "id": "node/6484947325"
    },
    {
      "type": "Feature",
      "properties": {
        "@id": "node/6484965004",
        "addr:district": "Hyderabad",
        "addr:full": "2-2-1167/11/1/A, Tilak Nagar Main Road",
        "addr:postcode": "500044",
        "addr:state": "Telangana",
        "amenity": "hospital",
        "name": "Kishan Rao Hospital",
        "source": "OpenGovernmentData"
      },
      "geometry": {
        "type": "Point",
        "coordinates": [
          78.5079373,
          17.3942993
        ]
      },
      "id": "node/6484965004"
    },
    {
      "type": "Feature",
      "properties": {
        "@id": "node/6485002885",
        "addr:district": "Hyderabad",
        "addr:full": "100, Anupuram, E.C.I.L Post.",
        "addr:postcode": "500062",
        "addr:state": "Telangana",
        "amenity": "hospital",
        "name": "Thatha Hospital",
        "source": "OpenGovernmentData"
      },
      "geometry": {
        "type": "Point",
        "coordinates": [
          78.5627764,
          17.4769771
        ]
      },
      "id": "node/6485002885"
    },
    {
      "type": "Feature",
      "properties": {
        "@id": "node/6485021712",
        "addr:district": "Hyderabad",
        "addr:full": "Dayara Market, Musheerabad",
        "addr:postcode": "500020",
        "addr:state": "Telangana",
        "amenity": "hospital",
        "name": "Sudarshan Hospital",
        "source": "OpenGovernmentData"
      },
      "geometry": {
        "type": "Point",
        "coordinates": [
          78.5021076,
          17.4142
        ]
      },
      "id": "node/6485021712"
    },
    {
      "type": "Feature",
      "properties": {
        "@id": "node/6485054519",
        "addr:district": "Hyderabad",
        "addr:full": "10-84, Sowbhagya Nagar, Opp. IDPL Colony",
        "addr:postcode": "500037",
        "addr:state": "Telangana",
        "amenity": "hospital",
        "name": "Kid Care Children's Hospital",
        "source": "OpenGovernmentData"
      },
      "geometry": {
        "type": "Point",
        "coordinates": [
          78.4488925,
          17.4841162
        ]
      },
      "id": "node/6485054519"
    },
    {
      "type": "Feature",
      "properties": {
        "@id": "node/6485054528",
        "addr:district": "Hyderabad",
        "addr:full": "2-58/8, Near Telephone Exchange, SBI Building, Chandanagar",
        "addr:postcode": "500050",
        "addr:state": "Telangana",
        "amenity": "hospital",
        "healthcare": "hospital",
        "name": "Vijaya Nursing Home",
        "phone": "040-2303-4173 ; 040-2303-6966",
        "source": "OpenGovernmentData",
        "website": "https://www.vijayanursinghome.in/"
      },
      "geometry": {
        "type": "Point",
        "coordinates": [
          78.3250616,
          17.4956729
        ]
      },
      "id": "node/6485054528"
    },
    {
      "type": "Feature",
      "properties": {
        "@id": "node/6485066503",
        "addr:district": "Hyderabad",
        "addr:full": "RTC 'X' Roads, Musheerbad",
        "addr:postcode": "500020",
        "addr:state": "Telangana",
        "amenity": "hospital",
        "name": "Dangoria Maternity and Nursing Home",
        "source": "OpenGovernmentData"
      },
      "geometry": {
        "type": "Point",
        "coordinates": [
          78.4975089,
          17.4077787
        ]
      },
      "id": "node/6485066503"
    },
    {
      "type": "Feature",
      "properties": {
        "@id": "node/6485092243",
        "addr:district": "Hyderabad",
        "addr:full": "8-3-214/46, Srinivas Colony West, Ameerpet",
        "addr:postcode": "500038",
        "addr:state": "Telangana",
        "amenity": "hospital",
        "healthcare": "hospital",
        "name": "Sainath Hospital",
        "source": "OpenGovernmentData"
      },
      "geometry": {
        "type": "Point",
        "coordinates": [
          78.4406662,
          17.4390949
        ]
      },
      "id": "node/6485092243"
    },
    {
      "type": "Feature",
      "properties": {
        "@id": "node/6485092469",
        "addr:district": "Hyderabad",
        "addr:full": "3-4-801, Barkatpura",
        "addr:postcode": "500027",
        "addr:state": "Telangana",
        "amenity": "hospital",
        "contact:email": "shroffhospital@yahoo.com; ccshroffhospital@gmail.com",
        "contact:phone": "+91 9848675666; +91 9848695953",
        "name": "C.C. Shroff Memorial Hospital",
        "source": "OpenGovernmentData",
        "website": "https://www.ccshroffhospital.com/"
      },
      "geometry": {
        "type": "Point",
        "coordinates": [
          78.4965339,
          17.3908042
        ]
      },
      "id": "node/6485092469"
    },
    {
      "type": "Feature",
      "properties": {
        "@id": "node/6485104985",
        "addr:city": "Hyderabad",
        "addr:district": "Hyderabad",
        "addr:full": "D No: 16-2-674/12, Judges Colony, Malakpet",
        "addr:postcode": "500024",
        "addr:state": "Telangana",
        "amenity": "hospital",
        "healthcare": "hospital",
        "name": "Hyderabad Kidney And Laparoscopic Centre",
        "source": "OpenGovernmentData"
      },
      "geometry": {
        "type": "Point",
        "coordinates": [
          78.5005935,
          17.3717457
        ]
      },
      "id": "node/6485104985"
    },
    {
      "type": "Feature",
      "properties": {
        "@id": "node/6485134606",
        "addr:district": "Hyderabad",
        "addr:full": "Rahamath Nagar, Yousufguda",
        "addr:postcode": "500045",
        "addr:state": "Telangana",
        "amenity": "hospital",
        "name": "Sadanand Nursing Home",
        "source": "OpenGovernmentData"
      },
      "geometry": {
        "type": "Point",
        "coordinates": [
          78.4242403,
          17.4406252
        ]
      },
      "id": "node/6485134606"
    },
    {
      "type": "Feature",
      "properties": {
        "@id": "node/6485236733",
        "addr:district": "Hyderabad",
        "addr:full": "Plot No 23 & 24, Sanjeev Hosping Colony East Marredpally",
        "addr:postcode": "500026",
        "addr:state": "Telangana",
        "amenity": "hospital",
        "name": "Tanvi Eye Center",
        "source": "OpenGovernmentData"
      },
      "geometry": {
        "type": "Point",
        "coordinates": [
          78.5115261,
          17.4500557
        ]
      },
      "id": "node/6485236733"
    },
    {
      "type": "Feature",
      "properties": {
        "@id": "node/6485264332",
        "addr:district": "Hyderabad",
        "addr:full": "9-1-43/24, Langar House",
        "addr:postcode": "500008",
        "addr:state": "Telangana",
        "amenity": "hospital",
        "name": "Kosaraju Hospitals Private Ltd.",
        "source": "OpenGovernmentData"
      },
      "geometry": {
        "type": "Point",
        "coordinates": [
          78.4190255,
          17.3755381
        ]
      },
      "id": "node/6485264332"
    },
    {
      "type": "Feature",
      "properties": {
        "@id": "node/6485316309",
        "addr:district": "Hyderabad",
        "addr:full": "Shapur Nagar Main Road, Chinthal",
        "addr:postcode": "500055",
        "addr:state": "Telangana",
        "amenity": "hospital",
        "contact:phone": "23093903",
        "healthcare": "hospital",
        "name": "Dr. Laxman's Children Hospital",
        "operator:type": "private",
        "source": "OpenGovernmentData"
      },
      "geometry": {
        "type": "Point",
        "coordinates": [
          78.4472698,
          17.5160364
        ]
      },
      "id": "node/6485316309"
    },
    {
      "type": "Feature",
      "properties": {
        "@id": "node/6485325429",
        "addr:district": "Hyderabad",
        "addr:full": "8-2-120/86/1, Road No. 3, Banjara Hills",
        "addr:postcode": "500034",
        "addr:state": "Telangana",
        "amenity": "hospital",
        "healthcare": "hospital",
        "name": "Maternal Health and Research Trust",
        "source": "OpenGovernmentData"
      },
      "geometry": {
        "type": "Point",
        "coordinates": [
          78.4317076,
          17.4240881
        ]
      },
      "id": "node/6485325429"
    },
    {
      "type": "Feature",
      "properties": {
        "@id": "node/6485435755",
        "addr:district": "Hyderabad",
        "addr:full": "Plot No: 610, Defence Colony, Neredmet 'X' Roads, Secunderabad",
        "addr:postcode": "500094",
        "addr:state": "Telangana",
        "amenity": "hospital",
        "name": "Meda Hospital Pvt. Ltd",
        "source": "OpenGovernmentData"
      },
      "geometry": {
        "type": "Point",
        "coordinates": [
          78.5373142,
          17.4837017
        ]
      },
      "id": "node/6485435755"
    },
    {
      "type": "Feature",
      "properties": {
        "@id": "node/6485441362",
        "addr:district": "Hyderabad",
        "addr:full": "11-5-80, Bazar Ghat ' X' Roads",
        "addr:postcode": "500004",
        "addr:state": "Telangana",
        "amenity": "hospital",
        "name": "Nisha Hospital",
        "source": "OpenGovernmentData"
      },
      "geometry": {
        "type": "Point",
        "coordinates": [
          78.4626817,
          17.3944196
        ]
      },
      "id": "node/6485441362"
    },
    {
      "type": "Feature",
      "properties": {
        "@id": "node/6485458540",
        "addr:district": "Hyderabad",
        "addr:full": "Survey Number 93/2 and 125, Opposite Bharath Petrol Pump, Warangal Highway Mainroad, Shanthi Nagar, Uppal",
        "addr:postcode": "500039",
        "addr:state": "Telangana",
        "amenity": "hospital",
        "email": "uppal@adityahospital.com",
        "fax": "040 33855644",
        "health_facility:type": "Clinical Services;Diagnostic Services;Laboratory Services and Transfusion Services;Pharmacy;Ambulance Services;Dietetics;Physiotherapy;Laboratory Service",
        "healthcare:speciality": "Cardiology;Nephrology;Orthopaedics;Internal Medicine;Critical Care;Radiology;General Medicine;Gastroenterology;Endocrinalogy;Dermatology;Pulmonology;Pediatrics",
        "medical_system": "Allopathic",
        "name": "Aditya Hospital, Uppal",
        "operator:type": "private",
        "phone": "040 33855555",
        "source": "OpenGovernmentData",
        "website": "https://www.adityahospital.com/"
      },
      "geometry": {
        "type": "Point",
        "coordinates": [
          78.5756557,
          17.4017218
        ]
      },
      "id": "node/6485458540"
    },
    {
      "type": "Feature",
      "properties": {
        "@id": "node/6485500890",
        "addr:district": "Hyderabad",
        "addr:full": "L.B. Nagar Road, Near sri nilayam function hall",
        "addr:postcode": "500074",
        "addr:state": "Telangana",
        "amenity": "hospital",
        "name": "Medicare Hospital",
        "source": "OpenGovernmentData"
      },
      "geometry": {
        "type": "Point",
        "coordinates": [
          78.5495599,
          17.3403283
        ]
      },
      "id": "node/6485500890"
    },
    {
      "type": "Feature",
      "properties": {
        "@id": "node/6485566735",
        "addr:district": "Hyderabad",
        "addr:full": "Datla Pride, Punjagutta Officers Colony, Punjagutta",
        "addr:postcode": "500082",
        "addr:state": "Telangana",
        "amenity": "hospital",
        "email": "panjagutta@dragarwal.com",
        "healthcare": "hospital",
        "healthcare:speciality": "Cataract Surgery;Cornea and Refractive;Retina;Oculoplastic;Glaucoma;Uvea;Neuro Ophthamology;Squint and Pediatric Opthalmology;Lasik",
        "medical_system": "Allopathic",
        "name": "Dr.Agarwal's Eye Hospital",
        "operator": "Dr. Agarwal's Eye Hospital",
        "operator:type": "private",
        "operator:wikidata": "Q17052044",
        "phone": "040 23400081",
        "source": "OpenGovernmentData",
        "website": "https://www.dragarwal.com/"
      },
      "geometry": {
        "type": "Point",
        "coordinates": [
          78.4506487,
          17.4298167
        ]
      },
      "id": "node/6485566735"
    },
    {
      "type": "Feature",
      "properties": {
        "@id": "node/6485587478",
        "addr:district": "Hyderabad",
        "addr:full": "Door No.5-3-832/8/1&2, Indian Oil Petrol Pump, M.J. Market",
        "addr:postcode": "500012",
        "addr:state": "Telangana",
        "amenity": "hospital",
        "name": "Goshamahal Hospital",
        "source": "OpenGovernmentData"
      },
      "geometry": {
        "type": "Point",
        "coordinates": [
          78.4727287,
          17.3818518
        ]
      },
      "id": "node/6485587478"
    },
    {
      "type": "Feature",
      "properties": {
        "@id": "node/6485594351",
        "addr:district": "Hyderabad",
        "addr:full": "Fatima Nagar, DLRL Road, Chandrayangutta",
        "addr:postcode": "500005",
        "addr:state": "Telangana",
        "amenity": "hospital",
        "name": "Niyar Nursing Home",
        "source": "OpenGovernmentData"
      },
      "geometry": {
        "type": "Point",
        "coordinates": [
          78.4879965,
          17.3313005
        ]
      },
      "id": "node/6485594351"
    },
    {
      "type": "Feature",
      "properties": {
        "@id": "node/6485603800",
        "addr:district": "Hyderabad",
        "addr:full": "H.No: 3-4-140, Barkathpura",
        "addr:postcode": "500027",
        "addr:state": "Telangana",
        "amenity": "hospital",
        "name": "Shalini Hospitals",
        "source": "OpenGovernmentData"
      },
      "geometry": {
        "type": "Point",
        "coordinates": [
          78.4957641,
          17.3925332
        ]
      },
      "id": "node/6485603800"
    },
    {
      "type": "Feature",
      "properties": {
        "@id": "node/6485621541",
        "addr:district": "Hyderabad",
        "addr:full": "17-2-549, Saidabad",
        "addr:postcode": "500059",
        "addr:state": "Telangana",
        "amenity": "hospital",
        "name": "Vivek Hospital",
        "source": "OpenGovernmentData"
      },
      "geometry": {
        "type": "Point",
        "coordinates": [
          78.504485,
          17.3598544
        ]
      },
      "id": "node/6485621541"
    },
    {
      "type": "Feature",
      "properties": {
        "@id": "node/6485645255",
        "addr:district": "Hyderabad",
        "addr:full": "H.No. 10-673/1, Near Hanuman Temple, Veernagar, Saifabad",
        "addr:postcode": "500004",
        "addr:state": "Telangana",
        "amenity": "hospital",
        "fax": "040 23314995",
        "health_facility:type": "OP and IP Billing Services;Central Sterile SupplyService;Linen and Laundry Service;Canteen;Housekeeping Services;Bio Medical Waste Management;Security Services",
        "healthcare:speciality": "Obstetrics and Gynaecology;Infertility Clinic;General Medicine;General Surgery;Orthopaedics;Paediatrics;Neonatology;Immunization Clinic;Urology;ENT;Dermatology;Casuality",
        "medical_system": "Allopathic",
        "name": "Vijay Marie Hospital",
        "operator:type": "private",
        "phone": "040 23307350",
        "source": "OpenGovernmentData",
        "website": "https://www.vijaymariehospital.org/"
      },
      "geometry": {
        "type": "Point",
        "coordinates": [
          78.4559655,
          17.4073909
        ]
      },
      "id": "node/6485645255"
    },
    {
      "type": "Feature",
      "properties": {
        "@id": "node/6485663642",
        "addr:district": "Hyderabad",
        "addr:full": "Plot No. 43, Opp. St Mary's Church, S.D Road",
        "addr:postcode": "500003",
        "addr:state": "Telangana",
        "amenity": "hospital",
        "healthcare": "hospital",
        "name": "Madhava Nursing Home",
        "source": "OpenGovernmentData"
      },
      "geometry": {
        "type": "Point",
        "coordinates": [
          78.5020941,
          17.4409578
        ]
      },
      "id": "node/6485663642"
    },
    {
      "type": "Feature",
      "properties": {
        "@id": "node/6485668057",
        "addr:city": "Hyderabad",
        "addr:district": "Hyderabad",
        "addr:full": "14-2-163, Opposite L.M.G. School, Joshiwadi, Begum Bazar",
        "addr:postcode": "500012",
        "addr:state": "Telangana",
        "amenity": "hospital",
        "name": "Deepa Hospital",
        "source": "OpenGovernmentData"
      },
      "geometry": {
        "type": "Point",
        "coordinates": [
          78.4676445,
          17.3763924
        ]
      },
      "id": "node/6485668057"
    },
    {
      "type": "Feature",
      "properties": {
        "@id": "node/6485763799",
        "addr:district": "Hyderabad",
        "addr:full": "8-4-123, Near Old Bowenpally Bus Stop",
        "addr:postcode": "500011",
        "addr:state": "Telangana",
        "amenity": "hospital",
        "name": "Vinciti Hospital",
        "source": "OpenGovernmentData"
      },
      "geometry": {
        "type": "Point",
        "coordinates": [
          78.4798486,
          17.4767414
        ]
      },
      "id": "node/6485763799"
    },
    {
      "type": "Feature",
      "properties": {
        "@id": "node/6485786103",
        "addr:district": "Hyderabad",
        "addr:full": "HUDA Colony, Opp. Kidzonia International Preschool, Chanda Nagar",
        "addr:postcode": "500050",
        "addr:state": "Telangana",
        "amenity": "hospital",
        "healthcare": "hospital",
        "name": "Sandhya Nursing Home",
        "source": "OpenGovernmentData"
      },
      "geometry": {
        "type": "Point",
        "coordinates": [
          78.327158,
          17.4932209
        ]
      },
      "id": "node/6485786103"
    },
    {
      "type": "Feature",
      "properties": {
        "@id": "node/6485824573",
        "addr:district": "Hyderabad",
        "addr:full": "12-2-718, Khader Bagh Road, Toli Chowki, Padmanabha Nagar, Mehdipatnam",
        "addr:postcode": "500028",
        "addr:state": "Telangana",
        "amenity": "hospital",
        "check_date": "2025-03-25",
        "contact:mobile": "+91 7702001163",
        "contact:phone": "040-2351 5100",
        "name": "Premier Hospital",
        "source": "OpenGovernmentData",
        "website": "https://www.premierhospital.in"
      },
      "geometry": {
        "type": "Point",
        "coordinates": [
          78.4268716,
          17.3915772
        ]
      },
      "id": "node/6485824573"
    },
    {
      "type": "Feature",
      "properties": {
        "@id": "node/6485835298",
        "addr:district": "Hyderabad",
        "addr:full": "Padmashali Colony, Kawadiguda, Near Praga Tools",
        "addr:postcode": "500080",
        "addr:state": "Telangana",
        "amenity": "hospital",
        "name": "Vasundhara Nursing Home",
        "source": "OpenGovernmentData"
      },
      "geometry": {
        "type": "Point",
        "coordinates": [
          78.4951296,
          17.4226373
        ]
      },
      "id": "node/6485835298"
    },
    {
      "type": "Feature",
      "properties": {
        "@id": "node/6485848266",
        "addr:district": "Hyderabad",
        "addr:full": "1-88/5/A, Plot No. 274, Opp. Madhapur Police Station, Kavuri Hills",
        "addr:postcode": "500081",
        "addr:state": "Telangana",
        "amenity": "hospital",
        "healthcare": "hospital",
        "name": "L.V. Prasad Eye Institute",
        "source": "OpenGovernmentData"
      },
      "geometry": {
        "type": "Point",
        "coordinates": [
          78.3958378,
          17.4391256
        ]
      },
      "id": "node/6485848266"
    },
    {
      "type": "Feature",
      "properties": {
        "@id": "node/6485852123",
        "addr:district": "Hyderabad",
        "addr:full": "9-4-87/5/2, Lane Beside Andhra Bank, Tolichowki",
        "addr:postcode": "500008",
        "addr:state": "Telangana",
        "amenity": "hospital",
        "healthcare": "hospital",
        "name": "Shamshad Children's Hospital",
        "source": "OpenGovernmentData"
      },
      "geometry": {
        "type": "Point",
        "coordinates": [
          78.4175335,
          17.3979236
        ]
      },
      "id": "node/6485852123"
    },
    {
      "type": "Feature",
      "properties": {
        "@id": "node/6485868703",
        "addr:district": "Hyderabad",
        "addr:full": "6-2-13, Lakdikapul",
        "addr:postcode": "500004",
        "addr:state": "Telangana",
        "amenity": "hospital",
        "name": "Curewell Hospital",
        "source": "OpenGovernmentData"
      },
      "geometry": {
        "type": "Point",
        "coordinates": [
          78.4606527,
          17.4059206
        ]
      },
      "id": "node/6485868703"
    },
    {
      "type": "Feature",
      "properties": {
        "@id": "node/6485873602",
        "addr:district": "Hyderabad",
        "addr:full": "9-4-269, Regimental Bazar, Opp Main Gate",
        "addr:postcode": "500025",
        "addr:state": "Telangana",
        "amenity": "hospital",
        "healthcare": "hospital",
        "name": "Saluja Hospital",
        "source": "OpenGovernmentData"
      },
      "geometry": {
        "type": "Point",
        "coordinates": [
          78.5028817,
          17.4350761
        ]
      },
      "id": "node/6485873602"
    },
    {
      "type": "Feature",
      "properties": {
        "@id": "node/6485880627",
        "addr:district": "Hyderabad",
        "addr:full": "SRT 641-642, Opposite Vinayaka Ground, Sanathnagar",
        "addr:postcode": "500018",
        "addr:state": "Telangana",
        "amenity": "hospital",
        "name": "Vijaya Krishna Nursing Home",
        "source": "OpenGovernmentData"
      },
      "geometry": {
        "type": "Point",
        "coordinates": [
          78.4444669,
          17.4525697
        ]
      },
      "id": "node/6485880627"
    },
    {
      "type": "Feature",
      "properties": {
        "@id": "node/6485889000",
        "addr:district": "Hyderabad",
        "addr:full": "9-1-43/8, Near Alankar Cinemas, Langar Houz",
        "addr:postcode": "500008",
        "addr:state": "Telangana",
        "amenity": "hospital",
        "name": "Vasu Hospital",
        "source": "OpenGovernmentData"
      },
      "geometry": {
        "type": "Point",
        "coordinates": [
          78.4190007,
          17.376004
        ]
      },
      "id": "node/6485889000"
    },
    {
      "type": "Feature",
      "properties": {
        "@id": "node/6486018651",
        "addr:district": "Hyderabad",
        "addr:full": "22-2-403, Hussaini Mohalla, Noor Khan Bazar",
        "addr:postcode": "500024",
        "addr:state": "Telangana",
        "amenity": "hospital",
        "name": "Jaferia Hospital",
        "source": "OpenGovernmentData"
      },
      "geometry": {
        "type": "Point",
        "coordinates": [
          78.487161,
          17.370373
        ]
      },
      "id": "node/6486018651"
    },
    {
      "type": "Feature",
      "properties": {
        "@id": "node/6486037407",
        "addr:district": "Hyderabad",
        "addr:full": "Plot No. 3,Ganesh Nagar Colony,Opposite Smt. Sarojini Pulla Reddy House, Hasmathpet Road, New Bowenpally",
        "addr:postcode": "500011",
        "addr:state": "Telangana",
        "amenity": "hospital",
        "fax": "040 27957958",
        "name": "Cure Hospitals",
        "source": "OpenGovernmentData"
      },
      "geometry": {
        "type": "Point",
        "coordinates": [
          78.4780213,
          17.4595888
        ]
      },
      "id": "node/6486037407"
    },
    {
      "type": "Feature",
      "properties": {
        "@id": "node/6486039380",
        "addr:district": "Hyderabad",
        "addr:full": "H. No. 18-8- 589/54, Kumarwadi Colony, Edi Bazar",
        "addr:postcode": "500023",
        "addr:state": "Telangana",
        "amenity": "hospital",
        "name": "Sravani Hospital",
        "source": "OpenGovernmentData"
      },
      "geometry": {
        "type": "Point",
        "coordinates": [
          78.4916899,
          17.3503388
        ]
      },
      "id": "node/6486039380"
    },
    {
      "type": "Feature",
      "properties": {
        "@id": "node/6486059355",
        "addr:district": "Hyderabad",
        "addr:full": "35-601/1, G K Colony, Sainikpuri",
        "addr:postcode": "500094",
        "addr:state": "Telangana",
        "amenity": "hospital",
        "name": "Rishab Eye Centre",
        "source": "OpenGovernmentData"
      },
      "geometry": {
        "type": "Point",
        "coordinates": [
          78.5334009,
          17.4810002
        ]
      },
      "id": "node/6486059355"
    },
    {
      "type": "Feature",
      "properties": {
        "@id": "node/6486149790",
        "addr:district": "Hyderabad",
        "addr:full": "53, Bhima Shankar Complex Malani Housing Colony Thokatta",
        "addr:postcode": "500009",
        "addr:state": "Telangana",
        "amenity": "hospital",
        "name": "Raghavendra Orthopaedic and Diagnostic Centre",
        "source": "OpenGovernmentData"
      },
      "geometry": {
        "type": "Point",
        "coordinates": [
          78.4784049,
          17.4570199
        ]
      },
      "id": "node/6486149790"
    },
    {
      "type": "Feature",
      "properties": {
        "@id": "node/6486930279",
        "addr:district": "Hyderabad",
        "addr:full": "MIG 244 & 245, Road No 4, KPHB, Kukatpally",
        "addr:postcode": "500072",
        "addr:state": "Telangana",
        "amenity": "hospital",
        "check_date": "2024-03-16",
        "contact:email": "info@microenthospital.com",
        "contact:phone": "+91 9100771482; 040 42431234",
        "name": "Micro Care Ent Hospital and Research Institute",
        "source": "OpenGovernmentData",
        "website": "https://www.microenthospital.com"
      },
      "geometry": {
        "type": "Point",
        "coordinates": [
          78.3985448,
          17.4940242
        ]
      },
      "id": "node/6486930279"
    },
    {
      "type": "Feature",
      "properties": {
        "@id": "node/6486935781",
        "addr:district": "Hyderabad",
        "addr:full": "401 to 404, 4th Floor, Tara Tycoon Tower, Opp. Aradhana Theatre, Tarnaka",
        "addr:postcode": "500017",
        "addr:state": "Telangana",
        "amenity": "hospital",
        "name": "Anand Vitreo Retina Institute Pvt Ltd",
        "source": "OpenGovernmentData"
      },
      "geometry": {
        "type": "Point",
        "coordinates": [
          78.5340929,
          17.4255423
        ]
      },
      "id": "node/6486935781"
    },
    {
      "type": "Feature",
      "properties": {
        "@id": "node/6486941192",
        "addr:district": "Hyderabad",
        "addr:full": "Plot No.7, Pragathinagar, Officers Colony, Sainatupuram, Saibaba Temple Road, Besides Karur Vysya Bank",
        "addr:postcode": "500062",
        "addr:state": "Telangana",
        "amenity": "hospital",
        "name": "Vanaja Hospitals",
        "source": "OpenGovernmentData"
      },
      "geometry": {
        "type": "Point",
        "coordinates": [
          78.5529341,
          17.4775643
        ]
      },
      "id": "node/6486941192"
    },
    {
      "type": "Feature",
      "properties": {
        "@id": "node/6487033522",
        "addr:district": "Hyderabad",
        "addr:full": "Plot No.4, Thyagaraya Nagar, Dr. A.S. Rao Nagar, Secunderabad",
        "addr:postcode": "500062",
        "addr:state": "Telangana",
        "amenity": "hospital",
        "contact:email": "geetanjali_ivf@yahoo.com",
        "name": "Geetanjali Test Tube Baby Centre",
        "phone": "040-27127676",
        "source": "OpenGovernmentData",
        "website": "https://www.geetanjaliivf.com"
      },
      "geometry": {
        "type": "Point",
        "coordinates": [
          78.5563056,
          17.4812995
        ]
      },
      "id": "node/6487033522"
    },
    {
      "type": "Feature",
      "properties": {
        "@id": "node/6487092948",
        "addr:district": "Hyderabad",
        "addr:full": "Purani Haveli, Near City Civil Court, Pathar Gatti",
        "addr:postcode": "500002",
        "addr:state": "Telangana",
        "amenity": "hospital",
        "contact:email": "mspdscgh@gmail.com",
        "email": "hrpdscgh@gmail.com",
        "fax": "040-24577009",
        "name": "Princess Durru Shehvar Children's And General Hospital",
        "phone": "040-24520480",
        "source": "OpenGovernmentData",
        "website": "www.pdscgh.com",
        "wikidata": "Q5316757",
        "wikipedia": "en:Durru Shehvar Children's & General Hospital"
      },
      "geometry": {
        "type": "Point",
        "coordinates": [
          78.4826575,
          17.367312
        ]
      },
      "id": "node/6487092948"
    },
    {
      "type": "Feature",
      "properties": {
        "@id": "node/6487102159",
        "addr:district": "Hyderabad",
        "addr:full": "Plot No. 21, Nagole",
        "addr:postcode": "500035",
        "addr:state": "Telangana",
        "amenity": "hospital",
        "fax": "24221935",
        "name": "SRI LAXMI MULTI SPECIALITY HOSPITAL, LAPROSCOPIC AND RESEARCH CENTRE",
        "source": "OpenGovernmentData"
      },
      "geometry": {
        "type": "Point",
        "coordinates": [
          78.5569091,
          17.3760514
        ]
      },
      "id": "node/6487102159"
    },
    {
      "type": "Feature",
      "properties": {
        "@id": "node/6487115764",
        "addr:district": "Hyderabad",
        "addr:full": "16-6-104 To 109, Kamal Theatre Complex, Chaderghat, Opposite To Hotel Niagara",
        "addr:postcode": "500024",
        "addr:state": "Telangana",
        "amenity": "hospital",
        "name": "Thumbay Hospital New Life",
        "phone": "040 6723 5555; 040 6765 6565; 040 2460 0600",
        "source": "OpenGovernmentData",
        "website": "https://thumbayhospital.com"
      },
      "geometry": {
        "type": "Point",
        "coordinates": [
          78.490338,
          17.376873
        ]
      },
      "id": "node/6487115764"
    },
    {
      "type": "Feature",
      "properties": {
        "@id": "node/6487116810",
        "addr:district": "Hyderabad",
        "addr:full": "Plot No. 225/A, Road No 17, Jubilee Hills Check Post",
        "addr:postcode": "500033",
        "addr:state": "Telangana",
        "amenity": "hospital",
        "healthcare": "hospital",
        "name": "Srivision Super Speciality Eye Hospital",
        "source": "OpenGovernmentData"
      },
      "geometry": {
        "type": "Point",
        "coordinates": [
          78.4173229,
          17.4343967
        ]
      },
      "id": "node/6487116810"
    },
    {
      "type": "Feature",
      "properties": {
        "@id": "node/6487122129",
        "addr:district": "Hyderabad",
        "addr:full": "3-9-9-10/14, Saradhanagar, Ramantapur",
        "addr:postcode": "500013",
        "addr:state": "Telangana",
        "amenity": "hospital",
        "name": "Anantha Lakshmi Kidney and Multi Specialty Hospital",
        "source": "OpenGovernmentData"
      },
      "geometry": {
        "type": "Point",
        "coordinates": [
          78.5366464,
          17.3974654
        ]
      },
      "id": "node/6487122129"
    },
    {
      "type": "Feature",
      "properties": {
        "@id": "node/6487127620",
        "addr:district": "Hyderabad",
        "addr:full": "8-3-667/1, Near K.K. Towers, Lane Opposite Allahabad Bank, Engineer's Colony, Yousufguda Road",
        "addr:postcode": "500073",
        "addr:state": "Telangana",
        "amenity": "hospital",
        "healthcare": "hospital",
        "name": "Susheela Hospital",
        "phone": "040 23730020",
        "source": "OpenGovernmentData"
      },
      "geometry": {
        "type": "Point",
        "coordinates": [
          78.4365799,
          17.4352974
        ]
      },
      "id": "node/6487127620"
    },
    {
      "type": "Feature",
      "properties": {
        "@id": "node/6487137845",
        "addr:district": "Hyderabad",
        "addr:full": "#12-2-823/A/10, Opposite Jaya Bhushan Bus Stop & ICICI Bank, Santosh Nagar Colony, Mehdipatnam",
        "addr:postcode": "500028",
        "addr:state": "Telangana",
        "amenity": "hospital",
        "contact:email": "anishkolly@theendocrinologist.com",
        "contact:phone": "040-66563334",
        "healthcare": "hospital",
        "name": "Jaya Bhushan Hospitals Pvt. Ltd",
        "source": "OpenGovernmentData"
      },
      "geometry": {
        "type": "Point",
        "coordinates": [
          78.4386519,
          17.394618
        ]
      },
      "id": "node/6487137845"
    },
    {
      "type": "Feature",
      "properties": {
        "@id": "node/6487162039",
        "addr:district": "Hyderabad",
        "addr:full": "First Floor, Zore Complex, Above Red Rose Restaurant, Opp. NIMS, Panjagutta Main Road",
        "addr:postcode": "500082",
        "addr:state": "Telangana",
        "amenity": "hospital",
        "contact:email": "dr@asianentcarecentre.com",
        "name": "Asian E.N.T. Care Centre",
        "phone": "+91 8008188800; 040-23379237",
        "source": "OpenGovernmentData",
        "website": "https://asianentcarecentre.com/"
      },
      "geometry": {
        "type": "Point",
        "coordinates": [
          78.4556772,
          17.4216154
        ]
      },
      "id": "node/6487162039"
    },
    {
      "type": "Feature",
      "properties": {
        "@id": "node/6487200705",
        "addr:district": "Hyderabad",
        "addr:full": "12-2-790/74, Ayodhya Nagar Colony Mehdipatnam",
        "addr:postcode": "500028",
        "addr:state": "Telangana",
        "amenity": "hospital",
        "name": "Ayodhya Nursing Home",
        "source": "OpenGovernmentData"
      },
      "geometry": {
        "type": "Point",
        "coordinates": [
          78.4348029,
          17.3913379
        ]
      },
      "id": "node/6487200705"
    },
    {
      "type": "Feature",
      "properties": {
        "@id": "node/6487263499",
        "addr:district": "Hyderabad",
        "addr:full": "8-1-206/A,Opposite Shivalayam Temple, Raghavendra Hills, Mailardevpally, Nawab Saheb Kunta",
        "addr:postcode": "500005",
        "addr:state": "Telangana",
        "amenity": "hospital",
        "name": "Sree Raghavendra Hospital",
        "source": "OpenGovernmentData"
      },
      "geometry": {
        "type": "Point",
        "coordinates": [
          78.4453909,
          17.3178961
        ]
      },
      "id": "node/6487263499"
    },
    {
      "type": "Feature",
      "properties": {
        "@id": "node/6487281382",
        "addr:district": "Secunderabad",
        "addr:full": "1st & 2nd Floor, Gude’s Plaza, Above ICICI Bank, #77, Seshachala Colony, East Marredpally main Road",
        "addr:postcode": "500026",
        "addr:state": "Telangana",
        "amenity": "hospital",
        "name": "NephroPlus Dialysis Centre",
        "phone": "040-40063765",
        "source": "OpenGovernmentData",
        "website": "https://www.nephroplus.com/"
      },
      "geometry": {
        "type": "Point",
        "coordinates": [
          78.5099416,
          17.4502892
        ]
      },
      "id": "node/6487281382"
    },
    {
      "type": "Feature",
      "properties": {
        "@id": "node/6487288564",
        "addr:district": "Hyderabad",
        "addr:full": "Bairamlguda, Nagarjune Sagar Road;Ground Floor(North Block), Room No. 702 to 710, D.No: 08-16-01, Sowbhagya Nagar, Sagar Road, Saroor Nagar",
        "addr:postcode": "500035",
        "addr:state": "Telangana",
        "amenity": "hospital",
        "fax": "24031184; 24030077",
        "healthcare": "blood_bank",
        "healthcare:speciality": "multi specialty",
        "medical_system": "Allopathic",
        "name": "Aware gleneagles Global Hospital;Aware Gleneagles Global Hospital's Blood Bank",
        "operator:type": "private",
        "phone": "040 24111111;04024111111, Extn: 787",
        "source": "OpenGovernmentData",
        "website": "http://www.globalhospitalsindia.com/"
      },
      "geometry": {
        "type": "Point",
        "coordinates": [
          78.5399126,
          17.345958
        ]
      },
      "id": "node/6487288564"
    },
    {
      "type": "Feature",
      "properties": {
        "@id": "node/6487305068",
        "addr:district": "Hyderabad",
        "addr:full": "Opp. Venkateswara Swamy Temple, Chandanagar, Gangaram",
        "addr:postcode": "500050",
        "addr:state": "Telangana",
        "amenity": "hospital",
        "email": "saisivahospital@gmail.com",
        "fax": "40175720",
        "healthcare": "hospital",
        "name": "Sai Siva Children’s Hospital",
        "phone": "040- 23037879",
        "source": "OpenGovernmentData",
        "website": "https://www.saisivahospital.com/"
      },
      "geometry": {
        "type": "Point",
        "coordinates": [
          78.3240189,
          17.4941988
        ]
      },
      "id": "node/6487305068"
    },
    {
      "type": "Feature",
      "properties": {
        "@id": "node/6487326328",
        "addr:district": "Hyderabad",
        "addr:full": "H.No.12-11-251, Namalagundu, Seethafalmandi",
        "addr:postcode": "500061",
        "addr:state": "Telangana",
        "amenity": "hospital",
        "name": "Sri Tirumala Maternity and Nursing Home",
        "source": "OpenGovernmentData"
      },
      "geometry": {
        "type": "Point",
        "coordinates": [
          78.5163756,
          17.4232391
        ]
      },
      "id": "node/6487326328"
    },
    {
      "type": "Feature",
      "properties": {
        "@id": "node/6487365747",
        "addr:district": "Hyderabad",
        "addr:full": "Ghazi Maillat Colony, Chandrayan Gutta",
        "addr:postcode": "500053",
        "addr:state": "Telangana",
        "amenity": "hospital",
        "name": "Marvel Maternity and Nursing Home",
        "source": "OpenGovernmentData"
      },
      "geometry": {
        "type": "Point",
        "coordinates": [
          78.4787576,
          17.3292521
        ]
      },
      "id": "node/6487365747"
    },
    {
      "type": "Feature",
      "properties": {
        "@id": "node/6487452726",
        "addr:district": "Hyderabad",
        "addr:full": "1-1-336/36A, Vivek Nagar, Lane Opp To Sri Tyagaraya Gana Sabha , Chikkadpally",
        "addr:postcode": "500020",
        "addr:state": "Telangana",
        "amenity": "hospital",
        "name": "Akira Eye Surgical Annexe",
        "source": "OpenGovernmentData"
      },
      "geometry": {
        "type": "Point",
        "coordinates": [
          78.4924355,
          17.4034853
        ]
      },
      "id": "node/6487452726"
    },
    {
      "type": "Feature",
      "properties": {
        "@id": "node/6487508103",
        "addr:district": "Hyderabad",
        "addr:full": "6-94/6/C, Manjeera Road, Opposite Hotel Swagath Residency, Chandanagar",
        "addr:postcode": "500050",
        "addr:state": "Telangana",
        "amenity": "hospital",
        "contact:email": "kadiminursinghome@gmail.com",
        "contact:mobile": "8374805630",
        "emergency_telephone_code": "8374805630",
        "fax": "040 23036926; 040 23031454",
        "healthcare": "hospital",
        "healthcare:speciality": "Laparoscopic Surgery and General Surgery;Obstetrics and Gynaecology;Infertility;Diabetes Care;Orthopadics and Trauma;Physician Care;Skin and Cosmetology;Eye;ENT;Urology;Dietician;Physiotherapy",
        "medical_system": "Allopathic",
        "name": "Kadimi Nursing Home",
        "operator:type": "private",
        "phone": "040 23033599;040 23036926;",
        "source": "OpenGovernmentData",
        "website": "https://www.kadiminursinghome.com/"
      },
      "geometry": {
        "type": "Point",
        "coordinates": [
          78.3267166,
          17.4939308
        ]
      },
      "id": "node/6487508103"
    },
    {
      "type": "Feature",
      "properties": {
        "@id": "node/6487508548",
        "addr:district": "Hyderabad",
        "addr:full": "12-143, Community Hall Road, Adarsh Nagar, Opposite IDPL Colony Bus Stop, Balanagar",
        "addr:postcode": "500037",
        "addr:state": "Telangana",
        "amenity": "hospital",
        "name": "Jayasai Hospital For Women",
        "source": "OpenGovernmentData"
      },
      "geometry": {
        "type": "Point",
        "coordinates": [
          78.4471166,
          17.4850586
        ]
      },
      "id": "node/6487508548"
    },
    {
      "type": "Feature",
      "properties": {
        "@id": "node/6487609803",
        "addr:district": "Hyderabad",
        "addr:full": "7-10, Opp. Pearls Inn Hotel, Madinaguda, Miyapur",
        "addr:postcode": "500050",
        "addr:state": "Telangana",
        "amenity": "hospital",
        "name": "Ragi Hospital",
        "source": "OpenGovernmentData"
      },
      "geometry": {
        "type": "Point",
        "coordinates": [
          78.3410724,
          17.4957541
        ]
      },
      "id": "node/6487609803"
    },
    {
      "type": "Feature",
      "properties": {
        "@id": "node/6487635185",
        "addr:city": "Hyderabad",
        "addr:district": "Hyderabad",
        "addr:full": "H.No: 16-11-739/1 & 2, Kamala Complex, Dilsukhnagar",
        "addr:postcode": "500060",
        "addr:state": "Telangana",
        "alt_name": "KAMALA HOSPITAL",
        "amenity": "hospital",
        "contact:phone": "04024152266 ; 24152277 ; 24150698;3753053",
        "healthcare": "hospital",
        "name": "SRESHTA SRI KAMALA HOSPITALS",
        "operator:type": "private",
        "source": "OpenGovernmentData"
      },
      "geometry": {
        "type": "Point",
        "coordinates": [
          78.5220303,
          17.3682886
        ]
      },
      "id": "node/6487635185"
    },
    {
      "type": "Feature",
      "properties": {
        "@id": "node/6487647064",
        "addr:district": "Hyderabad",
        "addr:full": "Sainikpuri, Secunderabad",
        "addr:postcode": "500094",
        "addr:state": "Telangana",
        "amenity": "hospital",
        "name": "Bhavan's Sarada Devi Hospital",
        "source": "OpenGovernmentData"
      },
      "geometry": {
        "type": "Point",
        "coordinates": [
          78.5510686,
          17.4825166
        ]
      },
      "id": "node/6487647064"
    },
    {
      "type": "Feature",
      "properties": {
        "@id": "node/6487654694",
        "addr:district": "Hyderabad",
        "addr:full": "Plot No. 18, Indrapuri Railway Colony, West Marredpally",
        "addr:postcode": "500026",
        "addr:state": "Telangana",
        "amenity": "hospital",
        "fax": "040 27712131",
        "name": "Sree Maruthi Nursing Home",
        "source": "OpenGovernmentData"
      },
      "geometry": {
        "type": "Point",
        "coordinates": [
          78.5087728,
          17.4549634
        ]
      },
      "id": "node/6487654694"
    },
    {
      "type": "Feature",
      "properties": {
        "@id": "node/6487663429",
        "addr:district": "Hyderabad",
        "addr:full": "H.No.: 3-6-69/2&C, Avanthi Nagar Colony, Near Skyline Theater, Opp. Talwalkar's Fitness Centre, Basheerbagh",
        "addr:postcode": "500029",
        "addr:state": "Telangana",
        "amenity": "hospital",
        "name": "Sulochana Eye Centre",
        "name:te": "సులోచన ఐ సెంటర్",
        "source": "OpenGovernmentData"
      },
      "geometry": {
        "type": "Point",
        "coordinates": [
          78.4776311,
          17.4019445
        ]
      },
      "id": "node/6487663429"
    },
    {
      "type": "Feature",
      "properties": {
        "@id": "node/6487670042",
        "addr:district": "Hyderabad",
        "addr:full": "E-30,31 Vikrampuri Colony",
        "addr:postcode": "500003",
        "addr:state": "Telangana",
        "amenity": "hospital",
        "fax": "27814173",
        "name": "Parvathi Multispeciality Hospital",
        "source": "OpenGovernmentData"
      },
      "geometry": {
        "type": "Point",
        "coordinates": [
          78.5014417,
          17.4565491
        ]
      },
      "id": "node/6487670042"
    },
    {
      "type": "Feature",
      "properties": {
        "@id": "node/6487670477",
        "addr:district": "Hyderabad",
        "addr:full": "#16-6-326, Osmanpura, Chaderghat",
        "addr:postcode": "500024",
        "addr:state": "Telangana",
        "amenity": "hospital",
        "contact:email": "muslimmaternityhospital@gmail.com",
        "contact:phone": "040-24522005",
        "name": "Muslim Maternity and Children's Hospital",
        "source": "OpenGovernmentData",
        "website": "https://www.muslimmaternityhospital.in/"
      },
      "geometry": {
        "type": "Point",
        "coordinates": [
          78.4898807,
          17.3751644
        ]
      },
      "id": "node/6487670477"
    },
    {
      "type": "Feature",
      "properties": {
        "@id": "node/6487677480",
        "addr:district": "Hyderabad",
        "addr:full": "Near Andhra Bank ATM,Indira Nagar,Dilsukhnagar",
        "addr:postcode": "500036",
        "addr:state": "Telangana",
        "amenity": "hospital",
        "healthcare": "hospital",
        "name": "Shashi Hospital",
        "source": "OpenGovernmentData"
      },
      "geometry": {
        "type": "Point",
        "coordinates": [
          78.5213698,
          17.3695416
        ]
      },
      "id": "node/6487677480"
    },
    {
      "type": "Feature",
      "properties": {
        "@id": "node/6487685466",
        "addr:district": "Hyderabad",
        "addr:full": "8-84, Temple Road, Alwal",
        "addr:postcode": "500010",
        "addr:state": "Telangana",
        "amenity": "hospital",
        "name": "Sundari Maternity and General Hospital",
        "source": "OpenGovernmentData"
      },
      "geometry": {
        "type": "Point",
        "coordinates": [
          78.5132843,
          17.5028854
        ]
      },
      "id": "node/6487685466"
    },
    {
      "type": "Feature",
      "properties": {
        "@id": "node/6487777184",
        "addr:district": "Hyderabad",
        "addr:full": "Plot No. 65, Near Bank of Baroda, Nagole Cross Road",
        "addr:postcode": "500035",
        "addr:state": "Telangana",
        "amenity": "hospital",
        "fax": "040 24051203",
        "name": "Bhavya Hospital",
        "source": "OpenGovernmentData"
      },
      "geometry": {
        "type": "Point",
        "coordinates": [
          78.557005,
          17.3771559
        ]
      },
      "id": "node/6487777184"
    },
    {
      "type": "Feature",
      "properties": {
        "@id": "node/6487866891",
        "addr:district": "Hyderabad",
        "addr:full": "8-3-229/37, Tahir Villa, Near Dena Bank, Opposite St Mary’s Junior College, Yousufguda Check Post",
        "addr:postcode": "500045",
        "addr:state": "Telangana",
        "amenity": "hospital",
        "contact:email": "drsmguro@gmail.com",
        "contact:phone": "040-23608179",
        "healthcare": "hospital",
        "name": "Fehmi Care Hospital",
        "source": "OpenGovernmentData",
        "website": "https://fehmicarehospital.com"
      },
      "geometry": {
        "type": "Point",
        "coordinates": [
          78.4272954,
          17.437122
        ]
      },
      "id": "node/6487866891"
    },
    {
      "type": "Feature",
      "properties": {
        "@id": "node/6487879316",
        "addr:district": "Hyderabad",
        "addr:full": "29-75/6E, Kakatiya Nagar, Near Old Police Station, Neredmet, Secunderabad",
        "addr:postcode": "500056",
        "addr:state": "Telangana",
        "amenity": "hospital",
        "name": "Sriya Hospital",
        "source": "OpenGovernmentData",
        "website": "http://www.sriyahospital.com"
      },
      "geometry": {
        "type": "Point",
        "coordinates": [
          78.5394748,
          17.4751261
        ]
      },
      "id": "node/6487879316"
    },
    {
      "type": "Feature",
      "properties": {
        "@id": "node/6487886439",
        "addr:district": "Hyderabad",
        "addr:full": "Plot No's. 33,34,35, Alluri Sita Ram Raju Colony, Near DK enclave",
        "addr:postcode": "500050",
        "addr:state": "Telangana",
        "amenity": "hospital",
        "healthcare": "hospital",
        "name": "Mirra Multi Specialty Hospital",
        "source": "OpenGovernmentData"
      },
      "geometry": {
        "type": "Point",
        "coordinates": [
          78.3564663,
          17.5044701
        ]
      },
      "id": "node/6487886439"
    },
    {
      "type": "Feature",
      "properties": {
        "@id": "node/6487920155",
        "addr:district": "Hyderabad",
        "addr:full": "6-1-103&109, Padmaraonagar, Secunderabad",
        "addr:postcode": "500025",
        "addr:state": "Telangana",
        "amenity": "hospital",
        "name": "Pulse Hospitals",
        "source": "OpenGovernmentData"
      },
      "geometry": {
        "type": "Point",
        "coordinates": [
          78.5041333,
          17.421726
        ]
      },
      "id": "node/6487920155"
    },
    {
      "type": "Feature",
      "properties": {
        "@id": "node/6488469834",
        "addr:district": "Hyderabad",
        "addr:full": "7-246/B/1, Lane Opp. Yellamma Temple, Balkampet",
        "addr:postcode": "500016",
        "addr:state": "Telangana",
        "amenity": "hospital",
        "name": "S.V. Hospital",
        "source": "OpenGovernmentData"
      },
      "geometry": {
        "type": "Point",
        "coordinates": [
          78.4504817,
          17.4467703
        ]
      },
      "id": "node/6488469834"
    },
    {
      "type": "Feature",
      "properties": {
        "@id": "node/6488483046",
        "addr:district": "Hyderabad",
        "addr:full": "Adjacent to Raj Lakshmi Theatre, Rajnagar Colony, Uppal 'X' Roads",
        "addr:postcode": "500039",
        "addr:state": "Telangana",
        "amenity": "hospital",
        "name": "Krishna Multi Speciality Hospital",
        "source": "OpenGovernmentData"
      },
      "geometry": {
        "type": "Point",
        "coordinates": [
          78.5603427,
          17.3973433
        ]
      },
      "id": "node/6488483046"
    },
    {
      "type": "Feature",
      "properties": {
        "@id": "node/6488599602",
        "addr:district": "Hyderabad",
        "addr:full": "7-1-59/4/8, Near Lal Bunglow, Ameerpet",
        "addr:postcode": "500016",
        "addr:state": "Telangana",
        "amenity": "hospital",
        "fax": "23735335",
        "name": "Sri Sai Kidney Centre",
        "source": "OpenGovernmentData"
      },
      "geometry": {
        "type": "Point",
        "coordinates": [
          78.4514661,
          17.4354676
        ]
      },
      "id": "node/6488599602"
    },
    {
      "type": "Feature",
      "properties": {
        "@id": "node/6488608462",
        "addr:district": "Hyderabad",
        "addr:full": "3-5-1105, Beside Bata Show Room, Narayanguda",
        "addr:postcode": "500029",
        "addr:state": "Telangana",
        "amenity": "hospital",
        "name": "Sunrise Superspeciality Children's Hospital",
        "source": "OpenGovernmentData"
      },
      "geometry": {
        "type": "Point",
        "coordinates": [
          78.4890948,
          17.3930464
        ]
      },
      "id": "node/6488608462"
    },
    {
      "type": "Feature",
      "properties": {
        "@id": "node/6488677506",
        "addr:district": "Hyderabad",
        "addr:full": "1-7-100, Kamala Nagar, ECIL 'X' Road",
        "addr:postcode": "500062",
        "addr:state": "Telangana",
        "amenity": "hospital",
        "name": "Raghavendra Hospital",
        "source": "OpenGovernmentData"
      },
      "geometry": {
        "type": "Point",
        "coordinates": [
          78.5678552,
          17.4747705
        ]
      },
      "id": "node/6488677506"
    },
    {
      "type": "Feature",
      "properties": {
        "@id": "node/6489576234",
        "addr:district": "Hyderabad",
        "addr:full": "43/3 RT, Near Community Hall, S.R. Nagar",
        "addr:postcode": "500038",
        "addr:state": "Telangana",
        "amenity": "hospital",
        "fax": "23801021",
        "name": "GSN Hospital",
        "source": "OpenGovernmentData"
      },
      "geometry": {
        "type": "Point",
        "coordinates": [
          78.4452461,
          17.4418419
        ]
      },
      "id": "node/6489576234"
    },
    {
      "type": "Feature",
      "properties": {
        "@id": "node/6489591500",
        "addr:district": "Hyderabad",
        "addr:full": "Lane Beside Harley Davidson Showroom, Sagar Soceity Main Road, Road Number 2, Banjara Hills",
        "addr:postcode": "500034",
        "addr:state": "Telangana",
        "amenity": "hospital",
        "contact:mobile": "9849204178; 040-40137750",
        "email": "challaeyecare@gmail.com",
        "healthcare": "hospital",
        "name": "Challa Eye Care Centre",
        "operator:type": "private",
        "phone": "040-40137750; 040-40171180",
        "source": "OpenGovernmentData",
        "website": "https://challaeyecare.com"
      },
      "geometry": {
        "type": "Point",
        "coordinates": [
          78.432519,
          17.4281872
        ]
      },
      "id": "node/6489591500"
    },
    {
      "type": "Feature",
      "properties": {
        "@id": "node/6489607238",
        "addr:district": "Hyderabad",
        "addr:full": "6-3-626/1/104, Anandnagar, Khairtabad",
        "addr:postcode": "500004",
        "addr:state": "Telangana",
        "amenity": "hospital",
        "name": "Royal Hospital For Dentistry and Facial Surgery",
        "name:te": "రాయల్ హాస్పిటల్ ఫర్ డెంటిస్ట్రీ అండ్ ఫెసియాల్ సర్జరీ",
        "phone": "040 2339 9952",
        "source": "OpenGovernmentData"
      },
      "geometry": {
        "type": "Point",
        "coordinates": [
          78.4569848,
          17.4121475
        ]
      },
      "id": "node/6489607238"
    },
    {
      "type": "Feature",
      "properties": {
        "@id": "node/6489610677",
        "addr:district": "Hyderabad",
        "addr:full": "Plot Number 4, 5, 14 and 15, Pragati Nagar, Ramanthapur, Opposite Ramanthapur Lake",
        "addr:postcode": "500013",
        "addr:state": "Telangana",
        "amenity": "hospital",
        "email": "contact@matrixhospital.com",
        "healthcare:speciality": "Medical Specialities;Surgical Specialities;Plastic Surgery;Obstetrics and Gynaecology;Physiotherapy;Dietitics;Dentistry;Bariatric Surgery",
        "medical_system": "Allopathic",
        "name": "Matrix Hospital",
        "operator:type": "private",
        "phone": "040 27035678; 040 64647575; 040 27030101",
        "source": "OpenGovernmentData",
        "website": "http://matrixhospital.com"
      },
      "geometry": {
        "type": "Point",
        "coordinates": [
          78.5405061,
          17.4002374
        ]
      },
      "id": "node/6489610677"
    },
    {
      "type": "Feature",
      "properties": {
        "@id": "node/6489613991",
        "addr:district": "Hyderabad",
        "addr:full": "APHB Colony, Meerpet, Moula-Ali",
        "addr:postcode": "500040",
        "addr:state": "Telangana",
        "amenity": "hospital",
        "name": "M S Reddy Lions Eye Hospital",
        "source": "OpenGovernmentData"
      },
      "geometry": {
        "type": "Point",
        "coordinates": [
          78.5631077,
          17.4571396
        ]
      },
      "id": "node/6489613991"
    },
    {
      "type": "Feature",
      "properties": {
        "@id": "node/6489688950",
        "addr:district": "Hyderabad",
        "addr:full": "H.No. 4, Pavani Villas, Dwarakapuri Colony, Panjagutta",
        "addr:postcode": "500082",
        "addr:state": "Telangana",
        "amenity": "hospital",
        "name": "Santhigiri Auyrveda and Siddha Hospital",
        "source": "OpenGovernmentData"
      },
      "geometry": {
        "type": "Point",
        "coordinates": [
          78.452197,
          17.4229122
        ]
      },
      "id": "node/6489688950"
    },
    {
      "type": "Feature",
      "properties": {
        "@id": "node/6489762038",
        "addr:district": "Hyderabad",
        "addr:full": "3-11-48, Opp. Govt Homeo College, Ramanthapur, Rangareddy",
        "addr:postcode": "500013",
        "addr:state": "Telangana",
        "amenity": "hospital",
        "name": "Shree Jaya Krishna Hospital",
        "source": "OpenGovernmentData"
      },
      "geometry": {
        "type": "Point",
        "coordinates": [
          78.5319123,
          17.397102
        ]
      },
      "id": "node/6489762038"
    },
    {
      "type": "Feature",
      "properties": {
        "@id": "node/6489782205",
        "addr:district": "Hyderabad",
        "addr:full": "6-2-654, Chintal Basti Road, Khairtabad",
        "addr:postcode": "500004",
        "addr:state": "Telangana",
        "amenity": "hospital",
        "name": "Allwin Hospital",
        "source": "OpenGovernmentData"
      },
      "geometry": {
        "type": "Point",
        "coordinates": [
          78.459209,
          17.4091262
        ]
      },
      "id": "node/6489782205"
    },
    {
      "type": "Feature",
      "properties": {
        "@id": "node/6489786900",
        "addr:district": "Hyderabad",
        "addr:full": "6-3-252/B/8, Behind Taj Residency, Near Banjara Hills, Road No: 1, Erramanzil Colony",
        "addr:postcode": "500004",
        "addr:state": "Telangana",
        "amenity": "hospital",
        "email": "drraghuveerreddy3@gmail.com",
        "name": "Sai Institute Of Arthroscopy And Sports Injury",
        "phone": "040-2330 2996 ; 040- 6646 2996",
        "source": "OpenGovernmentData",
        "website": "https://www.drraghuveer.com"
      },
      "geometry": {
        "type": "Point",
        "coordinates": [
          78.4524223,
          17.4186198
        ]
      },
      "id": "node/6489786900"
    },
    {
      "type": "Feature",
      "properties": {
        "@id": "node/6489790935",
        "addr:district": "Hyderabad",
        "addr:full": "Plot No. 34, 34/A, NCL South, Petbasheerabad, Medchal Road, Secunderabad",
        "addr:postcode": "500055",
        "addr:state": "Telangana",
        "amenity": "hospital",
        "email": "balaji.hospital@yahoo.com",
        "name": "Sree Balaji Hospital",
        "phone": "040-27164000",
        "source": "OpenGovernmentData",
        "website": "www.sreebalajihospital.com"
      },
      "geometry": {
        "type": "Point",
        "coordinates": [
          78.4822022,
          17.5185239
        ]
      },
      "id": "node/6489790935"
    },
    {
      "type": "Feature",
      "properties": {
        "@id": "node/6489835094",
        "addr:district": "Hyderabad",
        "addr:full": "Near Gandhi Statue, Uppal Main Road",
        "addr:postcode": "500039",
        "addr:state": "Telangana",
        "amenity": "hospital",
        "name": "Sathya Hospital",
        "source": "OpenGovernmentData"
      },
      "geometry": {
        "type": "Point",
        "coordinates": [
          78.5648384,
          17.401288
        ]
      },
      "id": "node/6489835094"
    },
    {
      "type": "Feature",
      "properties": {
        "@id": "node/6489843355",
        "addr:district": "Hyderabad",
        "addr:full": "Plot No: 112/C, 112/D, Moti Nagar, Erragadda",
        "addr:postcode": "500018",
        "addr:state": "Telangana",
        "amenity": "hospital",
        "name": "Leela Hospital",
        "source": "OpenGovernmentData"
      },
      "geometry": {
        "type": "Point",
        "coordinates": [
          78.4238099,
          17.4554163
        ]
      },
      "id": "node/6489843355"
    },
    {
      "type": "Feature",
      "properties": {
        "@id": "node/6489894585",
        "addr:district": "Hyderabad",
        "addr:full": "Gudimalkapur, Opp LIC Office, Mehdipatnam",
        "addr:postcode": "500028",
        "addr:state": "Telangana",
        "amenity": "hospital",
        "name": "Anusha Hospital",
        "source": "OpenGovernmentData"
      },
      "geometry": {
        "type": "Point",
        "coordinates": [
          78.4397234,
          17.3879656
        ]
      },
      "id": "node/6489894585"
    },
    {
      "type": "Feature",
      "properties": {
        "@id": "node/6489964063",
        "addr:district": "Hyderabad",
        "addr:full": "2-30/A/3, Near SBI Bank and Chanda Nagar Bus Stop, Chandanagar",
        "addr:postcode": "500050",
        "addr:state": "Telangana",
        "amenity": "hospital",
        "healthcare": "hospital",
        "name": "RR Orthopedic Hospital",
        "source": "OpenGovernmentData"
      },
      "geometry": {
        "type": "Point",
        "coordinates": [
          78.3226825,
          17.4954209
        ]
      },
      "id": "node/6489964063"
    },
    {
      "type": "Feature",
      "properties": {
        "@id": "node/6490004584",
        "addr:district": "Hyderabad",
        "addr:full": "Plot No. 101, Skill Spectrum Complex, Near TTD Kalyana Mandapam, Liberty Circle, Himayat Nagar",
        "addr:postcode": "500029",
        "addr:state": "Telangana",
        "amenity": "hospital",
        "contact:mobile": "+91 - 8121991010",
        "email": "online@parthadental.com",
        "name": "Partha Dental Clinic",
        "name:te": "పార్థ డెంటల్ క్లినిక్",
        "phone": "040 - 23222200",
        "source": "OpenGovernmentData",
        "website": "https://www.parthadental.com/"
      },
      "geometry": {
        "type": "Point",
        "coordinates": [
          78.4793389,
          17.4059203
        ]
      },
      "id": "node/6490004584"
    },
    {
      "type": "Feature",
      "properties": {
        "@id": "node/6490016089",
        "addr:district": "Hyderabad",
        "addr:full": "H.No.16-2-701/51/1, Opposite Mahboob Mansion, Malakpet",
        "addr:postcode": "500036",
        "addr:state": "Telangana",
        "amenity": "hospital",
        "fax": "24540258",
        "healthcare": "hospital",
        "name": "Susrutha Hospital",
        "source": "OpenGovernmentData"
      },
      "geometry": {
        "type": "Point",
        "coordinates": [
          78.5032857,
          17.373217
        ]
      },
      "id": "node/6490016089"
    },
    {
      "type": "Feature",
      "properties": {
        "@id": "node/6490029456",
        "addr:district": "Hyderabad",
        "addr:full": "3-4-259, Near Padmavathi Cineplex, Kachiguda Station Road",
        "addr:postcode": "500027",
        "addr:state": "Telangana",
        "amenity": "hospital",
        "name": "Venkatesh Borgaonker Nursing Home",
        "source": "OpenGovernmentData"
      },
      "geometry": {
        "type": "Point",
        "coordinates": [
          78.4911588,
          17.390579
        ]
      },
      "id": "node/6490029456"
    },
    {
      "type": "Feature",
      "properties": {
        "@id": "node/6490089435",
        "addr:district": "Hyderabad",
        "addr:full": "Plot No: 1-76/1/b/4, Ganga Enclave, Pet Basheerabad, Medchal Road, Secunderabad",
        "addr:postcode": "500055",
        "addr:state": "Telangana",
        "amenity": "hospital",
        "contact:email": "drprsunk@yahoo.com",
        "contact:mobile": "9949073049",
        "fax": "040 27165116",
        "healthcare:speciality": "multi specialty",
        "medical_system": "Allopathic",
        "name": "Harsha Hospitals",
        "operator:type": "private",
        "phone": "040 27165110",
        "source": "OpenGovernmentData",
        "website": "http://www.harshahospitals.com"
      },
      "geometry": {
        "type": "Point",
        "coordinates": [
          78.484531,
          17.520925
        ]
      },
      "id": "node/6490089435"
    },
    {
      "type": "Feature",
      "properties": {
        "@id": "node/6490143313",
        "addr:district": "Hyderabad",
        "addr:full": "3-5-1082/A,Jaiswal Lane, Narayanaguda",
        "addr:postcode": "500029",
        "addr:state": "Telangana",
        "amenity": "hospital",
        "fax": "040 23226153",
        "name": "Sri Sai Srinivasa Speciality Hospitals Pvt. Ltd",
        "source": "OpenGovernmentData"
      },
      "geometry": {
        "type": "Point",
        "coordinates": [
          78.492064,
          17.3979338
        ]
      },
      "id": "node/6490143313"
    },
    {
      "type": "Feature",
      "properties": {
        "@id": "node/6490181234",
        "addr:district": "Hyderabad",
        "addr:full": "3-4-1, V.L.R Complex, Station Road, Kachiguda",
        "addr:postcode": "500027",
        "addr:state": "Telangana",
        "amenity": "hospital",
        "email": "info@sksneurohospital.com",
        "name": "Sai Krishna Neuro Hospital",
        "phone": "040 44778899 ; 040 2755 1414",
        "source": "OpenGovernmentData",
        "website": "https://www.sksneurohospitals.com/"
      },
      "geometry": {
        "type": "Point",
        "coordinates": [
          78.4959277,
          17.389948
        ]
      },
      "id": "node/6490181234"
    },
    {
      "type": "Feature",
      "properties": {
        "@id": "node/6490329242",
        "addr:district": "Hyderabad",
        "addr:full": "H.No 1-5-551, Musheerabad",
        "addr:postcode": "500020",
        "addr:state": "Telangana",
        "amenity": "hospital",
        "fax": "040 23445505",
        "health_facility:type": "Diagnostic Centre;Lab;Health Check Up;Physiotherapy;24 Hour Facility of Emergency care;Laboratory and Pharmacy;Digital X Ray;Sonography;DialysisFacility;Intensive Care Unit;Emergency and Trauma Care;Operation Theatre",
        "healthcare:speciality": "General Medicine;Cardiology;Surgery;Gynaecilogy;Obstetrics;Orthopedics;Paediatrics;Opthalmology;Dental;Urology;ENT;Oncology;Neurology;Psychiatry;Physiootheraphy;Plastic Surgery;Rediology;Dermatology;Gastroenterology",
        "medical_system": "Allopathic",
        "name": "Sagar Lal Memorial Hospital and Matadin Goel Research Center",
        "operator:type": "private",
        "phone": "040 23445501;040 23445502;040 23445503",
        "source": "OpenGovernmentData",
        "website": "http://www.sagarlalhospital.com"
      },
      "geometry": {
        "type": "Point",
        "coordinates": [
          78.4988473,
          17.4156652
        ]
      },
      "id": "node/6490329242"
    },
    {
      "type": "Feature",
      "properties": {
        "@id": "node/6490770019",
        "addr:district": "Hyderabad",
        "addr:full": "6-3-1100/2, Raj Bhavan Road, Somajiguda",
        "addr:postcode": "500082",
        "addr:state": "Telangana",
        "amenity": "hospital",
        "name": "Matrika Hospital",
        "source": "OpenGovernmentData"
      },
      "geometry": {
        "type": "Point",
        "coordinates": [
          78.4607056,
          17.4274156
        ]
      },
      "id": "node/6490770019"
    },
    {
      "type": "Feature",
      "properties": {
        "@id": "node/6490784114",
        "addr:district": "Hyderabad",
        "addr:full": "Door No: 1-2-365/36/5 & 9, Rama Krishna Mutt Road, Opposite Indira Park, Domalguda",
        "addr:postcode": "500029",
        "addr:state": "Telangana",
        "amenity": "hospital",
        "name": "Dr. Mohan's Diabetes Specialities Centre",
        "source": "OpenGovernmentData"
      },
      "geometry": {
        "type": "Point",
        "coordinates": [
          78.482968,
          17.4111077
        ]
      },
      "id": "node/6490784114"
    },
    {
      "type": "Feature",
      "properties": {
        "@id": "node/6490833350",
        "addr:district": "Hyderabad",
        "addr:full": "6-2-1, View Towers, Opp. Lane to Saifabad Police Station, Lakdikapool",
        "addr:postcode": "500004",
        "addr:state": "Telangana",
        "amenity": "hospital",
        "contact:phone": "040-23311972; 040-66107505",
        "name": "Seha Hospital",
        "source": "OpenGovernmentData"
      },
      "geometry": {
        "type": "Point",
        "coordinates": [
          78.4622929,
          17.404143
        ]
      },
      "id": "node/6490833350"
    },
    {
      "type": "Feature",
      "properties": {
        "@id": "node/6490857331",
        "addr:district": "Hyderabad",
        "addr:full": "11-1-15, Seethaphalmandi",
        "addr:postcode": "500061",
        "addr:state": "Telangana",
        "amenity": "hospital",
        "healthcare": "hospital",
        "name": "Krishna Maternity And Nursing Home",
        "source": "OpenGovernmentData"
      },
      "geometry": {
        "type": "Point",
        "coordinates": [
          78.5170508,
          17.4281006
        ]
      },
      "id": "node/6490857331"
    },
    {
      "type": "Feature",
      "properties": {
        "@id": "node/6490864509",
        "addr:district": "Hyderabad",
        "addr:full": "1-13-1383, Road No. 1, Margadarsi Colony, R.K. Puram",
        "addr:postcode": "500035",
        "addr:state": "Telangana",
        "amenity": "hospital",
        "fixme": "Please verify the accurate position of the hospital as I have mapped the facility based on the address provided in Open Government data",
        "name": "Sri Srinivasa Nursing Home",
        "source": "OpenGovernmentData"
      },
      "geometry": {
        "type": "Point",
        "coordinates": [
          78.5441633,
          17.3646867
        ]
      },
      "id": "node/6490864509"
    },
    {
      "type": "Feature",
      "properties": {
        "@id": "node/6490913751",
        "addr:district": "Hyderabad",
        "addr:full": "Plot Number 197, Road Number 1, KPHB Colony, Kukatpally",
        "addr:postcode": "500072",
        "addr:state": "Telangana",
        "amenity": "hospital",
        "check_date": "2024-03-16",
        "contact:mobile": "8008228811",
        "email": "globaleyehospital@gmail.com",
        "healthcare:speciality": "Primary Eye Care;Lasik Services;Cataract Services;Cornea and Refractive Surgery Services;Glaucoma Services;Retina and Diabetic Retinopathy;Retina and Hypertensive Retinopathy;Contact Lens Services;Pediatric Service",
        "medical_system": "Allopathic",
        "name": "Global Eye Hospital",
        "operator:type": "private",
        "phone": "040 64510330",
        "source": "OpenGovernmentData",
        "website": "https://globaleyehospital.com/"
      },
      "geometry": {
        "type": "Point",
        "coordinates": [
          78.4011693,
          17.4912076
        ]
      },
      "id": "node/6490913751"
    },
    {
      "type": "Feature",
      "properties": {
        "@id": "node/6490943594",
        "addr:district": "Hyderabad",
        "addr:full": "5-79, Mahatma Gandhi Statue, Patancheru",
        "addr:postcode": "502319",
        "addr:state": "Telangana",
        "amenity": "hospital",
        "name": "People's Hospital",
        "source": "OpenGovernmentData"
      },
      "geometry": {
        "type": "Point",
        "coordinates": [
          78.2650553,
          17.531698
        ]
      },
      "id": "node/6490943594"
    },
    {
      "type": "Feature",
      "properties": {
        "@id": "node/6490973815",
        "addr:district": "Hyderabad",
        "addr:full": "Plot Number 74, Sangeeth Nagar Colony, Redrose Lane, Opp Erramanzil Colony, Somajiguda",
        "addr:postcode": "500082",
        "addr:state": "Telangana",
        "amenity": "hospital",
        "name": "Kerala Sanjeevani Ayurvedic Centre",
        "name:te": "కేరళ సంజీవని ఆయుర్వేదిక్ సెంటర్",
        "source": "OpenGovernmentData"
      },
      "geometry": {
        "type": "Point",
        "coordinates": [
          78.4577723,
          17.417401
        ]
      },
      "id": "node/6490973815"
    },
    {
      "type": "Feature",
      "properties": {
        "@id": "node/6491342836",
        "addr:district": "Hyderabad",
        "addr:full": "4-96/2, Street No. 8, Sneha Nagar Colony, Habsiguda",
        "addr:postcode": "500007",
        "addr:state": "Telangana",
        "amenity": "hospital",
        "fax": "040 27154758",
        "name": "Rajagiri Hospitals",
        "source": "OpenGovernmentData"
      },
      "geometry": {
        "type": "Point",
        "coordinates": [
          78.5434699,
          17.410791
        ]
      },
      "id": "node/6491342836"
    },
    {
      "type": "Feature",
      "properties": {
        "@id": "node/6491348622",
        "addr:district": "Hyderabad",
        "addr:full": "H.No. 7-1-684 & 685/A, Market Street, Secunderabad",
        "addr:postcode": "500003",
        "addr:state": "Telangana",
        "amenity": "hospital",
        "name": "Aravind Nursing Home",
        "source": "OpenGovernmentData"
      },
      "geometry": {
        "type": "Point",
        "coordinates": [
          78.4961886,
          17.4364471
        ]
      },
      "id": "node/6491348622"
    },
    {
      "type": "Feature",
      "properties": {
        "@id": "node/6491359724",
        "addr:district": "Hyderabad",
        "addr:full": "Behind Satya Petrol Pump, Alwal",
        "addr:postcode": "500010",
        "addr:state": "Telangana",
        "amenity": "hospital",
        "name": "G.N.R. Multispeciality Hospital",
        "source": "OpenGovernmentData"
      },
      "geometry": {
        "type": "Point",
        "coordinates": [
          78.5129283,
          17.49926
        ]
      },
      "id": "node/6491359724"
    },
    {
      "type": "Feature",
      "properties": {
        "@id": "node/6491362879",
        "addr:district": "Hyderabad",
        "addr:full": "2-2-1105/10/A, Tilak Nagar",
        "addr:postcode": "500044",
        "addr:state": "Telangana",
        "amenity": "hospital",
        "name": "Ramana Maternity Nursing Home",
        "source": "OpenGovernmentData"
      },
      "geometry": {
        "type": "Point",
        "coordinates": [
          78.5095339,
          17.3937202
        ]
      },
      "id": "node/6491362879"
    },
    {
      "type": "Feature",
      "properties": {
        "@id": "node/6491365368",
        "addr:district": "Hyderabad",
        "addr:full": "MIG 218, KPHB Main Road, Kukatpally",
        "addr:postcode": "500072",
        "addr:state": "Telangana",
        "amenity": "hospital",
        "check_date": "2024-03-16",
        "contact:mobile": "09652533288; 09652533211",
        "health_facility:type": "24 Hours Ambulance;General Medicine;Computerized ECG Facility;Day Care Facility;Emergency Diagnostics",
        "healthcare:speciality": "Cardiology;Nephrology;Neurology;Diabetes",
        "medical_system": "Allopathic",
        "name": "Surakshaka Multi Speciality Hospital",
        "operator:type": "private",
        "phone": "9652533255",
        "source": "OpenGovernmentData",
        "website": "http://surakshaka.com"
      },
      "geometry": {
        "type": "Point",
        "coordinates": [
          78.4017017,
          17.4932836
        ]
      },
      "id": "node/6491365368"
    },
    {
      "type": "Feature",
      "properties": {
        "@id": "node/6493336766",
        "addr:district": "Hyderabad",
        "addr:full": "10-2-524 & 531, Near Canara Bank, Upstair Mirza Street, M.C.H Colony, Asif Nagar",
        "addr:postcode": "500028",
        "addr:state": "Telangana",
        "amenity": "hospital",
        "name": "Aries Maternity Hospital",
        "source": "OpenGovernmentData"
      },
      "geometry": {
        "type": "Point",
        "coordinates": [
          78.4455183,
          17.3926842
        ]
      },
      "id": "node/6493336766"
    },
    {
      "type": "Feature",
      "properties": {
        "@id": "node/6493463498",
        "addr:district": "Hyderabad",
        "addr:full": "Opposite Adarsh Bank, Beside Sagar Hotel, Shapur Nagar Main Road",
        "addr:postcode": "500055",
        "addr:state": "Telangana",
        "amenity": "hospital",
        "healthcare": "hospital",
        "name": "Ragani Children's Hospital",
        "source": "OpenGovernmentData"
      },
      "geometry": {
        "type": "Point",
        "coordinates": [
          78.4470136,
          17.5141839
        ]
      },
      "id": "node/6493463498"
    },
    {
      "type": "Feature",
      "properties": {
        "@id": "node/6493489981",
        "addr:district": "Hyderabad",
        "addr:full": "3-6-426, Beside Ashish Residency, Tank Bund, Street Number 4, Devi Laxmi Bagh, Domalguda, Himayath Nagar",
        "addr:postcode": "500029",
        "addr:state": "Telangana",
        "amenity": "hospital",
        "healthcare": "hospital",
        "healthcare:speciality": "nephrology",
        "medical_system": "Allopathic",
        "name": "Sathya Kidney Centre and Super Speciality Hospital",
        "operator:type": "private",
        "phone": "040 27636444",
        "source": "OpenGovernmentData",
        "website": "https://www.sathyakidney.in/"
      },
      "geometry": {
        "type": "Point",
        "coordinates": [
          78.4821191,
          17.4047804
        ]
      },
      "id": "node/6493489981"
    },
    {
      "type": "Feature",
      "properties": {
        "@id": "node/6493547008",
        "addr:district": "Hyderabad",
        "addr:full": "13A & B, Anand Nagar Colony, Near Chinna Thokatta Bridge, New Bowenpally",
        "addr:postcode": "500011",
        "addr:state": "Telangana",
        "amenity": "hospital",
        "email": "drsguduru@hotmail.com",
        "name": "Chandana Hospitals",
        "phone": "9848027177",
        "source": "OpenGovernmentData",
        "website": "www.drsureshchandrahari.com"
      },
      "geometry": {
        "type": "Point",
        "coordinates": [
          78.4785913,
          17.4593055
        ]
      },
      "id": "node/6493547008"
    },
    {
      "type": "Feature",
      "properties": {
        "@id": "node/6494135269",
        "addr:district": "Hyderabad",
        "addr:full": "Plot No-136, S. P. Colony , Trimulgherry",
        "addr:postcode": "500015",
        "addr:state": "Telangana",
        "amenity": "hospital",
        "name": "Pratibha Maternity Home",
        "source": "OpenGovernmentData"
      },
      "geometry": {
        "type": "Point",
        "coordinates": [
          78.5050875,
          17.4711657
        ]
      },
      "id": "node/6494135269"
    },
    {
      "type": "Feature",
      "properties": {
        "@id": "node/6494235890",
        "addr:district": "Hyderabad",
        "addr:full": "6-3-871/A, Greenlands Road, Behind Snehalata Complex, Begumpet",
        "addr:postcode": "500016",
        "addr:state": "Telangana",
        "amenity": "hospital",
        "check_date": "2025-01-07",
        "name": "Vivekananda Hospital",
        "source": "OpenGovernmentData"
      },
      "geometry": {
        "type": "Point",
        "coordinates": [
          78.4553486,
          17.4312043
        ]
      },
      "id": "node/6494235890"
    },
    {
      "type": "Feature",
      "properties": {
        "@id": "node/6494242172",
        "addr:district": "Hyderabad",
        "addr:full": "LIG No. 564 & 565, Road No. 3, Behind RS Brothers, KPHB Colony, Kukatpally",
        "addr:postcode": "500072",
        "addr:state": "Telangana",
        "amenity": "hospital",
        "check_date": "2024-03-16",
        "contact:email": "ravihospital2011@gmail.com",
        "contact:mobile": "+91 9248005150 ; +91 9247842041",
        "email": "ravihospital2011@gmail.com",
        "healthcare": "hospital",
        "name": "Ravi Hospital",
        "phone": "040-40173131",
        "source": "OpenGovernmentData",
        "website": "https://www.ravihospitals.com/"
      },
      "geometry": {
        "type": "Point",
        "coordinates": [
          78.4000562,
          17.4936289
        ]
      },
      "id": "node/6494242172"
    },
    {
      "type": "Feature",
      "properties": {
        "@id": "node/6494269592",
        "addr:district": "Hyderabad",
        "addr:full": "H. No. 17-1-383/N S/3&4, Shantosh Nagar 'X' Roads, Opp. Amber Biscuit Factory, Nagarjuna Sagar Road",
        "addr:postcode": "500059",
        "addr:state": "Telangana",
        "amenity": "hospital",
        "healthcare": "hospital",
        "name": "Nightingale Hospital",
        "phone": "040 24530085; +91 9989030085",
        "source": "OpenGovernmentData",
        "website": "https://www.nightingalehospitals.in/"
      },
      "geometry": {
        "type": "Point",
        "coordinates": [
          78.5094488,
          17.3512003
        ]
      },
      "id": "node/6494269592"
    },
    {
      "type": "Feature",
      "properties": {
        "@id": "node/6494384142",
        "addr:district": "Hyderabad",
        "addr:full": "2-681, 1st Floor, Vishal Vaibhav Complex, Road No. 12, Banjara Hills",
        "addr:postcode": "500034",
        "addr:state": "Telangana",
        "amenity": "hospital",
        "name": "Eva Care The Every Woman's Clinic",
        "source": "OpenGovernmentData"
      },
      "geometry": {
        "type": "Point",
        "coordinates": [
          78.4426578,
          17.4078913
        ]
      },
      "id": "node/6494384142"
    },
    {
      "type": "Feature",
      "properties": {
        "@id": "node/6494385067",
        "addr:district": "Hyderabad",
        "addr:full": "Kakatiya Nagar, Habsiguda",
        "addr:postcode": "500007",
        "addr:state": "Telangana",
        "amenity": "hospital",
        "name": "Habsiguda Poly Clinic and Nursing Home",
        "source": "OpenGovernmentData"
      },
      "geometry": {
        "type": "Point",
        "coordinates": [
          78.5412021,
          17.4173069
        ]
      },
      "id": "node/6494385067"
    },
    {
      "type": "Feature",
      "properties": {
        "@id": "node/6494411875",
        "addr:district": "Hyderabad",
        "addr:full": "3-5-170/G S, Near Shanti Theatre, Narayanaguda",
        "addr:postcode": "500029",
        "addr:state": "Telangana",
        "amenity": "hospital",
        "name": "Unity Centre For Orthopaedics And Trauma",
        "source": "OpenGovernmentData"
      },
      "geometry": {
        "type": "Point",
        "coordinates": [
          78.4889916,
          17.3962241
        ]
      },
      "id": "node/6494411875"
    },
    {
      "type": "Feature",
      "properties": {
        "@id": "node/6494412250",
        "addr:district": "Hyderabad",
        "addr:full": "Plot No. 247, G.R.G. Plaza, Road No.4, K.P.H.B Phase-1",
        "addr:postcode": "500072",
        "addr:state": "Telangana",
        "amenity": "hospital",
        "check_date": "2024-03-16",
        "name": "Merit Care Hospital",
        "source": "OpenGovernmentData"
      },
      "geometry": {
        "type": "Point",
        "coordinates": [
          78.3983745,
          17.493721
        ]
      },
      "id": "node/6494412250"
    },
    {
      "type": "Feature",
      "properties": {
        "@id": "node/6494422626",
        "addr:city": "Hyderabad",
        "addr:district": "Rangareddy",
        "addr:full": "10-2-256, West Maredpally",
        "addr:postcode": "500026",
        "addr:state": "Telangana",
        "amenity": "hospital",
        "contact:phone": "04066329777; 27800716",
        "email": "secunderabadnursinghome@gmail.com",
        "fax": "27800717",
        "name": "SECUNDERABAD NURSING HOME",
        "operator:type": "private",
        "phone": "04040061181",
        "source": "OpenGovernmentData"
      },
      "geometry": {
        "type": "Point",
        "coordinates": [
          78.504999,
          17.4458107
        ]
      },
      "id": "node/6494422626"
    },
    {
      "type": "Feature",
      "properties": {
        "@id": "node/6494447237",
        "addr:district": "Hyderabad",
        "addr:full": "H.No. 3-10-4/B/1, Near St. Joseph's School, Lane Beside Bharat Petrol Pump, Gokhale Nagar, Ramantapur",
        "addr:postcode": "500013",
        "addr:state": "Telangana",
        "amenity": "hospital",
        "fax": "040 27035444",
        "name": "Ramantapur Hospital",
        "source": "OpenGovernmentData"
      },
      "geometry": {
        "type": "Point",
        "coordinates": [
          78.5339528,
          17.3974917
        ]
      },
      "id": "node/6494447237"
    },
    {
      "type": "Feature",
      "properties": {
        "@id": "node/6494458034",
        "addr:district": "Hyderabad",
        "addr:full": "Plot No. V–7, NH 9, Narsimhapuri Colony, Kothapet, Saroornagar",
        "addr:postcode": "500035",
        "addr:state": "Telangana",
        "amenity": "hospital",
        "contact:mobile": "09248019460;08897161525",
        "fax": "040 24039017",
        "health_facility:type": "Information Desk;OPD Counter;24x7 Laboratory;Spiral CT Scan;Diagnostic Services;Radiology;Laboratory Services and Transfusion Services;Physiotherapy;Dietery;Housekeeping;Pharmacy",
        "healthcare:speciality": "multi specility",
        "medical_system": "Allopathic",
        "name": "Sai Sanjeevini Hospital",
        "operator:type": "private",
        "phone": "040 24039012;040 24039013;040 24039014;040 24039015;040 24039016",
        "source": "OpenGovernmentData",
        "website": "www.saisanjeevinihospitals.com"
      },
      "geometry": {
        "type": "Point",
        "coordinates": [
          78.5432218,
          17.3608928
        ]
      },
      "id": "node/6494458034"
    },
    {
      "type": "Feature",
      "properties": {
        "@id": "node/6494465425",
        "addr:district": "Hyderabad",
        "addr:full": "Plot No. 141 & 144/1, Sapthagiri Colony, Ayyappa Swamy Temple Road, Near New Era School, Kukatpally",
        "addr:postcode": "500072",
        "addr:state": "Telangana",
        "amenity": "hospital",
        "contact:email": "info@harsha-hospitals.co.in",
        "contact:mobile": "7799565793; 9000855548",
        "name": "Harsha Hospitals",
        "phone": "040 23066393",
        "source": "OpenGovernmentData",
        "website": "https://www.harsha-hospitals.com/"
      },
      "geometry": {
        "type": "Point",
        "coordinates": [
          78.415377,
          17.4953109
        ]
      },
      "id": "node/6494465425"
    },
    {
      "type": "Feature",
      "properties": {
        "@id": "node/6494474204",
        "addr:district": "Hyderabad",
        "addr:full": "1-9-49/B/1, Near E-Seva, Musheerabad, Ramnagar",
        "addr:postcode": "500020",
        "addr:state": "Telangana",
        "amenity": "hospital",
        "fax": "040-27628708",
        "name": "Sowmya Hospital",
        "source": "OpenGovernmentData"
      },
      "geometry": {
        "type": "Point",
        "coordinates": [
          78.5084336,
          17.4097327
        ]
      },
      "id": "node/6494474204"
    },
    {
      "type": "Feature",
      "properties": {
        "@id": "node/6494489670",
        "addr:district": "Hyderabad",
        "addr:full": "21-4-736, Gulab Singh Lane, Hussaini Alam, Near Purana Pul",
        "addr:postcode": "500064",
        "addr:state": "Telangana",
        "amenity": "hospital",
        "email": "contact@medshospital.org",
        "name": "Meds Hospital",
        "phone": "+91 40 24521890",
        "source": "OpenGovernmentData",
        "website": "www.medshospital.org"
      },
      "geometry": {
        "type": "Point",
        "coordinates": [
          78.4620085,
          17.3655046
        ]
      },
      "id": "node/6494489670"
    },
    {
      "type": "Feature",
      "properties": {
        "@id": "node/6494788582",
        "addr:district": "Hyderabad",
        "addr:full": "NH 65 , Madinaguda Bus Stop",
        "addr:postcode": "500049",
        "addr:state": "Telangana",
        "amenity": "hospital",
        "name": "Sarada Nursing Home",
        "source": "OpenGovernmentData"
      },
      "geometry": {
        "type": "Point",
        "coordinates": [
          78.3404388,
          17.494784
        ]
      },
      "id": "node/6494788582"
    },
    {
      "type": "Feature",
      "properties": {
        "@id": "node/6494810755",
        "addr:district": "Hyderabad",
        "addr:full": "Door No 8-1-5/7, Janak Plaza, Clock Tower, Secunderabad",
        "addr:postcode": "500003",
        "addr:state": "Telangana",
        "amenity": "hospital",
        "fax": "0877 27801920",
        "health_facility:type": "Separate Divisions for Each Speciality;State Of The Art Operation Theatres;Post Op Lounge with Beds;Advanced Eye Care Equipment;Complete Range of Optical Frames and Lenses;Exclusive Childrens Eye Care;24 7 Pharmacy;Ambulance Services",
        "healthcare": "hospital",
        "healthcare:speciality": "Cataract Services;Refractive Surgery;Cornea Services;Glaucoma Services;Retina Services;Paediatric Ophthalmology and Squint Services;Oculoplasty Services;UVEITIS;Neuro Ophthalmology;Vision Rehabilitation Services;Computer Vision Syndrome Clinic",
        "medical_system": "Allopathic",
        "name": "Vasan Healthcare Private Limited, Secunderabad",
        "name:te": "వాసన్ హెల్త్ కేర్ ప్రైవేట్ లిమిటెడ్ సికింద్రాబాద్",
        "operator:type": "private",
        "phone": "040 30957400",
        "source": "OpenGovernmentData",
        "website": "https://vasaneye.com/"
      },
      "geometry": {
        "type": "Point",
        "coordinates": [
          78.4978656,
          17.4404883
        ]
      },
      "id": "node/6494810755"
    },
    {
      "type": "Feature",
      "properties": {
        "@id": "node/6494952509",
        "addr:district": "Hyderabad",
        "addr:full": "2nd Floor, Bhaskara Hospital, Shivbagh Colony, Balkampet Road, Ameerpet",
        "addr:postcode": "500016",
        "addr:state": "Telangana",
        "amenity": "hospital",
        "name": "Vatsalya Institute Of Pediatrics Hospital",
        "source": "OpenGovernmentData"
      },
      "geometry": {
        "type": "Point",
        "coordinates": [
          78.4503195,
          17.4405861
        ]
      },
      "id": "node/6494952509"
    },
    {
      "type": "Feature",
      "properties": {
        "@id": "node/6494956566",
        "addr:district": "Hyderabad",
        "addr:full": "HIG - 57, Near Daffodils Public School, Behind Forum Sujana Mall, KPHB, Kukatpally",
        "addr:postcode": "500072",
        "addr:state": "Telangana",
        "amenity": "hospital",
        "name": "Sandeep Nursing Home",
        "source": "OpenGovernmentData"
      },
      "geometry": {
        "type": "Point",
        "coordinates": [
          78.3881754,
          17.484821
        ]
      },
      "id": "node/6494956566"
    },
    {
      "type": "Feature",
      "properties": {
        "@id": "node/6495015780",
        "addr:district": "Hyderabad",
        "addr:full": "No. 6-3-1092/S1&S2, A Block, 2nd Floor, Shanthi Sikhara Complex, Somajiguda",
        "addr:postcode": "500082",
        "addr:state": "Telangana",
        "amenity": "hospital",
        "contact:phone": "+91 9000185185",
        "name": "Maa Ent Institute",
        "source": "OpenGovernmentData",
        "website": "https://maaent.com/"
      },
      "geometry": {
        "type": "Point",
        "coordinates": [
          78.457375,
          17.4260772
        ]
      },
      "id": "node/6495015780"
    },
    {
      "type": "Feature",
      "properties": {
        "@id": "node/6495023719",
        "addr:district": "Hyderabad",
        "addr:full": "Plot No. 29,30, Beside Lingam Gound Residency, MNR College",
        "addr:postcode": "500055",
        "addr:state": "Telangana",
        "amenity": "hospital",
        "name": "Sanjeevani Children and General Hospital",
        "source": "OpenGovernmentData"
      },
      "geometry": {
        "type": "Point",
        "coordinates": [
          78.4541865,
          17.496063
        ]
      },
      "id": "node/6495023719"
    },
    {
      "type": "Feature",
      "properties": {
        "@id": "node/6495031117",
        "addr:district": "Hyderabad",
        "addr:full": "3-6-217/1, Street Number 15, Near Vasavi Public School, Himayath Nagar",
        "addr:postcode": "500029",
        "addr:state": "Telangana",
        "amenity": "hospital",
        "emergency_telephone_code": "9849474173",
        "fax": "040 23228097",
        "healthcare:speciality": "Phacoemulsification Catract Surgery; LASIK Surgery; Age Related Macular Degenraration; Squint Correction; Glaucoma; Diabetic Retinopathy; Oculoplastic Clinic",
        "medical_system": "Allopathic",
        "name": "Hyderabad Eye Centre",
        "operator:type": "private",
        "phone": "040 23228181",
        "source": "OpenGovernmentData",
        "website": "https://www.hyderabadeyecentre.com/"
      },
      "geometry": {
        "type": "Point",
        "coordinates": [
          78.4843923,
          17.3995642
        ]
      },
      "id": "node/6495031117"
    },
    {
      "type": "Feature",
      "properties": {
        "@id": "node/6495079282",
        "addr:district": "Hyderabad",
        "addr:full": "9-120, North Venkateswara Nagar, Sairam Theatre, Malkagiri",
        "addr:postcode": "500047",
        "addr:state": "Telangana",
        "amenity": "hospital",
        "name": "Santoshi Maternity Hospital",
        "source": "OpenGovernmentData"
      },
      "geometry": {
        "type": "Point",
        "coordinates": [
          78.5360288,
          17.4466174
        ]
      },
      "id": "node/6495079282"
    },
    {
      "type": "Feature",
      "properties": {
        "@id": "node/6495246032",
        "addr:district": "Hyderabad",
        "addr:full": "NH 9, Opposite Bharat Petrol Pump, Chandanagar",
        "addr:postcode": "500050",
        "addr:state": "Telangana",
        "amenity": "hospital",
        "fax": "040 23030345",
        "healthcare": "hospital",
        "name": "Vishnu Hospital",
        "source": "OpenGovernmentData"
      },
      "geometry": {
        "type": "Point",
        "coordinates": [
          78.3208955,
          17.4954561
        ]
      },
      "id": "node/6495246032"
    },
    {
      "type": "Feature",
      "properties": {
        "@id": "node/6495284151",
        "addr:district": "Hyderabad",
        "addr:full": "Plot No 92, Jahangir Nagar Colony, Chintalkunta Check Post, L B Nagar",
        "addr:postcode": "500070",
        "addr:state": "Telangana",
        "amenity": "hospital",
        "name": "Sai Sharan Hospital",
        "source": "OpenGovernmentData"
      },
      "geometry": {
        "type": "Point",
        "coordinates": [
          78.5572883,
          17.3393852
        ]
      },
      "id": "node/6495284151"
    },
    {
      "type": "Feature",
      "properties": {
        "@id": "node/6495303036",
        "addr:district": "Hyderabad",
        "addr:full": "3-6-272, NVK Towers, Near Old MLA Quarters, Opposite Telugu Academy, Himayathnagar",
        "addr:postcode": "500029",
        "addr:state": "Telangana",
        "amenity": "hospital",
        "contact:mobile": "8008888511",
        "email": "info@clearvision.co.in",
        "health_facility:type": "Operation Theate;Medical and Diagnostic Services;Pharmacy;Ambulance",
        "healthcare:speciality": "Comprehensive Eye Check up;Cataract Clinic;Lasik and Laser Clinic;Blade Free Lasik Surgery;Cornea Clinic;Glaucoma Clinic;Retinal Clinic;Pediatric Ophthalmology;Squint Clinic;Oculoplasty Clinic;Opticals and Contact Lens",
        "medical_system": "Allopathic",
        "name": "Clear Vision Eye Hospital",
        "operator:type": "private",
        "phone": "040 23225386;040 23221522",
        "source": "OpenGovernmentData",
        "website": "https://www.clearvision.co.in/"
      },
      "geometry": {
        "type": "Point",
        "coordinates": [
          78.4849159,
          17.39863
        ]
      },
      "id": "node/6495303036"
    },
    {
      "type": "Feature",
      "properties": {
        "@id": "node/6495375554",
        "addr:district": "Hyderabad",
        "addr:full": "Near Saidabad Bus Stop, Saidabad Main Road",
        "addr:postcode": "500059",
        "addr:state": "Telangana",
        "amenity": "hospital",
        "name": "Sai Nursing Home",
        "source": "OpenGovernmentData"
      },
      "geometry": {
        "type": "Point",
        "coordinates": [
          78.5047261,
          17.3601882
        ]
      },
      "id": "node/6495375554"
    },
    {
      "type": "Feature",
      "properties": {
        "@id": "node/6496578004",
        "addr:district": "Hyderabad",
        "addr:full": "7-102/7, Sandhya Enclave, 1st Floor, Habsiguda",
        "addr:postcode": "500007",
        "addr:state": "Telangana",
        "amenity": "hospital",
        "fax": "040 27177618",
        "name": "Neo Vision Eye Care and Laser Center",
        "phone": "040-40122177",
        "source": "OpenGovernmentData",
        "website": "https://neovisioneyecare.in/"
      },
      "geometry": {
        "type": "Point",
        "coordinates": [
          78.5440868,
          17.4171112
        ]
      },
      "id": "node/6496578004"
    },
    {
      "type": "Feature",
      "properties": {
        "@id": "node/6496590575",
        "addr:district": "Hyderabad",
        "addr:full": "Plot No. 1110, Road No. 55, Opposite Peddamma Temple, Jubilee Hills",
        "addr:postcode": "500033",
        "addr:state": "Telangana",
        "amenity": "hospital",
        "contact:email": "info@stopiles.com",
        "healthcare": "hospital",
        "name": "Stopiles",
        "phone": "040 39565230; 7799790251",
        "source": "OpenGovernmentData",
        "website": "https://www.stopiles.com"
      },
      "geometry": {
        "type": "Point",
        "coordinates": [
          78.4061931,
          17.4301078
        ]
      },
      "id": "node/6496590575"
    },
    {
      "type": "Feature",
      "properties": {
        "@id": "node/6496690608",
        "addr:district": "Hyderabad",
        "addr:full": "9-29/40/2, Rajesh Villa, 1st Floor, Opposite Hyderabad Nursing Home",
        "addr:postcode": "500063",
        "addr:state": "Telangana",
        "amenity": "hospital",
        "email": "hyderabad@newvisionindia.com",
        "medical_system": "Allopathic",
        "name": "Centre For Sight - New Vision Laser Centers",
        "name:te": "సెంటర్ ఫర్ సైట్  - న్యూ విషన్ లేసర్ సెంటర్స్",
        "operator:type": "private",
        "phone": "040 66364808",
        "source": "OpenGovernmentData"
      },
      "geometry": {
        "type": "Point",
        "coordinates": [
          78.4759131,
          17.40665
        ]
      },
      "id": "node/6496690608"
    },
    {
      "type": "Feature",
      "properties": {
        "@id": "node/6496708723",
        "addr:district": "Hyderabad",
        "addr:full": "Plot No: 350/5&6, M S Manson, Jawhar Nagar Colony, Moula Ali",
        "addr:postcode": "500040",
        "addr:state": "Telangana",
        "amenity": "hospital",
        "name": "Life Spring Maternity Hospital",
        "phone": "970134 6524",
        "source": "OpenGovernmentData",
        "website": "https://www.lifespring.in/home.php"
      },
      "geometry": {
        "type": "Point",
        "coordinates": [
          78.5576695,
          17.459459
        ]
      },
      "id": "node/6496708723"
    },
    {
      "type": "Feature",
      "properties": {
        "@id": "node/6496837455",
        "addr:district": "Hyderabad",
        "addr:full": "Nimboliadda, Chappal Bazar, Kachiguda Railway Station",
        "addr:postcode": "500027",
        "addr:state": "Telangana",
        "amenity": "hospital",
        "fax": "040 55636395",
        "name": "Sri Rama Krishna Hospital",
        "source": "OpenGovernmentData"
      },
      "geometry": {
        "type": "Point",
        "coordinates": [
          78.4942286,
          17.3863466
        ]
      },
      "id": "node/6496837455"
    },
    {
      "type": "Feature",
      "properties": {
        "@id": "node/6496852838",
        "addr:district": "Hyderabad",
        "addr:full": "Sajini plaza, 1st floor, 37-90/2, defence colony, Neredmet 'X' Roads, secunderabad",
        "addr:postcode": "500094",
        "addr:state": "Telangana",
        "amenity": "hospital",
        "email": "universaldentalhyd@yahoo.com",
        "health_facility:type": "Implantology;Correction of Irregular Teeth Braces ;Gum Surgery;Advance Root Canal Therapy;Fixed Partial Dentures;Veneering;Dental Lasers",
        "healthcare:speciality": "Cosmetic Dentistry; Dentistry; Orthodontics",
        "medical_system": "Allopathic",
        "name": "Universal Superspeciality Dental Hospital",
        "operator:type": "private",
        "phone": "040 27111100;040 27111101",
        "source": "OpenGovernmentData",
        "website": "https://universaldentalhospital.com/"
      },
      "geometry": {
        "type": "Point",
        "coordinates": [
          78.5374282,
          17.4825173
        ]
      },
      "id": "node/6496852838"
    },
    {
      "type": "Feature",
      "properties": {
        "@id": "node/6496875044",
        "addr:district": "Hyderabad",
        "addr:full": "Bapu Nagar, Langar Houz",
        "addr:postcode": "500008",
        "addr:state": "Telangana",
        "amenity": "hospital",
        "contact:email": "majestic.hospital@yahoo.com",
        "healthcare:speciality": "General Surgery; Pediatric; Orthopedics; Obstetrics and Gynaecology; ENT; Anesthesiology; Opthamology; Dermatology",
        "medical_system": "Allopathic",
        "name": "Majestic Hospital",
        "operator:type": "private",
        "phone": "040 23521051",
        "source": "OpenGovernmentData",
        "website": "https://majestichospital.com/"
      },
      "geometry": {
        "type": "Point",
        "coordinates": [
          78.421019,
          17.379978
        ]
      },
      "id": "node/6496875044"
    },
    {
      "type": "Feature",
      "properties": {
        "@id": "node/6496877818",
        "addr:district": "Hyderabad",
        "addr:full": "Road No.4, Chandrapuri Colony, Opp. Vijaya Laxmi Theatre, L.B Nagar",
        "addr:postcode": "500074",
        "addr:state": "Telangana",
        "amenity": "hospital",
        "healthcare": "hospital",
        "healthcare:speciality": "Maternity;Medical;Surgical",
        "name": "Aruna Hospital",
        "name:te": "అరుణ హాస్పిటల్",
        "source": "OpenGovernmentData"
      },
      "geometry": {
        "type": "Point",
        "coordinates": [
          78.5546158,
          17.3446309
        ]
      },
      "id": "node/6496877818"
    },
    {
      "type": "Feature",
      "properties": {
        "@id": "node/6496885010",
        "addr:district": "Hyderabad",
        "addr:full": "MIG 311, KPHB Phase I, Kukatpally",
        "addr:postcode": "500072",
        "addr:state": "Telangana",
        "amenity": "hospital",
        "name": "Eswar Eye Hospital",
        "source": "OpenGovernmentData"
      },
      "geometry": {
        "type": "Point",
        "coordinates": [
          78.3970112,
          17.4917263
        ]
      },
      "id": "node/6496885010"
    },
    {
      "type": "Feature",
      "properties": {
        "@id": "node/6496903933",
        "addr:district": "Hyderabad",
        "addr:full": "MIG, B-10, Dr. A.S. Rao Nagar Road, ECIL Main Road",
        "addr:postcode": "500062",
        "addr:state": "Telangana",
        "amenity": "hospital",
        "phone": "040 27122230",
        "source": "OpenGovernmentData"
      },
      "geometry": {
        "type": "Point",
        "coordinates": [
          78.5558448,
          17.4782302
        ]
      },
      "id": "node/6496903933"
    },
    {
      "type": "Feature",
      "properties": {
        "@id": "node/6496907674",
        "addr:district": "Hyderabad",
        "addr:full": "5-8-535, Beside Santosh Sapna Theatre, Abids Road",
        "addr:postcode": "500001",
        "addr:state": "Telangana",
        "amenity": "hospital",
        "email": "info@shantabainursinghome.com",
        "health_facility:type": "24 Hour Obstetric Care;24 Hour General Surgical Care;Intrauterine Insemination;Diagnostic Lab;Well Equipped OT;In House Pharmacy;Ultrasound",
        "healthcare:speciality": "Obstetrics;Gynecology;Infertility;Pediatrics;General Surgery;Laparoscopy;Radiology;General Medicine",
        "medical_system": "Allopathic",
        "name": "Dr.Shantabai Nursing Home",
        "operator:type": "private",
        "phone": "040 23202163;040 23203339;040 64603339",
        "source": "OpenGovernmentData",
        "website": "https://www.shantabainursinghome.com/"
      },
      "geometry": {
        "type": "Point",
        "coordinates": [
          78.4757126,
          17.3913737
        ]
      },
      "id": "node/6496907674"
    },
    {
      "type": "Feature",
      "properties": {
        "@id": "node/6496916240",
        "addr:district": "Hyderabad",
        "addr:full": "7-1-57/B&C, Shyam Karan Road, Anandbagh, Ameerpet",
        "addr:postcode": "500016",
        "addr:state": "Telangana",
        "amenity": "hospital",
        "fax": "23782333",
        "healthcare": "hospital",
        "name": "Apollo Spectra Hospitals",
        "source": "OpenGovernmentData",
        "wikidata": "Q52856798"
      },
      "geometry": {
        "type": "Point",
        "coordinates": [
          78.4524706,
          17.4376427
        ]
      },
      "id": "node/6496916240"
    },
    {
      "type": "Feature",
      "properties": {
        "@id": "node/6496940849",
        "addr:district": "Hyderabad",
        "addr:full": "Lalapet,Tarnaka",
        "addr:postcode": "500017",
        "addr:state": "Telangana",
        "amenity": "hospital",
        "name": "Manjary Multispeciality Hospital",
        "source": "OpenGovernmentData"
      },
      "geometry": {
        "type": "Point",
        "coordinates": [
          78.5429897,
          17.4348983
        ]
      },
      "id": "node/6496940849"
    },
    {
      "type": "Feature",
      "properties": {
        "@id": "node/6496953497",
        "addr:district": "Hyderabad",
        "addr:full": "10-3-32/9/32, Near Tagore's Home Junior College, East Marredpally",
        "addr:postcode": "500026",
        "addr:state": "Telangana",
        "amenity": "hospital",
        "name": "Taraporewalla Nursing Home",
        "source": "OpenGovernmentData"
      },
      "geometry": {
        "type": "Point",
        "coordinates": [
          78.5133715,
          17.4465502
        ]
      },
      "id": "node/6496953497"
    },
    {
      "type": "Feature",
      "properties": {
        "@id": "node/6496960846",
        "addr:district": "Hyderabad",
        "addr:full": "10-3-4, Entrenchment Road, East Marredpally, Opp Playground, Secunderabad,",
        "addr:postcode": "500026",
        "addr:state": "Telangana",
        "amenity": "hospital",
        "email": "info@shenoyhospitals.com",
        "name": "Shenoy Nursing Home",
        "phone": "040 4151 9999",
        "source": "OpenGovernmentData",
        "website": "https://www.shenoyhospitals.com/"
      },
      "geometry": {
        "type": "Point",
        "coordinates": [
          78.508915,
          17.4478066
        ]
      },
      "id": "node/6496960846"
    },
    {
      "type": "Feature",
      "properties": {
        "@id": "node/6496965130",
        "addr:district": "Hyderabad",
        "addr:full": "Opposite State Bank Of India, Near Chandanagar Bus Stop, Chandanagar",
        "addr:postcode": "500050",
        "addr:state": "Telangana",
        "amenity": "hospital",
        "fax": "23020564",
        "healthcare": "hospital",
        "name": "Kiran Swetha Children Clinic",
        "source": "OpenGovernmentData"
      },
      "geometry": {
        "type": "Point",
        "coordinates": [
          78.3225725,
          17.4947378
        ]
      },
      "id": "node/6496965130"
    },
    {
      "type": "Feature",
      "properties": {
        "@id": "node/6496972191",
        "addr:district": "Hyderabad",
        "addr:full": "16-8-536, Beside Akbar Tower, Anjuman Road, New Malakpet",
        "addr:postcode": "500036",
        "addr:state": "Telangana",
        "amenity": "hospital",
        "contact:phone": "040-24502108; 040-24412525",
        "healthcare": "hospital",
        "name": "Dr. Zaibunnisa's Imtiyaz Hospital",
        "source": "OpenGovernmentData"
      },
      "geometry": {
        "type": "Point",
        "coordinates": [
          78.4958902,
          17.3737769
        ]
      },
      "id": "node/6496972191"
    },
    {
      "type": "Feature",
      "properties": {
        "@id": "node/6496972211",
        "addr:district": "Hyderabad",
        "addr:full": "23 – 1 – 863, Near MCH Swimming Pool, Moghalpura",
        "addr:postcode": "500002",
        "addr:state": "Telangana",
        "amenity": "hospital",
        "email": "alphahospital28@gmail.com",
        "fax": "040-66806670",
        "name": "Alpha Super Speciality Hospital",
        "phone": "040-66711111",
        "source": "OpenGovernmentData",
        "website": "https://www.alphahospital.in/"
      },
      "geometry": {
        "type": "Point",
        "coordinates": [
          78.4780816,
          17.3586618
        ]
      },
      "id": "node/6496972211"
    },
    {
      "type": "Feature",
      "properties": {
        "@id": "node/6497026146",
        "addr:district": "Hyderabad",
        "addr:full": "Plot No: 5-4/12-16, Opposite Gandamma Temple, Chanda Nagar Main Road",
        "addr:state": "Telangana",
        "amenity": "hospital",
        "emergency_telephone_code": "9848030128",
        "fax": "040 40212000; 040 23030381",
        "health_facility:type": "Cardiology;Cardio Vascular and Thoracic Surgery;Trauma and Critical Care",
        "healthcare": "hospital",
        "healthcare:speciality": "Casuality;Opthalmology;Dermatology;General Surgery;Physiotherapy;Neurology;Pediatrics;Cardiology",
        "medical_system": "Allopathic",
        "name": "Mythri Multi Speciality Hospital",
        "operator:type": "private",
        "phone": "040 64633357;040 64633358;040 64633359",
        "source": "OpenGovernmentData"
      },
      "geometry": {
        "type": "Point",
        "coordinates": [
          78.3144481,
          17.4982349
        ]
      },
      "id": "node/6497026146"
    },
    {
      "type": "Feature",
      "properties": {
        "@id": "node/6497172349",
        "addr:district": "Hyderabad",
        "addr:full": "No. 16-11-741/10/G/1, Moosarambagh, Saidabad Mandal, Dilsukh Nagar",
        "addr:postcode": "500060",
        "addr:state": "Telangana",
        "amenity": "hospital",
        "fax": "040 27760225",
        "healthcare": "hospital",
        "medical_system": "Allopathic",
        "name": "Vasan Healthcare",
        "name:te": "వాసన్ హెల్త్ కేర్",
        "operator:type": "private",
        "phone": "040 30141200",
        "source": "OpenGovernmentData",
        "website": "https://vasaneye.com/"
      },
      "geometry": {
        "type": "Point",
        "coordinates": [
          78.5189867,
          17.3692242
        ]
      },
      "id": "node/6497172349"
    },
    {
      "type": "Feature",
      "properties": {
        "@id": "node/6497294673",
        "addr:district": "Hyderabad",
        "addr:full": "Plot Number 111, Karan Centre, S. D. Road, Landmark: Near Grand Solitaire Annex Hotel & Near Minerva Complex",
        "addr:postcode": "500003",
        "addr:state": "Telangana",
        "amenity": "hospital",
        "healthcare": "hospital",
        "name": "BSR ENT & Eye Nursing Home",
        "source": "OpenGovernmentData"
      },
      "geometry": {
        "type": "Point",
        "coordinates": [
          78.4908745,
          17.4416577
        ]
      },
      "id": "node/6497294673"
    },
    {
      "type": "Feature",
      "properties": {
        "@id": "node/6497354554",
        "addr:district": "Hyderabad",
        "addr:full": "8-12-65, Street No 8, Habsiguda",
        "addr:postcode": "500007",
        "addr:state": "Telangana",
        "amenity": "hospital",
        "name": "Siris Hospital",
        "source": "OpenGovernmentData"
      },
      "geometry": {
        "type": "Point",
        "coordinates": [
          78.5441056,
          17.4097647
        ]
      },
      "id": "node/6497354554"
    },
    {
      "type": "Feature",
      "properties": {
        "@id": "node/6497360893",
        "addr:district": "Hyderabad",
        "addr:full": "250, Opp Kandiguda Church, Hastinapuri Colony, Sainikpuri",
        "addr:postcode": "500094",
        "addr:state": "Telangana",
        "amenity": "hospital",
        "name": "Srinivasa Hospital",
        "source": "OpenGovernmentData"
      },
      "geometry": {
        "type": "Point",
        "coordinates": [
          78.5398865,
          17.4938323
        ]
      },
      "id": "node/6497360893"
    },
    {
      "type": "Feature",
      "properties": {
        "@id": "node/6497362076",
        "addr:district": "Hyderabad",
        "addr:full": "Plot No 4, Satyam Theatre Road, Beside Blue Fox Hotel, Mythrivanam, Ameerpet",
        "addr:postcode": "500038",
        "addr:state": "Telangana",
        "amenity": "hospital",
        "fax": "040 23755152",
        "health_facility:type": "Consultative;Diagnostic and Surgical Services",
        "healthcare": "hospital",
        "healthcare:speciality": "Anesthesiology;Cardiology;Diabetology;Dermatology;ENT Head and Neck Surgery;General Internal Medicine;General and Laparoscopic Surgery;Gynaecology and Obstetrics;Gastroenterology and Hematology;Neonatology and Paediatrics;Neurology and Neuro Surgery",
        "medical_system": "Allopathic",
        "name": "ASTER PRIME HOSPITALS (SRI SAINATHA MULTISPECIALITY HOSPITAL PVT.LTD.)",
        "operator:type": "private",
        "phone": "040 4959 4959",
        "source": "OpenGovernmentData",
        "website": "https://www.asterprime.com"
      },
      "geometry": {
        "type": "Point",
        "coordinates": [
          78.4462573,
          17.4373484
        ]
      },
      "id": "node/6497362076"
    },
    {
      "type": "Feature",
      "properties": {
        "@id": "node/6497366546",
        "addr:district": "Hyderabad",
        "addr:full": "3-12-58/2, Srinivasapuram Road, Ganesh Nagar, Ramanthapur, Opp T. V. Studio",
        "addr:postcode": "500013",
        "addr:state": "Telangana",
        "amenity": "hospital",
        "contact:phone": "+91 8686873245; 040 27033300",
        "name": "Janani Hospital",
        "source": "OpenGovernmentData",
        "website": "https://jananiihospital.com/"
      },
      "geometry": {
        "type": "Point",
        "coordinates": [
          78.5302003,
          17.3937938
        ]
      },
      "id": "node/6497366546"
    },
    {
      "type": "Feature",
      "properties": {
        "@id": "node/6497369555",
        "addr:district": "Hyderabad",
        "addr:full": "Sapphire Block, Amrutha Hills, Punjagutta",
        "addr:postcode": "500082",
        "addr:state": "Telangana",
        "amenity": "hospital",
        "name": "Amrutha Diabetic Centre",
        "source": "OpenGovernmentData"
      },
      "geometry": {
        "type": "Point",
        "coordinates": [
          78.4531264,
          17.4292454
        ]
      },
      "id": "node/6497369555"
    },
    {
      "type": "Feature",
      "properties": {
        "@id": "node/6497391583",
        "addr:district": "Hyderabad",
        "addr:full": "21-4-189, Hussaini Alam",
        "addr:postcode": "500002",
        "addr:state": "Telangana",
        "amenity": "hospital",
        "fax": "040 24412197",
        "name": "Azam Hospital",
        "source": "OpenGovernmentData"
      },
      "geometry": {
        "type": "Point",
        "coordinates": [
          78.4626402,
          17.3648685
        ]
      },
      "id": "node/6497391583"
    },
    {
      "type": "Feature",
      "properties": {
        "@id": "node/6497571978",
        "addr:district": "Hyderabad",
        "addr:full": "2-41/5, Prabhath Nagar Colony, Chaitanyapuri",
        "addr:postcode": "500060",
        "addr:state": "Telangana",
        "amenity": "hospital",
        "fax": "040 24054116",
        "healthcare": "hospital",
        "name": "Oarchid Hospital",
        "source": "OpenGovernmentData"
      },
      "geometry": {
        "type": "Point",
        "coordinates": [
          78.5343739,
          17.3688485
        ]
      },
      "id": "node/6497571978"
    },
    {
      "type": "Feature",
      "properties": {
        "@id": "node/6497577133",
        "addr:district": "Hyderabad",
        "addr:full": "Near Karmanghat 'X' Road, Sagar Road",
        "addr:postcode": "500079",
        "addr:state": "Telangana",
        "amenity": "hospital",
        "fax": "040-24072910",
        "fixme": "Please verify the accurate position of the hospital as I have mapped the facility based on the address provided in Open Government data",
        "healthcare": "hospital",
        "name": "Sri Venkateswara Multi Speciality Hospital",
        "source": "OpenGovernmentData"
      },
      "geometry": {
        "type": "Point",
        "coordinates": [
          78.5167946,
          17.3446513
        ]
      },
      "id": "node/6497577133"
    },
    {
      "type": "Feature",
      "properties": {
        "@id": "node/6497611600",
        "addr:district": "Hyderabad",
        "addr:full": "12-1-371/1, Lalapet, Secunderabad",
        "addr:postcode": "500017",
        "addr:state": "Telangana",
        "amenity": "hospital",
        "name": "Sri Santosh Hospital",
        "source": "OpenGovernmentData"
      },
      "geometry": {
        "type": "Point",
        "coordinates": [
          78.5425988,
          17.43595
        ]
      },
      "id": "node/6497611600"
    },
    {
      "type": "Feature",
      "properties": {
        "@id": "node/6497614668",
        "addr:district": "Hyderabad",
        "addr:full": "13-6-437/1L/1, Opp Nalanda Public School, Nanal Nagar 'X' Road, Khaderbagh, Mehdipatnam",
        "addr:postcode": "500008",
        "addr:state": "Telangana",
        "amenity": "hospital",
        "fax": "040 23511855",
        "name": "Dr. Sreedhar's Kidney & Infertility Hospital",
        "source": "OpenGovernmentData"
      },
      "geometry": {
        "type": "Point",
        "coordinates": [
          78.4267851,
          17.3910723
        ]
      },
      "id": "node/6497614668"
    },
    {
      "type": "Feature",
      "properties": {
        "@id": "node/6497866894",
        "addr:district": "Hyderabad",
        "addr:full": "22-3-157/1, Kotla Alijah, Pathar Gatti, Yakutpura",
        "addr:postcode": "500023",
        "addr:state": "Telangana",
        "amenity": "hospital",
        "name": "G.M.C. Multi Speciality Dental Hospital",
        "source": "OpenGovernmentData"
      },
      "geometry": {
        "type": "Point",
        "coordinates": [
          78.4826327,
          17.3621837
        ]
      },
      "id": "node/6497866894"
    },
    {
      "type": "Feature",
      "properties": {
        "@id": "node/6497913444",
        "addr:district": "Rangareddy",
        "addr:full": "Gaddi Annaram Cross Road, Dilsukh Nagar",
        "addr:postcode": "500060",
        "addr:state": "Telangana",
        "amenity": "hospital",
        "healthcare": "hospital",
        "name": "Nikhil Hospital",
        "name:te": "నిఖిల్ హాస్పిటల్",
        "source": "OpenGovernmentData"
      },
      "geometry": {
        "type": "Point",
        "coordinates": [
          78.5203962,
          17.3682105
        ]
      },
      "id": "node/6497913444"
    },
    {
      "type": "Feature",
      "properties": {
        "@id": "node/6498004164",
        "addr:district": "Hyderabad",
        "addr:full": "1st floor Mor chambers, Above Mor Medicals, Basheerbagh",
        "addr:postcode": "500029",
        "addr:state": "Telangana",
        "amenity": "hospital",
        "contact:email": "info@drsaxenaclinic.com",
        "contact:phone": "040-23428989;040-66752014",
        "name": "Dr. Saxena Integrative Medicine Private Ltd.",
        "name:te": "డాక్టర్ సక్సేనా ఇంటిగ్రేటీవ్ మెడిసిన్ ప్రైవేట్ లిమిటెడ్",
        "source": "OpenGovernmentData",
        "website": "https://www.drsaxenaclinic.com"
      },
      "geometry": {
        "type": "Point",
        "coordinates": [
          78.476577,
          17.4052775
        ]
      },
      "id": "node/6498004164"
    },
    {
      "type": "Feature",
      "properties": {
        "@id": "node/6498013229",
        "addr:district": "Hyderabad",
        "addr:full": "Plot No. 61, KPHB Main Road, Balaji Nagar, Near Kukatpally Bus Stop",
        "addr:postcode": "500072",
        "addr:state": "Telangana",
        "amenity": "hospital",
        "name": "Prerana Hospital",
        "source": "OpenGovernmentData"
      },
      "geometry": {
        "type": "Point",
        "coordinates": [
          78.4096652,
          17.48489
        ]
      },
      "id": "node/6498013229"
    },
    {
      "type": "Feature",
      "properties": {
        "@id": "node/6498031548",
        "addr:district": "Hyderabad",
        "addr:full": "10-3-72, St. John's Road, Opp Keyes High School, Chilakalguda, Secunderabad",
        "addr:postcode": "500025",
        "addr:state": "Telangana",
        "amenity": "hospital",
        "healthcare": "hospital",
        "name": "Shubhodaya Nursing Home",
        "source": "OpenGovernmentData"
      },
      "geometry": {
        "type": "Point",
        "coordinates": [
          78.5049681,
          17.4381142
        ]
      },
      "id": "node/6498031548"
    },
    {
      "type": "Feature",
      "properties": {
        "@id": "node/6498040562",
        "addr:district": "Hyderabad",
        "addr:full": "59-1-2A, 1st Floor , Beside Police Station, Karkhana",
        "addr:postcode": "500009",
        "addr:state": "Telangana",
        "amenity": "hospital",
        "name": "Shekars Ent Hospital",
        "source": "OpenGovernmentData"
      },
      "geometry": {
        "type": "Point",
        "coordinates": [
          78.5006364,
          17.4620995
        ]
      },
      "id": "node/6498040562"
    },
    {
      "type": "Feature",
      "properties": {
        "@id": "node/6498046738",
        "addr:district": "Hyderabad",
        "addr:full": "1-1-265/286, Srinivasa Nagar Colony, Dr A S Rao Nagar, Ecil, Kapra",
        "addr:postcode": "500062",
        "addr:state": "Telangana",
        "amenity": "hospital",
        "name": "Shreyas Hospital",
        "source": "OpenGovernmentData"
      },
      "geometry": {
        "type": "Point",
        "coordinates": [
          78.5626893,
          17.4779001
        ]
      },
      "id": "node/6498046738"
    },
    {
      "type": "Feature",
      "properties": {
        "@id": "node/6502946680",
        "addr:district": "Hyderabad",
        "addr:full": "H.No.13-6-434C/148, Opp. Pillar No. 81, PVNR Exp Highway, Inner Ring Road, Maruthi Nagar, Mehdipatnam",
        "addr:postcode": "500008",
        "addr:state": "Telangana",
        "amenity": "hospital",
        "contact:email": "info@mythrihospital.net",
        "contact:phone": "+91 7997996030 ; 040-23516326/27",
        "name": "Mythri Hospital",
        "source": "OpenGovernmentData",
        "website": "https://www.mythrihospital.net/"
      },
      "geometry": {
        "type": "Point",
        "coordinates": [
          78.4292413,
          17.3836628
        ]
      },
      "id": "node/6502946680"
    },
    {
      "type": "Feature",
      "properties": {
        "@id": "node/6502966455",
        "addr:district": "Hyderabad",
        "addr:full": "H.No: 3- 4- 759, Opp. HP Petrol Pump, Barkatpura 'X' Roads",
        "addr:postcode": "500027",
        "addr:state": "Telangana",
        "amenity": "hospital",
        "contact:email": "info@rukkusdentalhospitals.com",
        "contact:mobile": "+91 - 9440253019; +91 - 9100056155",
        "contact:phone": "040 27555453",
        "fax": "27555453",
        "name": "Rukkus Dental Hospital & Implant Center",
        "source": "OpenGovernmentData",
        "website": "www.rukkusdentalhospitals.com"
      },
      "geometry": {
        "type": "Point",
        "coordinates": [
          78.4990337,
          17.394801
        ]
      },
      "id": "node/6502966455"
    },
    {
      "type": "Feature",
      "properties": {
        "@id": "node/6503081897",
        "addr:district": "Hyderabad",
        "addr:full": "H.No. 3-4-875/B, Near HP Petrol Pump, Barkatpura",
        "addr:postcode": "500027",
        "addr:state": "Telangana",
        "amenity": "hospital",
        "fax": "040 27564379",
        "name": "Hyderabad Eye Hospital",
        "source": "OpenGovernmentData"
      },
      "geometry": {
        "type": "Point",
        "coordinates": [
          78.4989743,
          17.3942462
        ]
      },
      "id": "node/6503081897"
    },
    {
      "type": "Feature",
      "properties": {
        "@id": "node/6503086685",
        "addr:district": "Hyderabad",
        "addr:full": "Opp.Swagath Hotel, Above RKS Electronics, Chandanagar",
        "addr:postcode": "500050",
        "addr:state": "Telangana",
        "amenity": "hospital",
        "healthcare": "hospital",
        "name": "Sai Anurag Hosptial",
        "source": "OpenGovernmentData"
      },
      "geometry": {
        "type": "Point",
        "coordinates": [
          78.3268218,
          17.4946701
        ]
      },
      "id": "node/6503086685"
    },
    {
      "type": "Feature",
      "properties": {
        "@id": "node/6503106727",
        "addr:district": "Hyderabad",
        "addr:full": "26/A, Sikh Road, Sikh Village, Near Diamond Point, Secunderabad",
        "addr:postcode": "500009",
        "addr:state": "Telangana",
        "amenity": "hospital",
        "contact:mobile": "9246276141",
        "email": "admin@janapareddy.co.in",
        "fax": "040 40147476",
        "health_facility:type": "Operation Theatre;Neonatal Intensive Care Unite;Neonatal Transport Team;Pediatric Intensive Care Unite;Emergency Care;In Patient Rooms;Lab;Pharmacy;Equipment and Facilities",
        "healthcare:speciality": "multi specialty",
        "medical_system": "Allopathic",
        "name": "Bloom Hospitals - Unit of Janapareddy Hospitals.",
        "operator:type": "private",
        "phone": "040 40147474;040 401474745;040 401474746",
        "source": "OpenGovernmentData",
        "website": "http://www.janapareddy.co.in"
      },
      "geometry": {
        "type": "Point",
        "coordinates": [
          78.4904668,
          17.4606974
        ]
      },
      "id": "node/6503106727"
    },
    {
      "type": "Feature",
      "properties": {
        "@id": "node/6503145065",
        "addr:district": "Hyderabad",
        "addr:full": "#16-11-310/8/B, MOOSARAMBAGH, MALAKPET, HYDERABAD",
        "addr:postcode": "500036",
        "addr:state": "Telangana",
        "amenity": "hospital",
        "email": "INFO@HEGDEHOSPITAL.COM",
        "healthcare": "hospital",
        "name": "Hedge Maternity and Nursing Home",
        "phone": "8880 74 74 74",
        "source": "OpenGovernmentData",
        "website": "HTTP://HEGDEHOSPITAL.COM/"
      },
      "geometry": {
        "type": "Point",
        "coordinates": [
          78.5147515,
          17.3709739
        ]
      },
      "id": "node/6503145065"
    },
    {
      "type": "Feature",
      "properties": {
        "@id": "node/6503155785",
        "addr:district": "Hyderabad",
        "addr:full": "Opposite Erragadda Rythu Bazar, Sanath Nagar",
        "addr:postcode": "500018",
        "addr:state": "Telangana",
        "amenity": "hospital",
        "contact:email": "theresa.admin@gmail.com",
        "contact:phone": "040 23701013",
        "name": "St.Theresa's Hospitals",
        "source": "OpenGovernmentData",
        "website": "https://www.sttheresashospital.com",
        "wikidata": "Q7586669",
        "wikipedia": "en:St. Theresa's Hospital"
      },
      "geometry": {
        "type": "Point",
        "coordinates": [
          78.4377721,
          17.4517957
        ]
      },
      "id": "node/6503155785"
    },
    {
      "type": "Feature",
      "properties": {
        "@id": "node/6503195186",
        "addr:district": "Hyderabad",
        "addr:full": "Opposite Rose Garden, Sagar Road, Santosh Nagar",
        "addr:postcode": "500059",
        "addr:state": "Telangana",
        "amenity": "hospital",
        "healthcare": "hospital",
        "name": "Sunita Children's Hospital",
        "source": "OpenGovernmentData"
      },
      "geometry": {
        "type": "Point",
        "coordinates": [
          78.5121296,
          17.3502416
        ]
      },
      "id": "node/6503195186"
    },
    {
      "type": "Feature",
      "properties": {
        "@id": "node/6503203211",
        "addr:district": "Hyderabad",
        "addr:full": "12-2-831/87, Sai Suchi Towers, Opposite Syndicate Bank, Mehdipatnam",
        "addr:postcode": "500028",
        "addr:state": "Telangana",
        "amenity": "hospital",
        "email": "info@drakbareyehospitals.com",
        "health_facility:type": "Ocular Photography;Ultrasound and Intraocular Lens Calculation;Specialized Ophthalmic Testing;Non Contact Tonometry",
        "healthcare:speciality": "Primary Eye Care;LASIK Services;Cataract Services;Cornea and Refractive Surgery Services;Glaucoma Services;Retina and Diabetic Retinopathy;Retina and Hypertensive Retinopathy;Contact Lens Services;Pediatric Service",
        "medical_system": "Allopathic",
        "name": "Dr. Akbar Eye Hospital",
        "operator:type": "private",
        "phone": "040 66362660",
        "source": "OpenGovernmentData",
        "website": "https://www.drakbareyehospitals.com/"
      },
      "geometry": {
        "type": "Point",
        "coordinates": [
          78.4435281,
          17.3935545
        ]
      },
      "id": "node/6503203211"
    },
    {
      "type": "Feature",
      "properties": {
        "@id": "node/6503211364",
        "addr:district": "Hyderabad",
        "addr:full": "10-3-304/F/1 To 4, Indira Sadan, Near NMDC, Humayan Nagar Main Road, Masab Tank",
        "addr:postcode": "500028",
        "addr:state": "Telangana",
        "amenity": "hospital",
        "email": "info@medivisioneyecare.com",
        "healthcare": "hospital",
        "name": "Medi Vision Eye Care Centre",
        "phone": "040-42456666",
        "source": "OpenGovernmentData",
        "website": "https://www.medivisioneyecare.com/"
      },
      "geometry": {
        "type": "Point",
        "coordinates": [
          78.4479502,
          17.3988488
        ]
      },
      "id": "node/6503211364"
    },
    {
      "type": "Feature",
      "properties": {
        "@id": "node/6503288232",
        "addr:district": "Hyderabad",
        "addr:full": "8-3-167/A/7 & 8, Vikaspuri Colony, Near A.G.Colony, Road Opposite ESI Hospital, Erragadda",
        "addr:postcode": "500038",
        "addr:state": "Telangana",
        "alt_name": "Dr. Sudha's Test Tube Baby Centre",
        "amenity": "hospital",
        "contact:email": "sunrichhospitals2009@gmail.com",
        "contact:phone": "040 23705588; 9393542950",
        "name": "Sunrich Hospital",
        "source": "OpenGovernmentData",
        "website": "www.drsudhaivf.com"
      },
      "geometry": {
        "type": "Point",
        "coordinates": [
          78.4317237,
          17.4490629
        ]
      },
      "id": "node/6503288232"
    },
    {
      "type": "Feature",
      "properties": {
        "@id": "node/6503302425",
        "addr:district": "Hyderabad",
        "addr:full": "Opposite Kothapet Fruit Market, Near Miraj Cinemas, Krishna Veni Nagar Colony, Kothapet, Sri Sai Shivani Complex, HUDA Complex, Saroornagar.",
        "addr:postcode": "500035",
        "addr:state": "Telangana",
        "amenity": "hospital",
        "fax": "040 65126514",
        "healthcare": "hospital",
        "name": "Induss Hospitals",
        "source": "OpenGovernmentData"
      },
      "geometry": {
        "type": "Point",
        "coordinates": [
          78.5358477,
          17.3674854
        ]
      },
      "id": "node/6503302425"
    },
    {
      "type": "Feature",
      "properties": {
        "@id": "node/6503370083",
        "addr:district": "Hyderabad",
        "addr:full": "Plot Number 57, Kalyan Nagar Phase 1, Behind TB Hospital",
        "addr:postcode": "500038",
        "addr:state": "Telangana",
        "amenity": "hospital",
        "medical_system": "Allopathic",
        "name": "J.J. Hospital",
        "operator:type": "private",
        "phone": "040 2370 4778; 040 23712106",
        "source": "OpenGovernmentData"
      },
      "geometry": {
        "type": "Point",
        "coordinates": [
          78.4324291,
          17.4448064
        ]
      },
      "id": "node/6503370083"
    },
    {
      "type": "Feature",
      "properties": {
        "@id": "node/6503384572",
        "addr:district": "Hyderabad",
        "addr:full": "Plot No-2, H No-2-12-149, Breg Syed Road,Bapuji Nagar Bowenpally, Cantonment",
        "addr:postcode": "500009",
        "addr:state": "Telangana",
        "amenity": "hospital",
        "name": "Lifespring Hospital",
        "source": "OpenGovernmentData"
      },
      "geometry": {
        "type": "Point",
        "coordinates": [
          78.4832785,
          17.4660729
        ]
      },
      "id": "node/6503384572"
    },
    {
      "type": "Feature",
      "properties": {
        "@id": "node/6503394122",
        "addr:district": "Hyderabad",
        "addr:full": "Beside ICICI Bank, Sainikpuri, A.S. Rao Nagar",
        "addr:state": "Telangana",
        "amenity": "hospital",
        "contact:mobile": "097018 88488",
        "email": "asraonagar@ankurahospital.com",
        "healthcare:speciality": "Neonatology;Pediatric Critical Care;Paediatric Emergency;Paediatric Surgery;Pediatric Dentistry;Paediatric Neurology;Paediatric Cardiology;Paediatric Endocrinology",
        "medical_system": "Allopathic",
        "name": "Ankura Children's Hospital",
        "operator:type": "private",
        "phone": "040 49699999",
        "source": "OpenGovernmentData",
        "website": "https://ankurahospital.com"
      },
      "geometry": {
        "type": "Point",
        "coordinates": [
          78.5525036,
          17.4820222
        ]
      },
      "id": "node/6503394122"
    },
    {
      "type": "Feature",
      "properties": {
        "@id": "node/6503410509",
        "addr:district": "Hyderabad",
        "addr:full": "7-A, Panchasheela Enclave, near ICRISAT Colony Phase 2, Hashmathpet",
        "addr:postcode": "500009",
        "addr:state": "Telangana",
        "amenity": "hospital",
        "name": "SKM Multi Speciality Hospital",
        "source": "OpenGovernmentData"
      },
      "geometry": {
        "type": "Point",
        "coordinates": [
          78.4849957,
          17.4713934
        ]
      },
      "id": "node/6503410509"
    },
    {
      "type": "Feature",
      "properties": {
        "@id": "node/6503431340",
        "addr:district": "Hyderabad",
        "addr:full": "9-1-29/23, Opposite To Alankar Cinema, Langar Houz",
        "addr:postcode": "500008",
        "addr:state": "Telangana",
        "amenity": "hospital",
        "name": "Ambaa Hospitals",
        "source": "OpenGovernmentData"
      },
      "geometry": {
        "type": "Point",
        "coordinates": [
          78.4203096,
          17.3763547
        ]
      },
      "id": "node/6503431340"
    },
    {
      "type": "Feature",
      "properties": {
        "@id": "node/6503431563",
        "addr:district": "Hyderabad",
        "addr:full": "Plot No.78, 2nd Right, Gajularamaram Road, IDA, Shapurnagar, Jeedimetla",
        "addr:postcode": "500055",
        "addr:state": "Telangana",
        "amenity": "hospital",
        "name": "S.V.K. Hospital Private Ltd.",
        "source": "OpenGovernmentData"
      },
      "geometry": {
        "type": "Point",
        "coordinates": [
          78.4465805,
          17.5119189
        ]
      },
      "id": "node/6503431563"
    },
    {
      "type": "Feature",
      "properties": {
        "@id": "node/6503438537",
        "addr:district": "Hyderabad",
        "addr:full": "10-2-317/1/A/9/B, Beside Hotel Riyan, Vijayanagar Colony",
        "addr:postcode": "500057",
        "addr:state": "Telangana",
        "amenity": "hospital",
        "name": "Mansoor Maternity And Childrens Hospital",
        "source": "OpenGovernmentData"
      },
      "geometry": {
        "type": "Point",
        "coordinates": [
          78.4568185,
          17.393511
        ]
      },
      "id": "node/6503438537"
    },
    {
      "type": "Feature",
      "properties": {
        "@id": "node/6503446084",
        "addr:district": "Hyderabad",
        "addr:full": "Plot Number 43, EC Extension, ECIL 'X' Roads",
        "addr:postcode": "500062",
        "addr:state": "Telangana",
        "amenity": "hospital",
        "contact:email": "info@xeniahospitals.com",
        "contact:mobile": "9000681166",
        "fax": "040 27134666",
        "healthcare:speciality": "Internal Medicine;Neurology;Gastroenterology;Anesthesiology;Cardiology;Trauma Care;Neurophysiology;Plastic Surgery",
        "medical_system": "Allopathic",
        "name": "Xenia Multi Speciality Hospital",
        "operator:type": "private",
        "phone": "040 27144000;040 27144777",
        "source": "OpenGovernmentData",
        "website": "www.xeniahospitals.in"
      },
      "geometry": {
        "type": "Point",
        "coordinates": [
          78.5713568,
          17.4727007
        ]
      },
      "id": "node/6503446084"
    },
    {
      "type": "Feature",
      "properties": {
        "@id": "node/6503655627",
        "addr:district": "Hyderabad",
        "addr:full": "H.No. 8-2-686/B/1/A, Road No.12, Near Jaganedha Temple, Banjara Hills",
        "addr:postcode": "500034",
        "addr:state": "Telangana",
        "amenity": "hospital",
        "name": "Avis Ankura Hospital for Women & Children",
        "source": "OpenGovernmentData"
      },
      "geometry": {
        "type": "Point",
        "coordinates": [
          78.4324009,
          17.4116829
        ]
      },
      "id": "node/6503655627"
    },
    {
      "type": "Feature",
      "properties": {
        "@id": "node/6503660417",
        "addr:district": "Hyderabad",
        "addr:full": "Vijayapuri Colony, Uppal",
        "addr:postcode": "500039",
        "addr:state": "Telangana",
        "amenity": "hospital",
        "healthcare": "hospital",
        "healthcare:speciality": "paediatrics",
        "name": "Ammaji Childrens Hospital",
        "source": "OpenGovernmentData"
      },
      "geometry": {
        "type": "Point",
        "coordinates": [
          78.5665409,
          17.4002489
        ]
      },
      "id": "node/6503660417"
    },
    {
      "type": "Feature",
      "properties": {
        "@id": "node/6503669088",
        "addr:district": "Hyderabad",
        "addr:full": "A-12, Electronic Complex, Beside SBI, Kushaiguda, ECIL 'X' Roads",
        "addr:postcode": "500062",
        "addr:state": "Telangana",
        "amenity": "hospital",
        "contact:email": "info@tulasihospials.com",
        "contact:mobile": "+91 9505108108",
        "name": "Tulasi Hospitals",
        "source": "OpenGovernmentData",
        "website": "http://thulasihospitals.com"
      },
      "geometry": {
        "type": "Point",
        "coordinates": [
          78.5709384,
          17.4748831
        ]
      },
      "id": "node/6503669088"
    },
    {
      "type": "Feature",
      "properties": {
        "@id": "node/6503723809",
        "addr:district": "Hyderabad",
        "addr:full": "3-4-136/A, Street Number 6, Beside SBI, Barkatpura",
        "addr:postcode": "500027",
        "addr:state": "Telangana",
        "amenity": "hospital",
        "name": "Ashok Kumar Hospital",
        "source": "OpenGovernmentData"
      },
      "geometry": {
        "type": "Point",
        "coordinates": [
          78.4961564,
          17.3920533
        ]
      },
      "id": "node/6503723809"
    },
    {
      "type": "Feature",
      "properties": {
        "@id": "node/6503747239",
        "addr:district": "Hyderabad",
        "addr:full": "Road Number 12, Banjara Hills",
        "addr:postcode": "500034",
        "addr:state": "Telangana",
        "amenity": "hospital",
        "name": "Banjara 12 Hospital",
        "source": "OpenGovernmentData"
      },
      "geometry": {
        "type": "Point",
        "coordinates": [
          78.4496157,
          17.4075461
        ]
      },
      "id": "node/6503747239"
    },
    {
      "type": "Feature",
      "properties": {
        "@id": "node/6503755850",
        "addr:district": "Hyderabad",
        "addr:full": "4-122/A, Opposite Vijaya Bank, Chanda Nagar",
        "addr:postcode": "500050",
        "addr:state": "Telangana",
        "amenity": "hospital",
        "fax": "040 23039092",
        "healthcare": "hospital",
        "name": "Anitha Nursing Home",
        "source": "OpenGovernmentData"
      },
      "geometry": {
        "type": "Point",
        "coordinates": [
          78.3232471,
          17.4943913
        ]
      },
      "id": "node/6503755850"
    },
    {
      "type": "Feature",
      "properties": {
        "@id": "node/6503794648",
        "addr:district": "Hyderabad",
        "addr:full": "3-2-394, Near LB Nagar Circle, Towards Sagar Ring Road, L B Nagar",
        "addr:postcode": "500074",
        "addr:state": "Telangana",
        "amenity": "hospital",
        "healthcare": "hospital",
        "name": "Health Care Hospitals",
        "source": "OpenGovernmentData"
      },
      "geometry": {
        "type": "Point",
        "coordinates": [
          78.5492826,
          17.3453352
        ]
      },
      "id": "node/6503794648"
    },
    {
      "type": "Feature",
      "properties": {
        "@id": "node/6504077179",
        "addr:district": "Hyderabad",
        "addr:full": "3-12-51, Ganesh Nagar, Opp. TV Studio, Ramanthapur",
        "addr:postcode": "500013",
        "addr:state": "Telangana",
        "amenity": "hospital",
        "name": "Sri Krishna Swathi Children's Hospital",
        "source": "OpenGovernmentData"
      },
      "geometry": {
        "type": "Point",
        "coordinates": [
          78.5304907,
          17.3946084
        ]
      },
      "id": "node/6504077179"
    },
    {
      "type": "Feature",
      "properties": {
        "@id": "node/6504097065",
        "addr:district": "Hyderabad",
        "addr:full": "Rajeev Nagar`X` Roads, Mothinagar",
        "addr:postcode": "500018",
        "addr:state": "Telangana",
        "amenity": "hospital",
        "contact:email": "manaseyehosp@gmail.com",
        "contact:mobile": "+91 9849726209",
        "name": "Manas Eye Hospital",
        "source": "OpenGovernmentData",
        "website": "https://manaseyehospital.com/"
      },
      "geometry": {
        "type": "Point",
        "coordinates": [
          78.424402,
          17.4514829
        ]
      },
      "id": "node/6504097065"
    },
    {
      "type": "Feature",
      "properties": {
        "@id": "node/6504107685",
        "addr:district": "Hyderabad",
        "addr:full": "Plot No. 129/1, Viceroy Residency, Besides Ashok Gardens, Bapuji Nagar, Main Road, Bowenpalli",
        "addr:postcode": "500011",
        "addr:state": "Telangana",
        "amenity": "hospital",
        "name": "Pavithra Hospital",
        "source": "OpenGovernmentData"
      },
      "geometry": {
        "type": "Point",
        "coordinates": [
          78.4819903,
          17.467585
        ]
      },
      "id": "node/6504107685"
    },
    {
      "type": "Feature",
      "properties": {
        "@id": "node/6504110557",
        "addr:district": "Hyderabad",
        "addr:full": "Opposite Chermas, Hydernagar, Kukatpally",
        "addr:postcode": "500072",
        "addr:state": "Telangana",
        "amenity": "hospital",
        "contact:tollfree": "1802 2122",
        "email": "info@rainbowhospitals.in",
        "emergency": "yes",
        "healthcare:speciality": "General Pediatrics;Neonatology;Pediatric Neurology;Anasthesia and Pain Management;Pediatric Gastroenterology;Pediatric Nephrology;Hematology & Oncology;ENT;Psychiatry;Pediatric Cardiology;Speech & Language Therapy;Physiotherapy and Rehabilitation Unit etc",
        "medical_system": "Allopathic",
        "name": "Rainbow Childrens Hospital",
        "opening_hours": "24/7",
        "operator:type": "private",
        "phone": "040 42462300;040 23892300",
        "source": "OpenGovernmentData",
        "website": "https://www.rainbowhospitals.in/"
      },
      "geometry": {
        "type": "Point",
        "coordinates": [
          78.3841534,
          17.4997851
        ]
      },
      "id": "node/6504110557"
    },
    {
      "type": "Feature",
      "properties": {
        "@id": "node/6504123689",
        "addr:district": "Hyderabad",
        "addr:full": "#3-2-312, Central Excise Colony, Shivam Road, Bagh Amberpet",
        "addr:postcode": "500013",
        "addr:state": "Telangana",
        "amenity": "hospital",
        "name": "Shantilal Navodaya Multi Speciality Hospital",
        "source": "OpenGovernmentData"
      },
      "geometry": {
        "type": "Point",
        "coordinates": [
          78.5136256,
          17.398678
        ]
      },
      "id": "node/6504123689"
    },
    {
      "type": "Feature",
      "properties": {
        "@id": "node/6504150659",
        "addr:district": "Hyderabad",
        "addr:full": "2-2-1108/1/A/2, Tilak Nagar",
        "addr:postcode": "500044",
        "addr:state": "Telangana",
        "amenity": "hospital",
        "healthcare": "hospital",
        "name": "Tilaknagar ABHAYA-BBC HOSPITAL",
        "source": "OpenGovernmentData"
      },
      "geometry": {
        "type": "Point",
        "coordinates": [
          78.5099286,
          17.3941335
        ]
      },
      "id": "node/6504150659"
    },
    {
      "type": "Feature",
      "properties": {
        "@id": "node/6504154905",
        "addr:district": "Hyderabad",
        "addr:full": "Plot No. 688, Sumana Hospital Lane, Road Number 2, Vivekananda Nagar, Kukatpally",
        "addr:postcode": "500072",
        "addr:state": "Telangana",
        "amenity": "hospital",
        "contact:email": "sumanahospital@gmail.com",
        "contact:phone": "040 2306 8066",
        "healthcare": "hospital",
        "name": "Sumana Hospital",
        "source": "OpenGovernmentData",
        "website": "http://sumanahospital.com",
        "wikidata": "Q52843701"
      },
      "geometry": {
        "type": "Point",
        "coordinates": [
          78.4093373,
          17.4920026
        ]
      },
      "id": "node/6504154905"
    },
    {
      "type": "Feature",
      "properties": {
        "@id": "node/6504255627",
        "addr:district": "Hyderabad",
        "addr:full": "7-1-212/5, Shiv Bagh, Balkampety Road, Ameerpet",
        "addr:postcode": "500016",
        "addr:state": "Telangana",
        "amenity": "hospital",
        "name": "Bhavika Nursing Home",
        "source": "OpenGovernmentData"
      },
      "geometry": {
        "type": "Point",
        "coordinates": [
          78.4492117,
          17.4407735
        ]
      },
      "id": "node/6504255627"
    },
    {
      "type": "Feature",
      "properties": {
        "@id": "node/6504261883",
        "addr:district": "Hyderabad",
        "addr:full": "540/1 and 2, JNTU Hitech City Road, VI - Phase, KPHB Colony",
        "addr:postcode": "500072",
        "addr:state": "Telangana",
        "amenity": "hospital",
        "check_date": "2024-03-16",
        "health_facility:type": "Personalised Patient Care;Hospital Information System",
        "healthcare:speciality": "Plastic Surgery;Reconstructive Surgery;Aesthetic Surgeries;Gynecology and Obsteric;Orthopedic;Pediatric;Pulmonology;General Medicine;Urology;Laproscopic Surgeries",
        "medical_system": "Allopathic",
        "name": "Icon Hospital",
        "operator:type": "private",
        "phone": "040 64602345;040 23159666",
        "source": "OpenGovernmentData"
      },
      "geometry": {
        "type": "Point",
        "coordinates": [
          78.3899282,
          17.4853224
        ]
      },
      "id": "node/6504261883"
    },
    {
      "type": "Feature",
      "properties": {
        "@id": "node/6504269305",
        "addr:district": "Hyderabad",
        "addr:full": "6-3-663/7/5, Saibaba Temple Road, Dwarakapuri, Punjagutta",
        "addr:postcode": "500082",
        "addr:state": "Telangana",
        "amenity": "hospital",
        "health_facility:type": "Allergy and Headache Clinic;Vertigo Clinic;Sleep Lab;Audiology;Speech Therapy;Clinical Lab;X ray;ECG",
        "healthcare:speciality": "Radio Frequency Surgery;Micro Ear Surgery;Endoscopic Sinus Surgery;Micro Laryngeal Surgery;Phono Surgery for Voice Disorders;Surgery for Snoring;Head and Neck Surgery",
        "medical_system": "Allopathic",
        "name": "Sree Srinivasa ENT Care and Research Institute",
        "operator:type": "private",
        "phone": "040 2339 4995;040 66664995",
        "source": "OpenGovernmentData",
        "website": "http://www.secri.org/contactus.htm"
      },
      "geometry": {
        "type": "Point",
        "coordinates": [
          78.4510457,
          17.4251451
        ]
      },
      "id": "node/6504269305"
    },
    {
      "type": "Feature",
      "properties": {
        "@id": "node/6504284028",
        "addr:district": "Hyderabad",
        "addr:full": "2-22-254, Street No.3, A.S. Raju Nagar, Behind South India Shopping Mall, Kukatpally",
        "addr:postcode": "500072",
        "addr:state": "Telangana",
        "amenity": "hospital",
        "name": "Kavya Nursing Home",
        "source": "OpenGovernmentData"
      },
      "geometry": {
        "type": "Point",
        "coordinates": [
          78.4053522,
          17.494147
        ]
      },
      "id": "node/6504284028"
    },
    {
      "type": "Feature",
      "properties": {
        "@id": "node/6504286989",
        "addr:district": "Hyderabad",
        "addr:full": "Post Office Lane, Fathenagar",
        "addr:postcode": "500018",
        "addr:state": "Telangana",
        "amenity": "hospital",
        "name": "Peoples Health Centre",
        "source": "OpenGovernmentData"
      },
      "geometry": {
        "type": "Point",
        "coordinates": [
          78.4523016,
          17.4575848
        ]
      },
      "id": "node/6504286989"
    },
    {
      "type": "Feature",
      "properties": {
        "@id": "node/6505167632",
        "addr:city": "Hyderabad",
        "addr:district": "Hyderabad",
        "addr:full": "Uppal Main Road",
        "addr:postcode": "500039",
        "addr:state": "Telangana",
        "amenity": "hospital",
        "healthcare": "hospital",
        "name": "Shiva Sai Hospital",
        "source": "OpenGovernmentData"
      },
      "geometry": {
        "type": "Point",
        "coordinates": [
          78.5666549,
          17.4004716
        ]
      },
      "id": "node/6505167632"
    },
    {
      "type": "Feature",
      "properties": {
        "@id": "node/6505170700",
        "addr:district": "Hyderabad",
        "addr:full": "Plot No. 12 & 13, Madhava Nagar, Behind Sai Ranga Theatre, Miyapur",
        "addr:postcode": "500049",
        "addr:state": "Telangana",
        "amenity": "hospital",
        "contact:phone": "040 23040450; 040 23048625",
        "fax": "040 23042800",
        "name": "Shilpa Nursing Home",
        "source": "OpenGovernmentData"
      },
      "geometry": {
        "type": "Point",
        "coordinates": [
          78.3600202,
          17.4947648
        ]
      },
      "id": "node/6505170700"
    },
    {
      "type": "Feature",
      "properties": {
        "@id": "node/6505184710",
        "addr:district": "Hyderabad",
        "addr:full": "3-5-886, Opposite Blue Dart Courier Office, Near Old MLA Quarters, Himayat Nagar",
        "addr:postcode": "500029",
        "addr:state": "Telangana",
        "amenity": "hospital",
        "name": "Dr. P. Siva Reddy Eye Hospital",
        "source": "OpenGovernmentData"
      },
      "geometry": {
        "type": "Point",
        "coordinates": [
          78.4842937,
          17.3978302
        ]
      },
      "id": "node/6505184710"
    },
    {
      "type": "Feature",
      "properties": {
        "@id": "node/6505187568",
        "addr:district": "Hyderabad",
        "addr:full": "16-3-991/1/C, Government Printing Press Road, Malakpet",
        "addr:postcode": "500024",
        "addr:state": "Telangana",
        "amenity": "hospital",
        "healthcare": "hospital",
        "name": "KIMS BIBI Hospital",
        "phone": "040 24528122/33/34",
        "source": "OpenGovernmentData",
        "website": "https://hyderabad.kimsglobal.com/",
        "wikidata": "Q52856483"
      },
      "geometry": {
        "type": "Point",
        "coordinates": [
          78.5005438,
          17.3702559
        ]
      },
      "id": "node/6505187568"
    },
    {
      "type": "Feature",
      "properties": {
        "@id": "node/6505207797",
        "addr:district": "Hyderabad",
        "addr:full": "16-11-16-45/B, Beside HDFC Bank, Saleemnagar Colony, Malakpet",
        "addr:postcode": "500036",
        "addr:state": "Telangana",
        "amenity": "hospital",
        "contact:mobile": "9849018333",
        "contact:phone": "040 24546057; 040 66789424",
        "healthcare": "hospital",
        "name": "K.G.H The Family Hospital",
        "source": "OpenGovernmentData"
      },
      "geometry": {
        "type": "Point",
        "coordinates": [
          78.509658,
          17.3727325
        ]
      },
      "id": "node/6505207797"
    },
    {
      "type": "Feature",
      "properties": {
        "@id": "node/6505218409",
        "addr:district": "Hyderabad",
        "addr:full": "Behind Durga Malleswara Swamy Temple, 1/2 RT, Housing Board Colony, Opposite Mosque, Panjagutta",
        "addr:postcode": "500008",
        "addr:state": "Telangana",
        "amenity": "hospital",
        "healthcare:speciality": "Laser; Storz Tricam; Storz Endoscopes; Storz Headcam; Storz Xenon Cold Light Sources; Xomed Micro Debrider; Xomed Skeeter Drill; Ventilating Bronchoscopes with Optical Forceps; Temporal Bone Dissection Laboratory",
        "medical_system": "Allopathic",
        "name": "Dr.Rao's ENT Super Speciality Hospital",
        "operator:type": "private",
        "phone": "040 45689977",
        "source": "OpenGovernmentData",
        "website": "https://raosentcare.com"
      },
      "geometry": {
        "type": "Point",
        "coordinates": [
          78.4503329,
          17.4305671
        ]
      },
      "id": "node/6505218409"
    },
    {
      "type": "Feature",
      "properties": {
        "@id": "node/6505303419",
        "addr:district": "Hyderabad",
        "addr:full": "16-2-145/A/9, Judges Colony, Malakpet",
        "addr:postcode": "500036",
        "addr:state": "Telangana",
        "amenity": "hospital",
        "healthcare": "hospital",
        "name": "Pushpa Maternity and Nursing Home",
        "source": "OpenGovernmentData"
      },
      "geometry": {
        "type": "Point",
        "coordinates": [
          78.5008154,
          17.3710405
        ]
      },
      "id": "node/6505303419"
    },
    {
      "type": "Feature",
      "properties": {
        "@id": "node/6505307085",
        "addr:district": "Hyderabad",
        "addr:full": "Plot No 8, Main Road, Old Bowenpally",
        "addr:postcode": "500011",
        "addr:state": "Telangana",
        "amenity": "hospital",
        "name": "Ramya Nursing Home",
        "source": "OpenGovernmentData"
      },
      "geometry": {
        "type": "Point",
        "coordinates": [
          78.4837787,
          17.4759595
        ]
      },
      "id": "node/6505307085"
    },
    {
      "type": "Feature",
      "properties": {
        "@id": "node/6505322583",
        "addr:district": "Hyderabad",
        "addr:full": "D/O 19-2-23/M/H/9, Makka Colony , Kalepathar, New Tadbun Road",
        "addr:postcode": "500064",
        "addr:state": "Telangana",
        "amenity": "hospital",
        "name": "Care Well Hospital",
        "source": "OpenGovernmentData"
      },
      "geometry": {
        "type": "Point",
        "coordinates": [
          78.4567943,
          17.3452876
        ]
      },
      "id": "node/6505322583"
    },
    {
      "type": "Feature",
      "properties": {
        "@id": "node/6505329556",
        "addr:district": "Hyderabad",
        "addr:full": "Opp. Shabnam Petrol Bunk, Bharat Gas Lane,Jahangir Nagar, Chinthalkunta Check Post, LB Nagar",
        "addr:postcode": "500074",
        "addr:state": "Telangana",
        "amenity": "hospital",
        "name": "Raksha Multi Speciality Hospital",
        "source": "OpenGovernmentData"
      },
      "geometry": {
        "type": "Point",
        "coordinates": [
          78.5575941,
          17.3398185
        ]
      },
      "id": "node/6505329556"
    },
    {
      "type": "Feature",
      "properties": {
        "@id": "node/6505352702",
        "addr:district": "Hyderabad",
        "addr:full": "H.No. 5-9-83/B, Ramchander House, Chapel Road, Lane Opposite LB Stadium & Public Gardens, Nampally",
        "addr:state": "Telangana",
        "amenity": "hospital",
        "contact:email": "info@neoretina.com",
        "contact:mobile": "9177410004; 7207040566",
        "contact:phone": "040 23236666",
        "medical_system": "Allopathic",
        "name": "Neo Retina Eye Care",
        "operator:type": "private",
        "source": "OpenGovernmentData",
        "website": "https://neoretina.com"
      },
      "geometry": {
        "type": "Point",
        "coordinates": [
          78.4728447,
          17.3967872
        ]
      },
      "id": "node/6505352702"
    },
    {
      "type": "Feature",
      "properties": {
        "@id": "node/6505370525",
        "addr:district": "Hyderabad",
        "addr:full": "16-2-705/9/12/A-F, Beside Hanuman Temple, opp Reliance Trends, New Malakpet Ganj",
        "addr:postcode": "500036",
        "addr:state": "Telangana",
        "amenity": "hospital",
        "healthcare": "hospital",
        "name": "Spark Eye Care Hospital",
        "phone": "040 24542000",
        "source": "OpenGovernmentData",
        "website": "https://www.sparkhealth.in/"
      },
      "geometry": {
        "type": "Point",
        "coordinates": [
          78.5077295,
          17.3724317
        ]
      },
      "id": "node/6505370525"
    },
    {
      "type": "Feature",
      "properties": {
        "@id": "node/6505386986",
        "addr:district": "Hyderabad",
        "addr:full": "1-54, Lane Beside Food World, Chaitanyapuri",
        "addr:postcode": "500060",
        "addr:state": "Telangana",
        "amenity": "hospital",
        "name": "Ganga Orthopaedic and Maternity Hospital",
        "source": "OpenGovernmentData"
      },
      "geometry": {
        "type": "Point",
        "coordinates": [
          78.5358806,
          17.3719492
        ]
      },
      "id": "node/6505386986"
    },
    {
      "type": "Feature",
      "properties": {
        "@id": "node/6505444434",
        "addr:district": "Hyderabad",
        "addr:full": "Bhagyanagar Colony, Opposite K.P.H.B",
        "addr:postcode": "500072",
        "addr:state": "Telangana",
        "amenity": "hospital",
        "check_date": "2024-03-16",
        "healthcare": "hospital",
        "name": "Varsha Hospital",
        "source": "OpenGovernmentData"
      },
      "geometry": {
        "type": "Point",
        "coordinates": [
          78.4016588,
          17.4948223
        ]
      },
      "id": "node/6505444434"
    },
    {
      "type": "Feature",
      "properties": {
        "@id": "node/6505447806",
        "addr:district": "Hyderabad",
        "addr:full": "D.No.1-1-256/7, Srinivas Nagar Colony, Kapra Circle, Kesara Mandal, A.S.Rao Nagar",
        "addr:postcode": "500062",
        "addr:state": "Telangana",
        "amenity": "hospital",
        "medical_system": "Allopathic",
        "name": "Vasan Eye Care",
        "operator:type": "private",
        "phone": "040 39890600",
        "source": "OpenGovernmentData",
        "website": "https://vasaneye.com/"
      },
      "geometry": {
        "type": "Point",
        "coordinates": [
          78.5630205,
          17.4776666
        ]
      },
      "id": "node/6505447806"
    },
    {
      "type": "Feature",
      "properties": {
        "@id": "node/6505485733",
        "addr:district": "Hyderabad",
        "addr:full": "HIG - 547, 6th Phase, KPHB Colony, Opposite Malaysian Township",
        "addr:postcode": "500072",
        "addr:state": "Telangana",
        "amenity": "hospital",
        "fax": "040 23156976",
        "name": "Sagar Hospital",
        "source": "OpenGovernmentData"
      },
      "geometry": {
        "type": "Point",
        "coordinates": [
          78.3890216,
          17.4858827
        ]
      },
      "id": "node/6505485733"
    },
    {
      "type": "Feature",
      "properties": {
        "@id": "node/6505499664",
        "addr:district": "Hyderabad",
        "addr:full": "H.No. 16-2-741 / 2, A.B. Colony, Asmangadh, Malakpet",
        "addr:postcode": "500036",
        "addr:state": "Telangana",
        "amenity": "hospital",
        "healthcare": "hospital",
        "name": "Midas ENT Head and Neck Super Speciality Hospital",
        "source": "OpenGovernmentData"
      },
      "geometry": {
        "type": "Point",
        "coordinates": [
          78.5168678,
          17.3689017
        ]
      },
      "id": "node/6505499664"
    },
    {
      "type": "Feature",
      "properties": {
        "@id": "node/6505503898",
        "addr:district": "Hyderabad",
        "addr:full": "Street No:4, Road No:7, New Muncipal Park, West Maredpally",
        "addr:postcode": "500026",
        "addr:state": "Telangana",
        "amenity": "hospital",
        "name": "Lions Patny Hospital",
        "source": "OpenGovernmentData"
      },
      "geometry": {
        "type": "Point",
        "coordinates": [
          78.5034782,
          17.45035
        ]
      },
      "id": "node/6505503898"
    },
    {
      "type": "Feature",
      "properties": {
        "@id": "node/6505507940",
        "addr:district": "Hyderabad",
        "addr:full": "Jubilee Hills Road, Krishna Nagar",
        "addr:postcode": "500045",
        "addr:state": "Telangana",
        "amenity": "hospital",
        "healthcare": "hospital",
        "name": "Seethal Nursing Home",
        "source": "OpenGovernmentData"
      },
      "geometry": {
        "type": "Point",
        "coordinates": [
          78.4271117,
          17.4299337
        ]
      },
      "id": "node/6505507940"
    },
    {
      "type": "Feature",
      "properties": {
        "@id": "node/6505516403",
        "addr:district": "Hyderabad",
        "addr:full": "12-2-417/46/8/G1, Hari Hara Teja Apartments, Shiv Bagh, Near Gudimalkapur 'X' Roads",
        "addr:postcode": "500028",
        "addr:state": "Telangana",
        "amenity": "hospital",
        "name": "Dharani Hospital",
        "source": "OpenGovernmentData"
      },
      "geometry": {
        "type": "Point",
        "coordinates": [
          78.4367287,
          17.3837869
        ]
      },
      "id": "node/6505516403"
    },
    {
      "type": "Feature",
      "properties": {
        "@id": "node/6505528362",
        "addr:district": "Hyderabad",
        "addr:full": "3-6-274, Near Telugu Academy, Opp. China Shop, MLA Quarters, Himayat Nagar",
        "addr:postcode": "500029",
        "addr:state": "Telangana",
        "amenity": "hospital",
        "fixme": "Please verify the accurate position of the hospital centre as I have mapped the facility based on the address provided in Open Government data",
        "name": "Desai Nursing Home",
        "source": "OpenGovernmentData"
      },
      "geometry": {
        "type": "Point",
        "coordinates": [
          78.4843661,
          17.3982154
        ]
      },
      "id": "node/6505528362"
    },
    {
      "type": "Feature",
      "properties": {
        "@id": "node/6505550308",
        "addr:district": "Hyderabad",
        "addr:full": "1-10-11/6, New Police Station Bus Stop, Temple Alwal, Alwal",
        "addr:postcode": "500010",
        "addr:state": "Telangana",
        "amenity": "hospital",
        "email": "prashamsahospital@gmail.com",
        "name": "Prashamsha Hospital",
        "phone": "040 27970458; 040 27961858",
        "source": "OpenGovernmentData",
        "website": "www.prashamsahospital.com"
      },
      "geometry": {
        "type": "Point",
        "coordinates": [
          78.5095681,
          17.503255
        ]
      },
      "id": "node/6505550308"
    },
    {
      "type": "Feature",
      "properties": {
        "@id": "node/6505556901",
        "addr:district": "Hyderabad",
        "addr:full": "S.K.Mall, Opposite Durga Bhai Deshmukh Hospital, Above Bata Showroom, Vidyanagar, O.U. Road",
        "addr:postcode": "500044",
        "addr:state": "Telangana",
        "amenity": "hospital",
        "contact:email": "neobbc@gmail.com",
        "contact:mobile": "8008804684",
        "emergency": "yes",
        "emergency_telephone_code": "08008804685; 08008804686; 040 27663232; 040 27663535",
        "fax": "040 27661020",
        "healthcare:speciality": "Pediatric Intensive Care Services;Neonatal Intensive Care Services;Pediatric Surgical Services",
        "medical_system": "Allopathic",
        "name": "NEO BBC Childrens Hospital",
        "opening_hours": "24/7",
        "operator:type": "private",
        "source": "OpenGovernmentData",
        "website": "www.neobbc.com/"
      },
      "geometry": {
        "type": "Point",
        "coordinates": [
          78.5100617,
          17.4030515
        ]
      },
      "id": "node/6505556901"
    },
    {
      "type": "Feature",
      "properties": {
        "@id": "node/6505570504",
        "addr:district": "Hyderabad",
        "addr:full": "H.No.3-7-218 & 219, Behind Satyam Computer, ( Dc Greens )Kharkhana, Rangapaddy",
        "addr:postcode": "500015",
        "addr:state": "Telangana",
        "amenity": "hospital",
        "fax": "040 66318453",
        "name": "Soumya Multispeciality Hospital",
        "source": "OpenGovernmentData"
      },
      "geometry": {
        "type": "Point",
        "coordinates": [
          78.5007772,
          17.4591328
        ]
      },
      "id": "node/6505570504"
    },
    {
      "type": "Feature",
      "properties": {
        "@id": "node/6505593241",
        "addr:district": "Hyderabad",
        "addr:full": "Opposite Anand Jyothi Hogh School, Srinivasapuram",
        "addr:postcode": "500013",
        "addr:state": "Telangana",
        "amenity": "hospital",
        "name": "Sri Gayatri Hospital",
        "source": "OpenGovernmentData"
      },
      "geometry": {
        "type": "Point",
        "coordinates": [
          78.5314,
          17.3900901
        ]
      },
      "id": "node/6505593241"
    },
    {
      "type": "Feature",
      "properties": {
        "@id": "node/6505593801",
        "addr:district": "Hyderabad",
        "addr:full": "H. No. 5-1-680/1/1, Ayanger Plaza, Adj. Central Bank of India, Above HDFC Bank Bank Street, Koti",
        "addr:postcode": "500001",
        "addr:state": "Telangana",
        "amenity": "hospital",
        "contact:mobile": "88850 60776",
        "contact:phone": "040 2473 7373",
        "fax": "24655595",
        "name": "FMS Dental Hospital",
        "name:te": "ఎఫ్ఎంఎస్ డెంటల్ హాస్పిటల్",
        "source": "OpenGovernmentData",
        "website": "https://www.fmsdental.com/"
      },
      "geometry": {
        "type": "Point",
        "coordinates": [
          78.4801885,
          17.3855301
        ]
      },
      "id": "node/6505593801"
    },
    {
      "type": "Feature",
      "properties": {
        "@id": "node/6505613357",
        "addr:district": "Hyderabad",
        "addr:full": "12-13-64, Beside Tarnaka Flyover, Tarnaka",
        "addr:postcode": "500017",
        "addr:state": "Telangana",
        "amenity": "hospital",
        "email": "info@surakshachildhospital.com",
        "emergency_telephone_code": "040 27016600;040 27016611;040 27016622",
        "fax": "040 2701 6623",
        "health_facility:type": "24 Hours Ambulance Services;Round The Clock Pharmacy;Imaging;Diagnostic Services;Antenatal Counselling;Neonatal and Paediatric Surgery;Neonatal Intensive Care Unit NICU ;Paediatric Intensive Care Unit PICU ;24 Hours Emergency Services;Out Patient Services",
        "healthcare:speciality": "multi specialty",
        "medical_system": "Allopathic",
        "name": "Suraksha Childrens Hospital",
        "operator:type": "private",
        "phone": "040 2706600;040 2706611;040 2706622",
        "source": "OpenGovernmentData",
        "website": "https://www.surakshachildrenshospital.com/"
      },
      "geometry": {
        "type": "Point",
        "coordinates": [
          78.5324286,
          17.4261322
        ]
      },
      "id": "node/6505613357"
    },
    {
      "type": "Feature",
      "properties": {
        "@id": "node/6505671806",
        "addr:district": "Hyderabad",
        "addr:full": "205, Bhanu Enclave, Near City Union Bank, Dr. A. S. Rao Nagar",
        "addr:postcode": "500062",
        "addr:state": "Telangana",
        "amenity": "hospital",
        "fax": "27127919",
        "name": "Prema Eye Care Centre",
        "source": "OpenGovernmentData"
      },
      "geometry": {
        "type": "Point",
        "coordinates": [
          78.5541297,
          17.4811326
        ]
      },
      "id": "node/6505671806"
    },
    {
      "type": "Feature",
      "properties": {
        "@id": "node/6506106769",
        "addr:district": "Hyderabad",
        "addr:full": "1-14-158/1, Opp Pearl Palace, Beside Idgah, Balamrai, Near Paradise",
        "addr:postcode": "500003",
        "addr:state": "Telangana",
        "amenity": "hospital",
        "name": "J S Mahaveer Hospital",
        "source": "OpenGovernmentData"
      },
      "geometry": {
        "type": "Point",
        "coordinates": [
          78.4849052,
          17.4486471
        ]
      },
      "id": "node/6506106769"
    },
    {
      "type": "Feature",
      "properties": {
        "@id": "node/6507570343",
        "addr:district": "Hyderabad",
        "addr:full": "F-14, First Floor, Deepthi Apartments, Beside St.Ann's High School, S.P.Road",
        "addr:postcode": "500003",
        "addr:state": "Telangana",
        "amenity": "hospital",
        "contact:email": "contact@drgowd.com",
        "contact:mobile": "+91 8886664790",
        "contact:phone": "040 66338377; 040 66312447",
        "healthcare": "hospital",
        "name": "The Dental Venue Multi Speciality Hospital (unit of Dr.Gowd’s)",
        "source": "OpenGovernmentData",
        "website": "https://www.drgowd.com/"
      },
      "geometry": {
        "type": "Point",
        "coordinates": [
          78.5043204,
          17.4422795
        ]
      },
      "id": "node/6507570343"
    },
    {
      "type": "Feature",
      "properties": {
        "@id": "node/6507652189",
        "addr:district": "Hyderabad",
        "addr:full": "MIG -200, Road Number1, KPHB Colony, Kukatpally",
        "addr:postcode": "500072",
        "addr:state": "Telangana",
        "amenity": "hospital",
        "check_date": "2024-03-16",
        "name": "Padmaavathi Netralaya",
        "source": "OpenGovernmentData"
      },
      "geometry": {
        "type": "Point",
        "coordinates": [
          78.4013115,
          17.4915108
        ]
      },
      "id": "node/6507652189"
    },
    {
      "type": "Feature",
      "properties": {
        "@id": "node/6507797498",
        "addr:district": "Hyderabad",
        "addr:full": "3-6-756, Street No. 13, Himayatnagar",
        "addr:postcode": "500029",
        "addr:state": "Telangana",
        "amenity": "hospital",
        "name": "Mahesh Hospital And Research Foundation",
        "source": "OpenGovernmentData"
      },
      "geometry": {
        "type": "Point",
        "coordinates": [
          78.4914961,
          17.4004729
        ]
      },
      "id": "node/6507797498"
    },
    {
      "type": "Feature",
      "properties": {
        "@id": "node/6507837294",
        "addr:district": "Hyderabad",
        "addr:full": "P.O. Kanchanbagh, DMRL ‘X’ Road , Santhosh Nagar",
        "addr:postcode": "500058",
        "addr:state": "Telangana",
        "amenity": "hospital",
        "contact:email": "principal@deccancollegeofmedicalsciences.com",
        "contact:phone": "040-24340225; 040-24340547",
        "healthcare": "hospital",
        "name": "Deccan College Of Medical Sciences",
        "source": "OpenGovernmentData",
        "website": "https://www.deccancollegeofmedicalsciences.com/"
      },
      "geometry": {
        "type": "Point",
        "coordinates": [
          78.5072333,
          17.3403386
        ]
      },
      "id": "node/6507837294"
    },
    {
      "type": "Feature",
      "properties": {
        "@id": "node/6508501597",
        "addr:district": "Hyderabad",
        "addr:full": "3-6-287, Old MLA Quarters, Hyderguda",
        "addr:postcode": "500029",
        "addr:state": "Telangana",
        "amenity": "hospital",
        "name": "CDR Hospitals",
        "source": "OpenGovernmentData"
      },
      "geometry": {
        "type": "Point",
        "coordinates": [
          78.483151,
          17.3991381
        ]
      },
      "id": "node/6508501597"
    },
    {
      "type": "Feature",
      "properties": {
        "@id": "node/6508963155",
        "addr:district": "Hyderabad",
        "addr:full": "16-10-49, Nalgonda 'X' Road, New Malakpet",
        "addr:postcode": "500036",
        "addr:state": "Telangana",
        "amenity": "hospital",
        "healthcare": "hospital",
        "name": "Moosi Maternity and Genernal Hospital",
        "source": "OpenGovernmentData"
      },
      "geometry": {
        "type": "Point",
        "coordinates": [
          78.4971612,
          17.3758914
        ]
      },
      "id": "node/6508963155"
    },
    {
      "type": "Feature",
      "properties": {
        "@id": "node/6510205415",
        "addr:district": "Hyderabad",
        "addr:full": "Road No. 5, Ramakrishnapuram, Kothapet",
        "addr:postcode": "500035",
        "addr:state": "Telangana",
        "amenity": "hospital",
        "name": "Hyma Children's Hospital",
        "source": "OpenGovernmentData"
      },
      "geometry": {
        "type": "Point",
        "coordinates": [
          78.5508728,
          17.3676268
        ]
      },
      "id": "node/6510205415"
    },
    {
      "type": "Feature",
      "properties": {
        "@id": "node/6510356260",
        "addr:district": "Hyderabad",
        "addr:full": "8-3-978/1, Shree Nursing Home, Srinagar Colony",
        "addr:postcode": "500073",
        "addr:state": "Telangana",
        "amenity": "hospital",
        "email": "shreenursinghome@gmail.com",
        "fax": "040-23757737",
        "name": "Shree Hospital",
        "phone": "040-66756493; 040-23734898",
        "source": "OpenGovernmentData",
        "website": "http://www.shreenursinghome.com"
      },
      "geometry": {
        "type": "Point",
        "coordinates": [
          78.4388973,
          17.4306004
        ]
      },
      "id": "node/6510356260"
    },
    {
      "type": "Feature",
      "properties": {
        "@id": "node/6510472444",
        "addr:district": "Hyderabad",
        "addr:full": "Plot No 185, Road No 1, Near Kennedy School, West Marredpally",
        "addr:postcode": "500026",
        "addr:state": "Telangana",
        "amenity": "hospital",
        "email": "saibaba_goud@hotmail.com",
        "name": "Sai Jyothi Eye Institute",
        "phone": "040 2771 9170 ; 040 27701686",
        "source": "OpenGovernmentData",
        "website": "http://www.saijyothieyeinstitute.com"
      },
      "geometry": {
        "type": "Point",
        "coordinates": [
          78.5027158,
          17.4466871
        ]
      },
      "id": "node/6510472444"
    },
    {
      "type": "Feature",
      "properties": {
        "@id": "node/6510503879",
        "addr:district": "Hyderabad",
        "addr:full": "Plot No. 30, Nagarjuna Hills, Punjagutta",
        "addr:postcode": "500082",
        "addr:state": "Telangana",
        "amenity": "hospital",
        "email": "info@lsch.in",
        "name": "Little Star Children's Hospital (A Unit Of Thirumala Child Health Services Pvt. Ltd)",
        "phone": "040 6699 2345",
        "source": "OpenGovernmentData",
        "website": "www.lsch.in"
      },
      "geometry": {
        "type": "Point",
        "coordinates": [
          78.450353,
          17.4270433
        ]
      },
      "id": "node/6510503879"
    },
    {
      "type": "Feature",
      "properties": {
        "@id": "node/6510820223",
        "addr:district": "Hyderabad",
        "addr:full": "Beside Lions Club Hospital, West Marredpally,Secunderabad",
        "addr:postcode": "500026",
        "addr:state": "Telangana",
        "amenity": "hospital",
        "name": "Basant Sahney Hospitals",
        "source": "OpenGovernmentData"
      },
      "geometry": {
        "type": "Point",
        "coordinates": [
          78.5032415,
          17.4505451
        ]
      },
      "id": "node/6510820223"
    },
    {
      "type": "Feature",
      "properties": {
        "@id": "node/6511011214",
        "addr:district": "Hyderabad",
        "addr:full": "C - 4,5, Ganga Enclave, Opp Excellancy Garden, Petbasheerabad, Medchal Road, Rangareddy",
        "addr:postcode": "500055",
        "addr:state": "Telangana",
        "amenity": "hospital",
        "name": "RR Hospital",
        "source": "OpenGovernmentData"
      },
      "geometry": {
        "type": "Point",
        "coordinates": [
          78.4831209,
          17.5218368
        ]
      },
      "id": "node/6511011214"
    },
    {
      "type": "Feature",
      "properties": {
        "@id": "node/6511165512",
        "addr:district": "Hyderabad",
        "addr:full": "Plot No. 63, Opp. Andhra Bank, Near Megha Function Hall, Karmanghat",
        "addr:postcode": "500079",
        "addr:state": "Telangana",
        "amenity": "hospital",
        "healthcare": "hospital",
        "name": "Krishna Sai Multispeciality Hospital",
        "source": "OpenGovernmentData"
      },
      "geometry": {
        "type": "Point",
        "coordinates": [
          78.5288881,
          17.345084
        ]
      },
      "id": "node/6511165512"
    },
    {
      "type": "Feature",
      "properties": {
        "@id": "node/6511251151",
        "addr:district": "Hyderabad",
        "addr:full": "Red Hills",
        "addr:postcode": "500004",
        "addr:state": "Telangana",
        "amenity": "hospital",
        "name": "Lazarus Hospitals",
        "source": "OpenGovernmentData"
      },
      "geometry": {
        "type": "Point",
        "coordinates": [
          78.4630345,
          17.3995348
        ]
      },
      "id": "node/6511251151"
    },
    {
      "type": "Feature",
      "properties": {
        "@id": "node/6511672655",
        "addr:district": "Hyderabad",
        "addr:full": "House No.: 8-3-168/P/1, ESI Cross Roads, S.R. Nagar",
        "addr:postcode": "500038",
        "addr:state": "Telangana",
        "amenity": "hospital",
        "name": "Sowmya Hospital",
        "source": "OpenGovernmentData"
      },
      "geometry": {
        "type": "Point",
        "coordinates": [
          78.437815,
          17.447338
        ]
      },
      "id": "node/6511672655"
    },
    {
      "type": "Feature",
      "properties": {
        "@id": "node/6512526669",
        "addr:district": "Hyderabad",
        "addr:full": "Jeedimetla Main Road, Near Gautami Techno School",
        "addr:postcode": "500055",
        "addr:state": "Telangana",
        "amenity": "hospital",
        "name": "Pulse Hospital",
        "source": "OpenGovernmentData"
      },
      "geometry": {
        "type": "Point",
        "coordinates": [
          78.4481992,
          17.4900948
        ]
      },
      "id": "node/6512526669"
    },
    {
      "type": "Feature",
      "properties": {
        "@id": "node/6512822726",
        "addr:district": "Hyderabad",
        "addr:full": "21-1-410, Opposite Agarwal Girls High School, Rikabgunj",
        "addr:postcode": "500002",
        "addr:state": "Telangana",
        "amenity": "hospital",
        "name": "Gupta Hospital",
        "source": "OpenGovernmentData"
      },
      "geometry": {
        "type": "Point",
        "coordinates": [
          78.473135,
          17.3662637
        ]
      },
      "id": "node/6512822726"
    },
    {
      "type": "Feature",
      "properties": {
        "@id": "node/6512969319",
        "addr:district": "Hyderabad",
        "addr:full": "9-9-100, Reddy Colony, Champapet",
        "addr:postcode": "500059",
        "addr:state": "Telangana",
        "amenity": "hospital",
        "healthcare": "hospital",
        "name": "Maruthi Hospital",
        "source": "OpenGovernmentData"
      },
      "geometry": {
        "type": "Point",
        "coordinates": [
          78.5151807,
          17.3497321
        ]
      },
      "id": "node/6512969319"
    },
    {
      "type": "Feature",
      "properties": {
        "@id": "node/6513085407",
        "addr:district": "Hyderabad",
        "addr:full": "17-1-383/S/1, Vinay Nagar, Sagar Road, Santoshnagar",
        "addr:postcode": "500059",
        "addr:state": "Telangana",
        "amenity": "hospital",
        "healthcare": "hospital",
        "name": "Himabindu Multi Speciality Hospital",
        "source": "OpenGovernmentData"
      },
      "geometry": {
        "type": "Point",
        "coordinates": [
          78.5092865,
          17.3512682
        ]
      },
      "id": "node/6513085407"
    },
    {
      "type": "Feature",
      "properties": {
        "@id": "node/6513113356",
        "addr:district": "Hyderabad",
        "addr:full": "22-163/2, Adjacent to Global Enclave, Bhagyanagar Colony, Kukatpally",
        "addr:postcode": "500072",
        "addr:state": "Telangana",
        "amenity": "hospital",
        "check_date": "2024-03-16",
        "healthcare": "hospital",
        "name": "Tadla Eye Hospital",
        "source": "OpenGovernmentData"
      },
      "geometry": {
        "type": "Point",
        "coordinates": [
          78.4055095,
          17.4961817
        ]
      },
      "id": "node/6513113356"
    },
    {
      "type": "Feature",
      "properties": {
        "@id": "node/6513234521",
        "addr:district": "Hyderabad",
        "addr:full": "Twin City Market, 5-4-183 To 199, Moazamjahi Market",
        "addr:postcode": "500001",
        "addr:state": "Telangana",
        "amenity": "hospital",
        "name": "Kailash Diagnostic and Rehabilitation Center",
        "source": "OpenGovernmentData"
      },
      "geometry": {
        "type": "Point",
        "coordinates": [
          78.4752171,
          17.3854802
        ]
      },
      "id": "node/6513234521"
    },
    {
      "type": "Feature",
      "properties": {
        "@id": "node/6513267731",
        "addr:district": "Hyderabad",
        "addr:full": "10-1-254, Near Check Post, West Marredpally",
        "addr:postcode": "500026",
        "addr:state": "Telangana",
        "amenity": "hospital",
        "fax": "040 27716646",
        "name": "Lions Dundoo Eye Institute",
        "source": "OpenGovernmentData"
      },
      "geometry": {
        "type": "Point",
        "coordinates": [
          78.5062201,
          17.4504779
        ]
      },
      "id": "node/6513267731"
    },
    {
      "type": "Feature",
      "properties": {
        "@id": "node/6513323438",
        "addr:district": "Hyderabad",
        "addr:full": "8-3-903/F/12&13, Image House, Behind Chermas, Ameerpet",
        "addr:postcode": "500073",
        "addr:state": "Telangana",
        "amenity": "hospital",
        "fax": "2375555; 23746616",
        "name": "Image Hospital",
        "source": "OpenGovernmentData"
      },
      "geometry": {
        "type": "Point",
        "coordinates": [
          78.4466797,
          17.4314653
        ]
      },
      "id": "node/6513323438"
    },
    {
      "type": "Feature",
      "properties": {
        "@id": "node/6513406843",
        "addr:district": "Hyderabad",
        "addr:full": "No. 3-6-191/1/82, Urdu Hall Lane, Hyderguda, Himayath Nagar",
        "addr:postcode": "500029",
        "addr:state": "Telangana",
        "amenity": "hospital",
        "name": "Lakshmi Maternity and Nursing Home",
        "name:te": "లక్ష్మి మెటర్నిటీ అండ్ నర్సింగ్ హోమ్",
        "source": "OpenGovernmentData"
      },
      "geometry": {
        "type": "Point",
        "coordinates": [
          78.4840006,
          17.4002182
        ]
      },
      "id": "node/6513406843"
    },
    {
      "type": "Feature",
      "properties": {
        "@id": "node/6527671224",
        "addr:district": "Hyderabad",
        "addr:full": "Durga Nagar Colony, Opp Gold Spot, Ameerpet",
        "addr:postcode": "500016",
        "addr:state": "Telangana",
        "amenity": "hospital",
        "name": "Disneys Medi-Kid Hospitals Pvt. Ltd",
        "source": "OpenGovernmentData"
      },
      "geometry": {
        "type": "Point",
        "coordinates": [
          78.4490681,
          17.4322118
        ]
      },
      "id": "node/6527671224"
    },
    {
      "type": "Feature",
      "properties": {
        "@id": "node/6527832466",
        "addr:district": "Hyderabad",
        "addr:full": "Near Raghav Garden, Padmarao Nagar, Secunderabad",
        "addr:postcode": "500061",
        "addr:state": "Telangana",
        "amenity": "hospital",
        "name": "Akshaya Care Multi Speciality Hospital",
        "source": "OpenGovernmentData"
      },
      "geometry": {
        "type": "Point",
        "coordinates": [
          78.5118319,
          17.4174357
        ]
      },
      "id": "node/6527832466"
    },
    {
      "type": "Feature",
      "properties": {
        "@id": "node/6527839627",
        "addr:district": "Hyderabad",
        "addr:full": "Street No. 7, Near TVS Show Room and Habsiguda Metro station, Habsiguda",
        "addr:postcode": "500007",
        "addr:state": "Telangana",
        "amenity": "hospital",
        "name": "Dr.Padmaja Fertility Centre and Nursing Home",
        "source": "OpenGovernmentData"
      },
      "geometry": {
        "type": "Point",
        "coordinates": [
          78.5452451,
          17.4150148
        ]
      },
      "id": "node/6527839627"
    },
    {
      "type": "Feature",
      "properties": {
        "@id": "node/6528257924",
        "addr:district": "Hyderabad",
        "addr:full": "17-1-382/B/3&4, Bhanu Nagar, Opposite Indo American School, Champapet Road",
        "addr:postcode": "500079",
        "addr:state": "Telangana",
        "amenity": "hospital",
        "fax": "24079966",
        "healthcare": "hospital",
        "name": "Focus Hospital",
        "source": "OpenGovernmentData"
      },
      "geometry": {
        "type": "Point",
        "coordinates": [
          78.5195889,
          17.3473217
        ]
      },
      "id": "node/6528257924"
    },
    {
      "type": "Feature",
      "properties": {
        "@id": "node/6528552348",
        "addr:district": "Hyderabad",
        "addr:full": "1-7-90, Chaitanyapuri",
        "addr:postcode": "500060",
        "addr:state": "Telangana",
        "amenity": "hospital",
        "healthcare": "hospital",
        "name": "Geeta Multispeciality Hospital",
        "source": "OpenGovernmentData"
      },
      "geometry": {
        "type": "Point",
        "coordinates": [
          78.5320289,
          17.370156
        ]
      },
      "id": "node/6528552348"
    },
    {
      "type": "Feature",
      "properties": {
        "@id": "node/6528602779",
        "addr:district": "Hyderabad",
        "addr:full": "C-84, Near SBI, Vanasthalipuram",
        "addr:postcode": "500070",
        "addr:state": "Telangana",
        "amenity": "hospital",
        "healthcare": "hospital",
        "name": "Lakshmi Health Care Hospital",
        "source": "OpenGovernmentData"
      },
      "geometry": {
        "type": "Point",
        "coordinates": [
          78.5732733,
          17.3320827
        ]
      },
      "id": "node/6528602779"
    },
    {
      "type": "Feature",
      "properties": {
        "@id": "node/6528604456",
        "addr:district": "Hyderabad",
        "addr:full": "Plot No. 60-61, Rock Town Colony, L.B Nagar",
        "addr:postcode": "500068",
        "addr:state": "Telangana",
        "amenity": "hospital",
        "name": "Sri Sai Balaji Hospital",
        "source": "OpenGovernmentData"
      },
      "geometry": {
        "type": "Point",
        "coordinates": [
          78.5620603,
          17.3617057
        ]
      },
      "id": "node/6528604456"
    },
    {
      "type": "Feature",
      "properties": {
        "@id": "node/6528608362",
        "addr:district": "Hyderabad",
        "addr:full": "Plot No. 7-44, Bapuji Nagar, Nacharam",
        "addr:postcode": "500076",
        "addr:state": "Telangana",
        "amenity": "hospital",
        "name": "Bapuji Maternity and Nursing Home",
        "source": "OpenGovernmentData"
      },
      "geometry": {
        "type": "Point",
        "coordinates": [
          78.5469769,
          17.4227606
        ]
      },
      "id": "node/6528608362"
    },
    {
      "type": "Feature",
      "properties": {
        "@id": "node/6528632311",
        "addr:district": "Hyderabad",
        "addr:full": "Near Ganesh Function Hall, Beside Rajadhani Theatre Lane, Vikas Nagar",
        "addr:postcode": "500060",
        "addr:state": "Telangana",
        "amenity": "hospital",
        "healthcare": "hospital",
        "healthcare:speciality": "orthopaedics",
        "name": "Abinav Orthopedic Hospital",
        "source": "OpenGovernmentData"
      },
      "geometry": {
        "type": "Point",
        "coordinates": [
          78.5278568,
          17.3700395
        ]
      },
      "id": "node/6528632311"
    },
    {
      "type": "Feature",
      "properties": {
        "@id": "node/6530719501",
        "addr:district": "Hyderabad",
        "addr:full": "20-3-732, Tagari Naka, Charminar",
        "addr:postcode": "500002",
        "addr:state": "Telangana",
        "amenity": "hospital",
        "name": "Ganga Nursing Home",
        "source": "OpenGovernmentData"
      },
      "geometry": {
        "type": "Point",
        "coordinates": [
          78.4685625,
          17.3623277
        ]
      },
      "id": "node/6530719501"
    },
    {
      "type": "Feature",
      "properties": {
        "@id": "node/6530722593",
        "addr:district": "Hyderabad",
        "addr:full": "Plot No.95, G-13, Pragathi Encalve, Bhagyangar Colony, Opposite KPHB Colony",
        "addr:postcode": "500072",
        "addr:state": "Telangana",
        "amenity": "hospital",
        "check_date": "2024-03-16",
        "fixme": "Please verify the accurate position of the hospital/health care centre as I have mapped the facility based on the address provided in Open Government data",
        "healthcare": "hospital",
        "name": "Sujatha Nursing Home",
        "source": "OpenGovernmentData"
      },
      "geometry": {
        "type": "Point",
        "coordinates": [
          78.4024782,
          17.4951345
        ]
      },
      "id": "node/6530722593"
    },
    {
      "type": "Feature",
      "properties": {
        "@id": "node/6530741984",
        "addr:district": "Hyderabad",
        "addr:full": "Opp Suraram Bus Stand, Suraram 'X' Road, Jeedimetla",
        "addr:postcode": "500055",
        "addr:state": "Telangana",
        "amenity": "hospital",
        "fixme": "Please verify the accurate position of the hospital as I have mapped the facility based on the address provided in Open Government data",
        "name": "Suguna Sree Nursing Home",
        "source": "OpenGovernmentData"
      },
      "geometry": {
        "type": "Point",
        "coordinates": [
          78.4335503,
          17.5420919
        ]
      },
      "id": "node/6530741984"
    },
    {
      "type": "Feature",
      "properties": {
        "@id": "node/6530750454",
        "addr:district": "Hyderabad",
        "addr:full": "Old Manjeera Hotel, Chappal Bazaar, Kachiguda",
        "addr:postcode": "500027",
        "addr:state": "Telangana",
        "amenity": "hospital",
        "contact:email": "info@svshospitals.com",
        "contact:phone": "040 41499999",
        "healthcare": "hospital",
        "name": "SVS Hospitals",
        "source": "OpenGovernmentData",
        "website": "https://svshospitals.com/"
      },
      "geometry": {
        "type": "Point",
        "coordinates": [
          78.4928083,
          17.3891213
        ]
      },
      "id": "node/6530750454"
    },
    {
      "type": "Feature",
      "properties": {
        "@id": "node/6530758515",
        "addr:district": "Hyderabad",
        "addr:full": "4-7-983, Behind Hotel Haridwar, Esamiah Bazar, Koti",
        "addr:postcode": "500027",
        "addr:state": "Telangana",
        "amenity": "hospital",
        "name": "Vishwa Medi Care and Diagnostic Centre",
        "source": "OpenGovernmentData"
      },
      "geometry": {
        "type": "Point",
        "coordinates": [
          78.4897466,
          17.3836896
        ]
      },
      "id": "node/6530758515"
    },
    {
      "type": "Feature",
      "properties": {
        "@id": "node/6530772004",
        "addr:district": "Hyderabad",
        "addr:full": "3-5-85, Road No. 4, Krishna Nagar Colony, NFC Main Road, H B Colony, Moula Ali",
        "addr:postcode": "500040",
        "addr:state": "Telangana",
        "amenity": "hospital",
        "fixme": "Please verify the accurate position of the hospital as I have mapped the facility based on the address provided in Open Government Data",
        "name": "Dhanunjaya Nursing Home",
        "source": "OpenGovernmentData"
      },
      "geometry": {
        "type": "Point",
        "coordinates": [
          78.5685701,
          17.4524815
        ]
      },
      "id": "node/6530772004"
    },
    {
      "type": "Feature",
      "properties": {
        "@id": "node/6530792770",
        "addr:district": "Hyderabad",
        "addr:full": "Plot No. 729, Road 36, Jubilee Hills",
        "addr:postcode": "500033",
        "addr:state": "Telangana",
        "amenity": "hospital",
        "email": "life@livlifehospitals.com",
        "health_facility:type": "24 Hour Patient Care; Day Care Unit; Diagnostic and Pathology Services; Pharmacy",
        "healthcare": "hospital",
        "healthcare:speciality": "Dermatology; Advanced Laparoscopy",
        "medical_system": "Allopathic",
        "name": "Live Life Hospital",
        "operator:type": "private",
        "phone": "040 30888888",
        "source": "OpenGovernmentData",
        "website": "https://www.livlifehospitals.com/"
      },
      "geometry": {
        "type": "Point",
        "coordinates": [
          78.3994983,
          17.4383029
        ]
      },
      "id": "node/6530792770"
    },
    {
      "type": "Feature",
      "properties": {
        "@id": "node/6531290879",
        "addr:district": "Hyderabad",
        "addr:full": "#10-2-350/1/4, Ohad Residency, Flat No - G1, Indira Nagar, Asif Nagar",
        "addr:postcode": "500028",
        "addr:state": "Telangana",
        "amenity": "hospital",
        "fixme": "Please verify the accurate position of the hospital as I have mapped the facility based on the address provided in Open Government data",
        "name": "Healing Touch Hospital",
        "source": "OpenGovernmentData"
      },
      "geometry": {
        "type": "Point",
        "coordinates": [
          78.4514802,
          17.3903338
        ]
      },
      "id": "node/6531290879"
    },
    {
      "type": "Feature",
      "properties": {
        "@id": "node/6531328860",
        "addr:district": "Hyderabad",
        "addr:full": "Near Sai Baba Temple, Bapuji Nagar Colony, Yapral",
        "addr:postcode": "500087",
        "addr:state": "Telangana",
        "amenity": "hospital",
        "fixme": "Please verify the accurate position of the hospital as I have mapped the facility based on the address provided in Open Government Data",
        "name": "Jain Multi Speciality Hospital",
        "source": "OpenGovernmentData"
      },
      "geometry": {
        "type": "Point",
        "coordinates": [
          78.5405564,
          17.5019044
        ]
      },
      "id": "node/6531328860"
    },
    {
      "type": "Feature",
      "properties": {
        "@id": "node/6531332945",
        "addr:district": "Hyderabad",
        "addr:full": "1-11-252/1A-1D, Alladin Mansion, Near Shoppers Stop, Street Number 3, Begumpet",
        "addr:postcode": "500016",
        "addr:state": "Telangana",
        "amenity": "hospital",
        "contact:email": "info@maxivisioneyehospital.com",
        "contact:tollfree": "1800 425 6294",
        "healthcare:speciality": "Cataract;Refractive;Laser;Cornea;Retina;Glaucoma;Pediatric",
        "medical_system": "Allopathic",
        "name": "Maxivision Eye Hospital",
        "operator:type": "private",
        "phone": "040 27763677",
        "source": "OpenGovernmentData",
        "website": "https://www.maxivisioneyehospital.com"
      },
      "geometry": {
        "type": "Point",
        "coordinates": [
          78.4663644,
          17.4458529
        ]
      },
      "id": "node/6531332945"
    },
    {
      "type": "Feature",
      "properties": {
        "@id": "node/6531352585",
        "addr:district": "Hyderabad",
        "addr:full": "Near St. Peter's School, Raghavendra Nagar, Nacharam",
        "addr:postcode": "500076",
        "addr:state": "Telangana",
        "amenity": "hospital",
        "healthcare": "hospital",
        "healthcare:speciality": "general",
        "name": "Chandamama Hospital",
        "operator": "xyz",
        "operator:type": "private",
        "source": "OpenGovernmentData;local knowledge"
      },
      "geometry": {
        "type": "Point",
        "coordinates": [
          78.5517687,
          17.4273708
        ]
      },
      "id": "node/6531352585"
    },
    {
      "type": "Feature",
      "properties": {
        "@id": "node/6531378729",
        "addr:district": "Hyderabad",
        "addr:full": "Plot No. 99, Road No. 1, Near Chiranjeevi Blood Bank, Jubilee Hills Check Post",
        "addr:postcode": "500033",
        "addr:state": "Telangana",
        "amenity": "hospital",
        "contact:email": "info@avishospitals.com ; contact@avishospitals.com",
        "contact:phone": "+91 9949034085 ; +91 9989527715",
        "healthcare": "hospital",
        "name": "Avis Hospitals",
        "old_name": "Beams Hospital",
        "source": "OpenGovernmentData",
        "website": "https://www.avishospitals.com/"
      },
      "geometry": {
        "type": "Point",
        "coordinates": [
          78.4178258,
          17.4293887
        ]
      },
      "id": "node/6531378729"
    },
    {
      "type": "Feature",
      "properties": {
        "@id": "node/6531656648",
        "addr:district": "Hyderabad",
        "addr:full": "Near B.N. Reddy Nagar Bus Stand",
        "addr:postcode": "500070",
        "addr:state": "Telangana",
        "amenity": "hospital",
        "name": "Jaya Hospital",
        "source": "OpenGovernmentData"
      },
      "geometry": {
        "type": "Point",
        "coordinates": [
          78.5613281,
          17.3208562
        ]
      },
      "id": "node/6531656648"
    },
    {
      "type": "Feature",
      "properties": {
        "@id": "node/6531706878",
        "addr:district": "Hyderabad",
        "addr:full": "Shivalayam Temple Road, Vanasthalipuram, Hayathnagar",
        "addr:postcode": "500070",
        "addr:state": "Telangana",
        "amenity": "hospital",
        "healthcare": "hospital",
        "name": "Bhagyalatha Hospital",
        "source": "OpenGovernmentData"
      },
      "geometry": {
        "type": "Point",
        "coordinates": [
          78.5882561,
          17.331248
        ]
      },
      "id": "node/6531706878"
    },
    {
      "type": "Feature",
      "properties": {
        "@id": "node/6531743149",
        "addr:district": "Hyderabad",
        "addr:full": "Plot No.22, Kamla Nagar, Behind Sampoorna Theatre, Vanasthalipuram",
        "addr:postcode": "500070",
        "addr:state": "Telangana",
        "amenity": "hospital",
        "healthcare": "hospital",
        "name": "Anusha Maternity and Nursing Home",
        "source": "OpenGovernmentData"
      },
      "geometry": {
        "type": "Point",
        "coordinates": [
          78.5780563,
          17.3309842
        ]
      },
      "id": "node/6531743149"
    },
    {
      "type": "Feature",
      "properties": {
        "@id": "node/6531745861",
        "addr:district": "Hyderabad",
        "addr:full": "Pochamma Temple Lane, Near Chaitanyapuri Bridge, Dilsukhnagar",
        "addr:postcode": "500060",
        "addr:state": "Telangana",
        "amenity": "hospital",
        "fax": "040 24041789",
        "healthcare": "hospital",
        "healthcare:speciality": "paediatrics",
        "name": "Lakshmi Children's Hospital",
        "source": "OpenGovernmentData"
      },
      "geometry": {
        "type": "Point",
        "coordinates": [
          78.5302386,
          17.369612
        ]
      },
      "id": "node/6531745861"
    },
    {
      "type": "Feature",
      "properties": {
        "@id": "node/6531874857",
        "addr:district": "Hyderabad",
        "addr:full": "Beside Fruit Market Road, Prabath Nagar, Chaitanyapuri, Dilsukhnagar",
        "addr:postcode": "500060",
        "addr:state": "Telangana",
        "amenity": "hospital",
        "contact:email": "info@gbrfertility.com",
        "contact:mobile": "+91 9248009789",
        "healthcare": "hospital",
        "name": "G.B.R. Hospital",
        "opening_hours": "Mo-Sa 08:00-17:00",
        "source": "OpenGovernmentData",
        "website": "https://www.gbrfertility.com"
      },
      "geometry": {
        "type": "Point",
        "coordinates": [
          78.5346776,
          17.3692696
        ]
      },
      "id": "node/6531874857"
    },
    {
      "type": "Feature",
      "properties": {
        "@id": "node/6531924300",
        "addr:district": "Hyderabad",
        "addr:full": "H.No: 5-5-148/1, Plot No:3, Vanasthali Hills, Near Panama Godowns, Vanasthalipuram,Opposite Narayana Junior College",
        "addr:postcode": "500070",
        "addr:state": "Telangana",
        "amenity": "hospital",
        "healthcare": "hospital",
        "name": "Sri Mahalaxmi Eye Hospital",
        "source": "OpenGovernmentData"
      },
      "geometry": {
        "type": "Point",
        "coordinates": [
          78.5699487,
          17.3369064
        ]
      },
      "id": "node/6531924300"
    },
    {
      "type": "Feature",
      "properties": {
        "@id": "node/6531941189",
        "addr:district": "Hyderabad",
        "addr:full": "Plot No. 357 & 358, Prashanth Nagar,Vanasthalipuram",
        "addr:postcode": "500070",
        "addr:state": "Telangana",
        "amenity": "hospital",
        "contact:email": "cmsh2000@gmail.com",
        "contact:phone": "9348989820",
        "healthcare": "hospital",
        "name": "Chaithanya Multi Speciality Hospital",
        "source": "OpenGovernmentData"
      },
      "geometry": {
        "type": "Point",
        "coordinates": [
          78.5692929,
          17.3362996
        ]
      },
      "id": "node/6531941189"
    },
    {
      "type": "Feature",
      "properties": {
        "@id": "node/6532106149",
        "addr:city": "Hyderabad",
        "addr:district": "Hyderabad",
        "addr:full": "Near Ashok Nagar Bus Stop, Ramachandra Puram",
        "addr:postcode": "502032",
        "addr:state": "Telangana",
        "addr:street": "Surekha Lane, Ashok Nagar",
        "amenity": "hospital",
        "healthcare": "doctor",
        "healthcare:speciality": "general",
        "name": "Sri Pallavi Hospital",
        "name:te": "శ్రీ పల్లవి హాస్పిటల్",
        "source": "OpenGovernmentData;local knowledge"
      },
      "geometry": {
        "type": "Point",
        "coordinates": [
          78.3088705,
          17.5046076
        ]
      },
      "id": "node/6532106149"
    },
    {
      "type": "Feature",
      "properties": {
        "@id": "node/6532116388",
        "addr:district": "Hyderabad",
        "addr:full": "No: 9-6-1/2, Champapet, Sagar Road",
        "addr:postcode": "500079",
        "addr:state": "Telangana",
        "amenity": "hospital",
        "healthcare": "hospital",
        "name": "Sri Rohini Hospital",
        "source": "OpenGovernmentData"
      },
      "geometry": {
        "type": "Point",
        "coordinates": [
          78.5128967,
          17.3495087
        ]
      },
      "id": "node/6532116388"
    },
    {
      "type": "Feature",
      "properties": {
        "@id": "node/6532260599",
        "addr:district": "Hyderabad",
        "addr:full": "H.No: 4-20/A, Near E Seva Lane, Vikas Nagar, Dilsukhnagar",
        "addr:postcode": "500060",
        "addr:state": "Telangana",
        "amenity": "hospital",
        "contact:phone": "040-24046464",
        "healthcare": "hospital",
        "name": "Manju Sudha Multispeciality Hospital",
        "source": "OpenGovernmentData"
      },
      "geometry": {
        "type": "Point",
        "coordinates": [
          78.5292421,
          17.3696005
        ]
      },
      "id": "node/6532260599"
    },
    {
      "type": "Feature",
      "properties": {
        "@id": "node/6532267718",
        "addr:district": "Ranga Reddy",
        "addr:full": "D.No. 10-1-80/1/2, Nagarjuna Sagar Main Road, Karmanghat",
        "addr:postcode": "500079",
        "addr:state": "Telangana",
        "amenity": "hospital",
        "fax": "040 30486761",
        "healthcare": "hospital",
        "name": "Sai Venkateshwara Hospital",
        "source": "OpenGovernmentData"
      },
      "geometry": {
        "type": "Point",
        "coordinates": [
          78.529845,
          17.3444401
        ]
      },
      "id": "node/6532267718"
    },
    {
      "type": "Feature",
      "properties": {
        "@id": "node/6532274757",
        "addr:district": "Hyderabad",
        "addr:full": "#16-11-741/C/1/15, Near Reliance Fresh, Dilsukhnagar",
        "addr:postcode": "500036",
        "addr:state": "Telangana",
        "amenity": "hospital",
        "contact:email": "info@tkrikonhospital.com",
        "contact:phone": "040-66443355; 040-24058833",
        "healthcare": "hospital",
        "name": "TKR's IKON Hospital",
        "source": "OpenGovernmentData",
        "website": "http://www.tkrikonhospital.com"
      },
      "geometry": {
        "type": "Point",
        "coordinates": [
          78.5209313,
          17.3693752
        ]
      },
      "id": "node/6532274757"
    },
    {
      "type": "Feature",
      "properties": {
        "@id": "node/6532277404",
        "addr:district": "Hyderabad",
        "addr:full": "Lane Opposite Fruit Market, Dilsukhnagar",
        "addr:postcode": "500060",
        "addr:state": "Telangana",
        "amenity": "hospital",
        "healthcare": "hospital",
        "name": "Sri JRD Hospital",
        "source": "OpenGovernmentData"
      },
      "geometry": {
        "type": "Point",
        "coordinates": [
          78.535367,
          17.3665529
        ]
      },
      "id": "node/6532277404"
    },
    {
      "type": "Feature",
      "properties": {
        "@id": "node/6532278196",
        "addr:district": "Hyderabad",
        "addr:full": "23-15, Vinayaknagar, Ramachandrapuram",
        "addr:postcode": "502032",
        "addr:state": "Telangana",
        "amenity": "hospital",
        "healthcare": "hospital",
        "name": "Sidhartha Nursing Home",
        "source": "OpenGovernmentData"
      },
      "geometry": {
        "type": "Point",
        "coordinates": [
          78.3129877,
          17.5022005
        ]
      },
      "id": "node/6532278196"
    },
    {
      "type": "Feature",
      "properties": {
        "@id": "node/6532315949",
        "addr:district": "Hyderabad",
        "addr:full": "2-45/1, Behind HP Petrol Bunk, Chaitanyapuri, Dilsukhnagar",
        "addr:postcode": "500060",
        "addr:state": "Telangana",
        "amenity": "hospital",
        "fax": "040 24045950",
        "name": "Raghava Hospital",
        "source": "OpenGovernmentData"
      },
      "geometry": {
        "type": "Point",
        "coordinates": [
          78.5340057,
          17.3716433
        ]
      },
      "id": "node/6532315949"
    },
    {
      "type": "Feature",
      "properties": {
        "@id": "node/6532327359",
        "addr:district": "Hyderabad",
        "addr:full": "Beside R.S Brothers, Dilshuknagar",
        "addr:postcode": "500060",
        "addr:state": "Telangana",
        "amenity": "hospital",
        "healthcare": "hospital",
        "name": "Harsha Neuro and General Hospital",
        "source": "OpenGovernmentData"
      },
      "geometry": {
        "type": "Point",
        "coordinates": [
          78.5267378,
          17.3681674
        ]
      },
      "id": "node/6532327359"
    },
    {
      "type": "Feature",
      "properties": {
        "@id": "node/6532327920",
        "addr:district": "Hyderabad",
        "addr:full": "17-1- 386/1/18, Kesava Nagar Colony, Champapet",
        "addr:postcode": "500079",
        "addr:state": "Telangana",
        "amenity": "hospital",
        "contact:phone": "040-24077655",
        "healthcare": "hospital",
        "name": "Padmaja Hospital",
        "source": "OpenGovernmentData"
      },
      "geometry": {
        "type": "Point",
        "coordinates": [
          78.5213564,
          17.347104
        ]
      },
      "id": "node/6532327920"
    },
    {
      "type": "Feature",
      "properties": {
        "@id": "node/6532335482",
        "addr:district": "Hyderabad",
        "addr:full": "2-127, Badam Complex, Beside Lakshmi Childrens Hospital",
        "addr:postcode": "500060",
        "addr:state": "Telangana",
        "amenity": "hospital",
        "healthcare": "hospital",
        "healthcare:speciality": "orthopaedics",
        "name": "Anurag Orthopedic and Multispecial Hospital",
        "source": "OpenGovernmentData"
      },
      "geometry": {
        "type": "Point",
        "coordinates": [
          78.5299851,
          17.3689234
        ]
      },
      "id": "node/6532335482"
    },
    {
      "type": "Feature",
      "properties": {
        "@id": "node/6532347117",
        "addr:district": "Hyderabad",
        "addr:full": "Near Sushma Centre Bus Stop, Vanasthalipuram",
        "addr:postcode": "500070",
        "addr:state": "Telangana",
        "amenity": "hospital",
        "fax": "040 24126996",
        "healthcare": "hospital",
        "name": "Rajya Lakshmi Hospital",
        "source": "OpenGovernmentData"
      },
      "geometry": {
        "type": "Point",
        "coordinates": [
          78.5747552,
          17.3358644
        ]
      },
      "id": "node/6532347117"
    },
    {
      "type": "Feature",
      "properties": {
        "@id": "node/6532348899",
        "addr:district": "Hyderabad",
        "addr:full": "16-11-740/3/14, P.No. 32, Near Narayana Junior College, Gaddi Annaram 'X' Roads, Dilsukhnagar",
        "addr:postcode": "500060",
        "addr:state": "Telangana",
        "amenity": "hospital",
        "fax": "040 66106660",
        "healthcare": "hospital",
        "name": "Sigma Hospitals",
        "name:te": "సిగ్మా హాస్పిటల్స్",
        "source": "OpenGovernmentData"
      },
      "geometry": {
        "type": "Point",
        "coordinates": [
          78.5206215,
          17.36803
        ]
      },
      "id": "node/6532348899"
    },
    {
      "type": "Feature",
      "properties": {
        "@id": "node/6532378061",
        "addr:district": "Hyderabad",
        "addr:full": "Plot No. C - 708, Opposite E-Seva, Beside, Red Water Tank, Vanasthalipuram",
        "addr:postcode": "500070",
        "addr:state": "Telangana",
        "amenity": "hospital",
        "fax": "040 24025966",
        "name": "Sri Ramadevi Orthopaedic Hospital",
        "source": "OpenGovernmentData"
      },
      "geometry": {
        "type": "Point",
        "coordinates": [
          78.5685231,
          17.3286133
        ]
      },
      "id": "node/6532378061"
    },
    {
      "type": "Feature",
      "properties": {
        "@id": "node/6532379590",
        "addr:district": "Hyderabad",
        "addr:full": "D.No. 1-7-309, Hanuman Nagar, Opp Jagini's Foodland, Chaitanyapuri 'X' Roads, Dilsukhnagar",
        "addr:postcode": "500060",
        "addr:state": "Telangana",
        "amenity": "hospital",
        "healthcare": "hospital",
        "name": "Goodlife Hospitals",
        "source": "OpenGovernmentData"
      },
      "geometry": {
        "type": "Point",
        "coordinates": [
          78.5314201,
          17.3694424
        ]
      },
      "id": "node/6532379590"
    },
    {
      "type": "Feature",
      "properties": {
        "@id": "node/6536327470",
        "addr:district": "Hyderabad",
        "addr:full": "M.V. Rama Rao Complex, Opposite Sai Towers, Mallapur Main Road",
        "addr:postcode": "500076",
        "addr:state": "Telangana",
        "amenity": "hospital",
        "name": "Aashritha Hospital",
        "source": "OpenGovernmentData"
      },
      "geometry": {
        "type": "Point",
        "coordinates": [
          78.5678539,
          17.4455011
        ]
      },
      "id": "node/6536327470"
    },
    {
      "type": "Feature",
      "properties": {
        "@id": "node/6536715096",
        "addr:district": "Hyderabad",
        "addr:full": "1-100/1/CCH, Near Aparna Sarovar, Nallagandla, Serilingampally",
        "addr:postcode": "500019",
        "addr:state": "Telangana",
        "amenity": "hospital",
        "contact:phone": "18002082000",
        "emergency": "yes",
        "healthcare": "hospital",
        "name": "American Oncology Institute",
        "source": "OpenGovernmentData",
        "website": "https://www.americanoncology.com"
      },
      "geometry": {
        "type": "Point",
        "coordinates": [
          78.3109143,
          17.4707013
        ]
      },
      "id": "node/6536715096"
    },
    {
      "type": "Feature",
      "properties": {
        "@id": "node/6536715097",
        "addr:district": "Hyderabad",
        "addr:full": "Near Aparna Sarovar, Nallagandla, Serilingampally",
        "addr:postcode": "500019",
        "addr:state": "Telangana",
        "aeroway": "no",
        "amenity": "hospital",
        "contact:email": "info@citizenshospitals.com",
        "emergency": "yes",
        "health_facility:type": "Outpatient and Inpatient Services;x ray and ultrasound;ECG;2D Echo Digital;lab services through our partner;AmPath",
        "healthcare": "hospital",
        "healthcare:speciality": "Anesthesiology;Bariatric Surgery;Cardiology;Critical Care;Dentistry;Dermatology;Diabetology;ENT;Gastroenterology;General Surgery;Internal Medicine;Nephrology;Neurology;Gynaecology;Orthopedics;Pediatrics;Surgical Oncology;Urology",
        "medical_system": "Allopathic",
        "name": "Citizens Specialty Hospital",
        "operator:type": "private",
        "phone": "040 67191919",
        "source": "OpenGovernmentData",
        "website": "https://www.citizenshospitals.com/",
        "wheelchair": "yes"
      },
      "geometry": {
        "type": "Point",
        "coordinates": [
          78.3113113,
          17.4707742
        ]
      },
      "id": "node/6536715097"
    },
    {
      "type": "Feature",
      "properties": {
        "@id": "node/6536841915",
        "addr:district": "Hyderabad",
        "addr:full": "24-60/1, Road No.1, Kakathiya Nagar, BHEL, Ashok Nagar, R.C. Puram",
        "addr:postcode": "500032",
        "addr:state": "Telangana",
        "amenity": "hospital",
        "healthcare": "hospital",
        "name": "Maruthi Hospital",
        "source": "OpenGovernmentData"
      },
      "geometry": {
        "type": "Point",
        "coordinates": [
          78.3072115,
          17.5057043
        ]
      },
      "id": "node/6536841915"
    },
    {
      "type": "Feature",
      "properties": {
        "@id": "node/6536842812",
        "addr:district": "Hyderabad",
        "addr:full": "3-4-181/1, Hyderguda, Attapur",
        "addr:postcode": "500048",
        "addr:state": "Telangana",
        "amenity": "hospital",
        "name": "Usha Mohan Hospital",
        "source": "OpenGovernmentData"
      },
      "geometry": {
        "type": "Point",
        "coordinates": [
          78.4275663,
          17.36424
        ]
      },
      "id": "node/6536842812"
    },
    {
      "type": "Feature",
      "properties": {
        "@id": "node/6537106287",
        "addr:district": "Hyderabad",
        "addr:full": "9-2-11/1, Champapet 'X' Roads, Sagar Road",
        "addr:postcode": "500079",
        "addr:state": "Telangana",
        "amenity": "hospital",
        "healthcare": "hospital",
        "name": "Sri Sai Orthopaedic and Multi Speciality Hospital",
        "source": "OpenGovernmentData"
      },
      "geometry": {
        "type": "Point",
        "coordinates": [
          78.5226278,
          17.3389598
        ]
      },
      "id": "node/6537106287"
    },
    {
      "type": "Feature",
      "properties": {
        "@id": "node/6537138789",
        "addr:district": "Hyderabad",
        "addr:full": "1-7-97, Khazana Jewellers Lane, Chaitanyapuri, Dilsukhnagar",
        "addr:postcode": "500060",
        "addr:state": "Telangana",
        "amenity": "hospital",
        "healthcare": "hospital",
        "name": "Swapna Hospital Private Limited",
        "source": "OpenGovernmentData"
      },
      "geometry": {
        "type": "Point",
        "coordinates": [
          78.5319766,
          17.3697132
        ]
      },
      "id": "node/6537138789"
    },
    {
      "type": "Feature",
      "properties": {
        "@id": "node/6537169461",
        "addr:district": "Hyderabad",
        "addr:full": "Adarsh Nagar, Opp. IDPL Colony, Balanagar",
        "addr:postcode": "500037",
        "addr:state": "Telangana",
        "amenity": "hospital",
        "contact:phone": "040-67599999",
        "name": "Ankura Kodali Hospital",
        "source": "OpenGovernmentData"
      },
      "geometry": {
        "type": "Point",
        "coordinates": [
          78.4487262,
          17.4840637
        ]
      },
      "id": "node/6537169461"
    },
    {
      "type": "Feature",
      "properties": {
        "@id": "node/6537199550",
        "addr:district": "Hyderabad",
        "addr:full": "Beside Karachi Bakery, Green Hills Colony, Kothapet Main Road",
        "addr:postcode": "500035",
        "addr:state": "Telangana",
        "amenity": "hospital",
        "contact:phone": "040 40 108 108",
        "fax": "040 24050239",
        "name": "Paramitha Children's Hospital",
        "source": "OpenGovernmentData"
      },
      "geometry": {
        "type": "Point",
        "coordinates": [
          78.5448767,
          17.3597254
        ]
      },
      "id": "node/6537199550"
    },
    {
      "type": "Feature",
      "properties": {
        "@id": "node/6537210759",
        "addr:district": "Hyderabad",
        "addr:full": "H No:10-1-80, V R R Complex, Kharmanghat",
        "addr:postcode": "500079",
        "addr:state": "Telangana",
        "amenity": "hospital",
        "healthcare": "hospital",
        "name": "Padmavathi Hospital",
        "source": "OpenGovernmentData"
      },
      "geometry": {
        "type": "Point",
        "coordinates": [
          78.5296565,
          17.344506
        ]
      },
      "id": "node/6537210759"
    },
    {
      "type": "Feature",
      "properties": {
        "@id": "node/6537306558",
        "addr:district": "Hyderabad",
        "addr:full": "1-5-22/3, Maruthi Nagar Bus Stop, Kothapet",
        "addr:postcode": "500060",
        "addr:state": "Telangana",
        "amenity": "hospital",
        "name": "Sai Nikith Speciality Hospital And Laproscopic Centre",
        "source": "OpenGovernmentData"
      },
      "geometry": {
        "type": "Point",
        "coordinates": [
          78.5409902,
          17.3740649
        ]
      },
      "id": "node/6537306558"
    },
    {
      "type": "Feature",
      "properties": {
        "@id": "node/6537308259",
        "addr:district": "Hyderabad",
        "addr:full": "Plot no. 25 & 26, Ganesh Temple - SBI Complex Road, Opposite HUDA Open Auditorium, Vanasthalipuram",
        "addr:postcode": "500070",
        "addr:state": "Telangana",
        "amenity": "hospital",
        "contact:mobile": "+91 8801002678; +91 8099915566",
        "fax": "24023322",
        "name": "Jeevan Sai Hospitals",
        "source": "OpenGovernmentData"
      },
      "geometry": {
        "type": "Point",
        "coordinates": [
          78.5721809,
          17.3314886
        ]
      },
      "id": "node/6537308259"
    },
    {
      "type": "Feature",
      "properties": {
        "@id": "node/6537312322",
        "addr:city": "patancheru",
        "addr:district": "Hyderabad",
        "addr:full": "GMR Complex, Market Road, Gowtham Nagar, Patancheru",
        "addr:postcode": "502319",
        "addr:state": "Telangana",
        "addr:street": "Market road gowtham nagar",
        "amenity": "hospital",
        "healthcare": "hospital",
        "name": "MaxCare Multi Speciality Hospital",
        "source": "OpenGovernmentData"
      },
      "geometry": {
        "type": "Point",
        "coordinates": [
          78.261268,
          17.5311596
        ]
      },
      "id": "node/6537312322"
    },
    {
      "type": "Feature",
      "properties": {
        "@id": "node/6537312813",
        "addr:district": "Hyderabad",
        "addr:full": "H No: 4-9-321, Plot No 4 & 7, Hayath Nagar",
        "addr:postcode": "501505",
        "addr:state": "Telangana",
        "amenity": "hospital",
        "contact:phone": "040-67451111",
        "name": "Sunrise Hospitals",
        "source": "OpenGovernmentData",
        "website": "https://www.sunrisehospitals.org/"
      },
      "geometry": {
        "type": "Point",
        "coordinates": [
          78.6017188,
          17.3279207
        ]
      },
      "id": "node/6537312813"
    },
    {
      "type": "Feature",
      "properties": {
        "@id": "node/6537360032",
        "addr:district": "Hyderabad",
        "addr:full": "Opp. Jayabheri Enclave, Anjaiah Nagar, Near Botanical Garden, Gachibowli",
        "addr:postcode": "500032",
        "addr:state": "Telangana",
        "amenity": "hospital",
        "healthcare": "hospital",
        "name": "Rajitha Hospital",
        "source": "OpenGovernmentData"
      },
      "geometry": {
        "type": "Point",
        "coordinates": [
          78.3640308,
          17.4506967
        ]
      },
      "id": "node/6537360032"
    },
    {
      "type": "Feature",
      "properties": {
        "@id": "node/6537551275",
        "addr:district": "Medak",
        "addr:full": "NH 9,Opposite Police Station, Patancheru",
        "addr:postcode": "502319",
        "addr:state": "Telangana",
        "amenity": "hospital",
        "name": "Sai Ganesh Multi Speciality Hospital",
        "source": "OpenGovernmentData"
      },
      "geometry": {
        "type": "Point",
        "coordinates": [
          78.2646684,
          17.5289972
        ]
      },
      "id": "node/6537551275"
    },
    {
      "type": "Feature",
      "properties": {
        "@id": "node/6538849589",
        "addr:district": "Hyderabad",
        "addr:full": "4-85/1, Lane Beside Rajadhani Theatre, Dilsukhnagar",
        "addr:postcode": "500060",
        "addr:state": "Telangana",
        "amenity": "hospital",
        "fixme": "Please verify the accurate position of the hospital as I have mapped the facility based on the address provided in Open Government data",
        "healthcare": "hospital",
        "name": "The Doctors Multi Speciality Hospital",
        "source": "OpenGovernmentData"
      },
      "geometry": {
        "type": "Point",
        "coordinates": [
          78.5275,
          17.3707739
        ]
      },
      "id": "node/6538849589"
    },
    {
      "type": "Feature",
      "properties": {
        "@id": "node/6539071275",
        "addr:district": "Hyderabad",
        "addr:full": "17-1-462/3, Shankeswara Bazar, Saroornagar",
        "addr:postcode": "500060",
        "addr:state": "Telangana",
        "amenity": "hospital",
        "name": "Medi Sight Eye Care centre",
        "phone": "9440204696",
        "source": "OpenGovernmentData"
      },
      "geometry": {
        "type": "Point",
        "coordinates": [
          78.5237382,
          17.3587987
        ]
      },
      "id": "node/6539071275"
    },
    {
      "type": "Feature",
      "properties": {
        "@id": "node/6542441846",
        "addr:district": "Hyderabad",
        "addr:place": "Near Bazarghat 'X' Roads",
        "addr:state": "Telangana",
        "addr:street": "Habeebnagar",
        "addr:subdistrict": "Nampally",
        "amenity": "hospital",
        "healthcare": "hospital",
        "name": "Area Hospital, Nampally",
        "operational_status": "operational",
        "operator:type": "government",
        "source": "OpenDataT"
      },
      "geometry": {
        "type": "Point",
        "coordinates": [
          78.4631672,
          17.3922555
        ]
      },
      "id": "node/6542441846"
    },
    {
      "type": "Feature",
      "properties": {
        "@id": "node/6543812599",
        "addr:district": "Hyderabad",
        "addr:place": "Jangammet",
        "addr:state": "Telangana",
        "addr:street": "Near Govt. Jr.College",
        "addr:subdistrict": "Charminar",
        "amenity": "hospital",
        "healthcare": "hospital",
        "name": "Community Health Centre, Jangammet",
        "operational_status": "operational",
        "operator:type": "government",
        "source": "OpenDataTelangana"
      },
      "geometry": {
        "type": "Point",
        "coordinates": [
          78.4698338,
          17.3342065
        ]
      },
      "id": "node/6543812599"
    },
    {
      "type": "Feature",
      "properties": {
        "@id": "node/6546851783",
        "addr:district": "Hyderabad",
        "addr:full": "9-11-178, Fort Road Golconda, Near Golconda Fort",
        "addr:postcode": "500008",
        "addr:state": "Telangana",
        "addr:street": "Golconda",
        "addr:subdistrict": "Golconda",
        "amenity": "hospital",
        "contact:phone": "4023513776",
        "name": "Area Hospital, Golconda",
        "source": "OpenGovernmentData"
      },
      "geometry": {
        "type": "Point",
        "coordinates": [
          78.4026083,
          17.3852587
        ]
      },
      "id": "node/6546851783"
    },
    {
      "type": "Feature",
      "properties": {
        "@id": "node/6547206093",
        "addr:city": "Hyderabad",
        "addr:district": "Rangareddy",
        "addr:full": "Plot no. 1-5, New Mallikarjuna Nagar, National Highway 65, Near Chintalakunta Check post, LB Nagar",
        "addr:postcode": "500074",
        "addr:state": "Telangana",
        "amenity": "hospital",
        "email": "info@medisyshospitals.com",
        "fax": "27840020",
        "healthcare": "hospital",
        "name": "MEDISYS HOSPITALS (A UNIT OF OXYEN MEDICARE CANCER CARE PVT LTD )",
        "name:te": "మెడిసిస్ హాస్పిటల్స్",
        "operator:type": "private",
        "phone": "9100277722;9100277733",
        "source": "OpenGovernmentData",
        "website": "https://www.medisyshospitals.com/"
      },
      "geometry": {
        "type": "Point",
        "coordinates": [
          78.557759,
          17.3411496
        ]
      },
      "id": "node/6547206093"
    },
    {
      "type": "Feature",
      "properties": {
        "@id": "node/6548781242",
        "addr:city": "Hyderabad",
        "addr:full": "HIG - 210, Phase I , Near Maharastra Bank, Kphb Colony, Kukatpally",
        "addr:postcode": "500072",
        "addr:state": "Telangana",
        "amenity": "hospital",
        "check_date": "2024-03-16",
        "contact:phone": "040-23051000;040-23052225",
        "name": "Sri Aurobindo Nethralaya",
        "operator:type": "private",
        "source": "OpenGovernmentData"
      },
      "geometry": {
        "type": "Point",
        "coordinates": [
          78.3964245,
          17.4926185
        ]
      },
      "id": "node/6548781242"
    },
    {
      "type": "Feature",
      "properties": {
        "@id": "node/6548782136",
        "addr:city": "Hyderabad",
        "addr:district": "Rangareddy",
        "addr:full": "Plot No:. 7, Sy. No. 64, Behind Cyber Towers, Patrika Nagar, Hitech City, Near IBIS Hotel Lane, Madhapur",
        "addr:postcode": "500081",
        "addr:state": "Telangana",
        "amenity": "hospital",
        "contact:phone": "4067076700",
        "email": "info@maxcuresuyosha.com",
        "healthcare": "hospital",
        "name": "MAXCURE SUYOSHA WOMAN & CHILD HOSPITAL",
        "operator:type": "private",
        "source": "OpenGovernmentData",
        "website": "https://www.maxcuresuyosha.com/"
      },
      "geometry": {
        "type": "Point",
        "coordinates": [
          78.3786482,
          17.4464363
        ]
      },
      "id": "node/6548782136"
    },
    {
      "type": "Feature",
      "properties": {
        "@id": "node/6548786015",
        "addr:city": "Hyderabad",
        "addr:full": "Plot No:9, Opp Akshara School, Nizampet",
        "addr:postcode": "500072",
        "addr:state": "Telangana",
        "amenity": "hospital",
        "contact:phone": "4023890662",
        "name": "CALCIUM HOSPITAL",
        "operator:type": "private",
        "source": "OpenGovernmentData"
      },
      "geometry": {
        "type": "Point",
        "coordinates": [
          78.3842419,
          17.5066316
        ]
      },
      "id": "node/6548786015"
    },
    {
      "type": "Feature",
      "properties": {
        "@id": "node/6548789473",
        "addr:city": "Hyderabad",
        "addr:full": "Plot No: A/529, Opp. Mega Function Hall, Karmanghat",
        "addr:postcode": "500079",
        "addr:state": "Telangana",
        "amenity": "hospital",
        "contact:phone": "040 2407 8717 / 9717",
        "email": "info@maaxlifehospitals.com",
        "healthcare": "hospital",
        "name": "MAAX LIFE HOSPITALS",
        "operator:type": "private",
        "source": "OpenGovernmentData",
        "website": "https://www.maaxlifehospitals.com/"
      },
      "geometry": {
        "type": "Point",
        "coordinates": [
          78.5276489,
          17.3452377
        ]
      },
      "id": "node/6548789473"
    },
    {
      "type": "Feature",
      "properties": {
        "@id": "node/6548797464",
        "addr:district": "Hyderabad",
        "addr:full": "H.No: 8-6-772/N/206/A/1/NR, NAGAGRJUNA COLONY, BESIDE SBH, HASTHINAPURAM",
        "addr:postcode": "500070",
        "addr:state": "Telangana",
        "amenity": "hospital",
        "name": "DELTA HOSPITALS",
        "operator:type": "private",
        "source": "OpenGovernmentData"
      },
      "geometry": {
        "type": "Point",
        "coordinates": [
          78.5576025,
          17.3253704
        ]
      },
      "id": "node/6548797464"
    },
    {
      "type": "Feature",
      "properties": {
        "@id": "node/6548807629",
        "addr:district": "Hyderabad",
        "addr:full": "8-3-215, Srinivas Nagar Colony West. Adjacent to Siva Reddy Sweets Opposite ICICI Bank Ameerpet",
        "addr:postcode": "500038",
        "addr:state": "Telangana",
        "amenity": "hospital",
        "contact:phone": "040 – 66312345",
        "email": "nethrahyd@yahoo.com",
        "healthcare": "hospital",
        "name": "NETHRA EYE INSTITUE",
        "operator:type": "private",
        "source": "OpenGovernmentData",
        "website": "http://www.nethraeyeinstitute.com"
      },
      "geometry": {
        "type": "Point",
        "coordinates": [
          78.4425692,
          17.4391832
        ]
      },
      "id": "node/6548807629"
    },
    {
      "type": "Feature",
      "properties": {
        "@id": "node/6548823374",
        "addr:city": "Hyderabad",
        "addr:full": "Plot No:. 42, 43, 45 &46, VIJAYAPURI COLONY, Opp CANARA BANK SAINIKPURI, NEAR PETROL PUMP, DR A S RAO NAGAR",
        "addr:postcode": "500062",
        "addr:state": "Telangana",
        "amenity": "hospital",
        "contact:phone": "040 27140022",
        "name": "MAYFLOWER HOSPITAL FOR WOMEN & CHILDREN",
        "operator:type": "private",
        "source": "OpenGovernmentData"
      },
      "geometry": {
        "type": "Point",
        "coordinates": [
          78.5523789,
          17.4832707
        ]
      },
      "id": "node/6548823374"
    },
    {
      "type": "Feature",
      "properties": {
        "@id": "node/6548826056",
        "addr:city": "Hyderabad",
        "addr:full": "#10-3-167/A, Lane opp apollo hospitals, St.Johns road, Secunderabad",
        "addr:postcode": "500025",
        "addr:state": "Telangana",
        "amenity": "hospital",
        "contact:phone": "040-27830534, 040-27831534, +91-7207375534",
        "healthcare": "hospital",
        "name": "KASTURI MULTISPECIALITY HOSPITAL",
        "operator:type": "private",
        "source": "OpenGovernmentData",
        "website": "https://kasturihospitals.com/"
      },
      "geometry": {
        "type": "Point",
        "coordinates": [
          78.5060866,
          17.4389273
        ]
      },
      "id": "node/6548826056"
    },
    {
      "type": "Feature",
      "properties": {
        "@id": "node/6548828778",
        "addr:city": "Hyderabad",
        "addr:full": "13-6-431/D/77/A&B, PILLAR NO.92, MOGHAL KA NALA, ATTAPUR, Opp:HOTEL SWAGATH GRAND",
        "addr:postcode": "500028",
        "addr:state": "Telangana",
        "amenity": "hospital",
        "contact:phone": "0407032555; 666; 7032664444; 23525565",
        "name": "RISE CHILDRENS HOSPITAL (A UNIT OF RISE HOSPITALS PVT. LTD.)",
        "operator:type": "private",
        "source": "OpenGovernmentData"
      },
      "geometry": {
        "type": "Point",
        "coordinates": [
          78.4297081,
          17.3802341
        ]
      },
      "id": "node/6548828778"
    },
    {
      "type": "Feature",
      "properties": {
        "@id": "node/6548833978",
        "addr:full": "H.No: 11-13-123/1, Plot No: 14, NEAR SAI BABA TEMPLE, ALKAPURI SAROORNAGAR MANDAL",
        "addr:postcode": "500035",
        "addr:state": "Telangana",
        "amenity": "hospital",
        "contact:phone": "74610 94932",
        "email": "contact@avanieyehospital.com",
        "name": "AVANI LASER EYE HOSPITAL",
        "operator:type": "private",
        "source": "OpenGovernmentData",
        "website": "https://www.avanieyehospital.com/"
      },
      "geometry": {
        "type": "Point",
        "coordinates": [
          78.5522434,
          17.3658656
        ]
      },
      "id": "node/6548833978"
    },
    {
      "type": "Feature",
      "properties": {
        "@id": "node/6548846382",
        "addr:city": "Hyderabad",
        "addr:full": "Road No.1, Beside Swathi Nivas Apt., Opp Heritage Fresh, New Nagole, Mohan Nagar",
        "addr:postcode": "500035",
        "addr:state": "Telangana",
        "amenity": "hospital",
        "contact:phone": "9849184513",
        "name": "SANJEEVANI HOSPITAL",
        "operator:type": "private",
        "source": "OpenGovernmentData"
      },
      "geometry": {
        "type": "Point",
        "coordinates": [
          78.5521227,
          17.3739165
        ]
      },
      "id": "node/6548846382"
    },
    {
      "type": "Feature",
      "properties": {
        "@id": "node/6548854401",
        "addr:district": "Hyderabad",
        "addr:full": "ANJAIAH NAGAR COMMUNITY HALL ROAD, GACHIBOWLI",
        "addr:postcode": "500032",
        "addr:state": "Telangana",
        "amenity": "hospital",
        "contact:phone": "4031000697",
        "healthcare": "hospital",
        "name": "Kakatiya Hospital",
        "operator:type": "private",
        "source": "OpenGovernmentData"
      },
      "geometry": {
        "type": "Point",
        "coordinates": [
          78.3672388,
          17.4497269
        ]
      },
      "id": "node/6548854401"
    },
    {
      "type": "Feature",
      "properties": {
        "@id": "node/6548874152",
        "addr:city": "Hyderabad",
        "addr:full": "Plot No: 13, SVK Towers, Kushaiguda Main Road, Near A.S Rao Nagar, ECIL Cross Road, Secunderabad",
        "addr:postcode": "500062",
        "addr:state": "Telangana",
        "amenity": "hospital",
        "email": "info@soliseyecare.com",
        "name": "SOLIS EYE CARE HOSPITALS PVT LTD",
        "operator:type": "private",
        "phone": "040-40068855; 040-40028855",
        "source": "OpenGovernmentData",
        "website": "https://soliseyecare.com/"
      },
      "geometry": {
        "type": "Point",
        "coordinates": [
          78.571436,
          17.473687
        ]
      },
      "id": "node/6548874152"
    },
    {
      "type": "Feature",
      "properties": {
        "@id": "node/6548877079",
        "addr:district": "Hyderabad",
        "addr:full": "NH65, Opp. Police Station, Hayathnagar",
        "addr:postcode": "501505",
        "addr:state": "Telangana",
        "amenity": "hospital",
        "name": "Shadow Hospitals",
        "operator:type": "private",
        "source": "OpenGovernmentData"
      },
      "geometry": {
        "type": "Point",
        "coordinates": [
          78.6032966,
          17.3270322
        ]
      },
      "id": "node/6548877079"
    },
    {
      "type": "Feature",
      "properties": {
        "@id": "node/6548879008",
        "addr:full": "H.No: 10-2-300/A/2, Nukkula Arcade, Vijayanagar Colony Main Road, Above Canara Bank",
        "addr:postcode": "500057",
        "addr:state": "Telangana",
        "amenity": "hospital",
        "contact:phone": "4023342434",
        "name": "SRISHTI EYE CENTRE",
        "operator:type": "private",
        "source": "OpenGovernmentData"
      },
      "geometry": {
        "type": "Point",
        "coordinates": [
          78.4573924,
          17.3949495
        ]
      },
      "id": "node/6548879008"
    },
    {
      "type": "Feature",
      "properties": {
        "@id": "node/6548891585",
        "addr:city": "Hyderabad",
        "addr:full": "NH-9, SUSHMA THEATER, VANASTHALIPURAM",
        "addr:state": "Telangana",
        "amenity": "hospital",
        "contact:phone": "4024024249",
        "healthcare": "hospital",
        "name": "LEGEND HOSPITAL",
        "operator:type": "private",
        "source": "OpenGovernmentData"
      },
      "geometry": {
        "type": "Point",
        "coordinates": [
          78.5762921,
          17.3360462
        ]
      },
      "id": "node/6548891585"
    },
    {
      "type": "Feature",
      "properties": {
        "@id": "node/6548894505",
        "addr:city": "Hyderabad",
        "addr:full": "H.No: 4-8-137/5/A, Opp Pillar No: 151, ATTAPUR",
        "addr:postcode": "500048",
        "addr:state": "Telangana",
        "amenity": "hospital",
        "contact:phone": "24001117",
        "name": "SAI SURYA HOSPITAL",
        "operator:type": "private",
        "source": "OpenGovernmentData"
      },
      "geometry": {
        "type": "Point",
        "coordinates": [
          78.4280745,
          17.3612589
        ]
      },
      "id": "node/6548894505"
    },
    {
      "type": "Feature",
      "properties": {
        "@id": "node/6548903087",
        "addr:city": "Hyderabad",
        "addr:district": "Rangareddy",
        "addr:full": "Tolichowki ‘X’ Road, Seven Tombs Road, Tolichowki",
        "addr:postcode": "500008",
        "addr:state": "Telangana",
        "amenity": "hospital",
        "contact:phone": "040-23564200 ; 040- 23564300",
        "email": "info@applehospitals.org",
        "healthcare": "hospital",
        "name": "Apple Multi Speciality Hospital",
        "operator:type": "private",
        "source": "OpenGovernmentData"
      },
      "geometry": {
        "type": "Point",
        "coordinates": [
          78.4143068,
          17.3985564
        ]
      },
      "id": "node/6548903087"
    },
    {
      "type": "Feature",
      "properties": {
        "@id": "node/6548910436",
        "addr:city": "Hyderabad",
        "addr:full": "H.No: 30-1587/1, Plot No: 25, CHANDRAGIRI COLONY, KRUPA COMPLEX, BESIDE BOI, OLD SAFILGUDA, MEDCHAL- MALKAJGIRI",
        "addr:postcode": "500047",
        "addr:state": "Telangana",
        "amenity": "hospital",
        "contact:phone": "7794942714",
        "name": "SUDHA HOSPITAL",
        "operator:type": "private",
        "source": "OpenGovernmentData"
      },
      "geometry": {
        "type": "Point",
        "coordinates": [
          78.5389222,
          17.4657813
        ]
      },
      "id": "node/6548910436"
    },
    {
      "type": "Feature",
      "properties": {
        "@id": "node/6548918441",
        "addr:city": "Hyderabad",
        "addr:full": "Yadav Nagar Colony, Opp. Swagath Grand Hotel, Alkapuri 'X' Roads",
        "addr:postcode": "500035",
        "addr:state": "Telangana",
        "amenity": "hospital",
        "contact:phone": "040-2403-6663/7773/8883",
        "email": "contact@nakshatrahospitals.com",
        "healthcare": "hospital",
        "name": "Nakshatra Hospitals",
        "operator:type": "private",
        "source": "OpenGovernmentData",
        "website": "https://www.nakshatrahospitals.com/"
      },
      "geometry": {
        "type": "Point",
        "coordinates": [
          78.5570419,
          17.3623879
        ]
      },
      "id": "node/6548918441"
    },
    {
      "type": "Feature",
      "properties": {
        "@id": "node/6548950430",
        "addr:city": "Hyderabad",
        "addr:full": "H.No: 5-5-1211, Opp. Panama Arch Godowns, Ganesh Nagar, Vanasthalipuram",
        "addr:postcode": "500070",
        "addr:state": "Telangana",
        "amenity": "hospital",
        "contact:phone": "4024123456",
        "healthcare": "hospital",
        "name": "EVYA HOSPITALS AND DIABETIC RESERACH CENTER",
        "operator:type": "private",
        "source": "OpenGovernmentData"
      },
      "geometry": {
        "type": "Point",
        "coordinates": [
          78.570819,
          17.3392197
        ]
      },
      "id": "node/6548950430"
    },
    {
      "type": "Feature",
      "properties": {
        "@id": "node/6549028392",
        "addr:district": "Hyderabad",
        "addr:place": "King Koti",
        "addr:state": "Telangana",
        "addr:street": "King Koti",
        "addr:subdistrict": "Nampally",
        "amenity": "hospital",
        "healthcare": "hospital",
        "name": "District Hospital, King Koti",
        "operational_status": "operational",
        "operator:type": "government",
        "source": "OpenDataTelangana"
      },
      "geometry": {
        "type": "Point",
        "coordinates": [
          78.481999,
          17.3932243
        ]
      },
      "id": "node/6549028392"
    },
    {
      "type": "Feature",
      "properties": {
        "@id": "node/6549122751",
        "addr:district": "Hyderabad",
        "addr:full": "D.NO. 7-1-79/A & 79/B, DHARAM KARAM ROAD, AMEERPET",
        "addr:postcode": "500016",
        "addr:state": "Telangana",
        "amenity": "hospital",
        "contact:email": "info@wellnesshospital.in",
        "contact:phone": "040-66667779",
        "healthcare": "hospital",
        "name": "Wellness Hospital",
        "operator:type": "private",
        "source": "OpenGovernmentData",
        "website": "https://www.wellnesshospital.in/"
      },
      "geometry": {
        "type": "Point",
        "coordinates": [
          78.4499786,
          17.435904
        ]
      },
      "id": "node/6549122751"
    },
    {
      "type": "Feature",
      "properties": {
        "@id": "node/6549122919",
        "addr:city": "Hyderabad",
        "addr:full": "H.No: 120, Green Park Avenue, Suchitra Circle, Jeedimetla Village",
        "addr:postcode": "500067",
        "addr:state": "Telangana",
        "amenity": "hospital",
        "contact:phone": "4027235867",
        "name": "Refracto Eye Hospital",
        "operator:type": "private",
        "source": "OpenGovernmentData"
      },
      "geometry": {
        "type": "Point",
        "coordinates": [
          78.4788038,
          17.5072656
        ]
      },
      "id": "node/6549122919"
    },
    {
      "type": "Feature",
      "properties": {
        "@id": "node/6549133126",
        "addr:district": "Hyderabad",
        "addr:full": "9-2-24/20/7/6, NEW IDGAH ROAD, JAHANNUMA NAWAB SAHEB KUNTA",
        "addr:postcode": "500053",
        "addr:state": "Telangana",
        "amenity": "hospital",
        "name": "FATIMA HOSPITAL",
        "operator:type": "private",
        "source": "OpenGovernmentData"
      },
      "geometry": {
        "type": "Point",
        "coordinates": [
          78.4590373,
          17.3448357
        ]
      },
      "id": "node/6549133126"
    },
    {
      "type": "Feature",
      "properties": {
        "@id": "node/6549138754",
        "addr:district": "Hyderabad",
        "addr:full": "6A, 7A, Petbasheerabad, NH7, Near DPS, Opp St Anns, Kompally",
        "addr:postcode": "500055",
        "addr:state": "Telangana",
        "alt_name": "Bloom Hospitals",
        "amenity": "hospital",
        "contact:email": "admin@janapareddy.co.in",
        "contact:phone": "+91 9963233911 ; +91 9963233922",
        "name": "JANAPAREDDY HOSPITAL PVT LTD",
        "operator:type": "private",
        "source": "OpenGovernmentData"
      },
      "geometry": {
        "type": "Point",
        "coordinates": [
          78.482795,
          17.5246107
        ]
      },
      "id": "node/6549138754"
    },
    {
      "type": "Feature",
      "properties": {
        "@id": "node/6549141042",
        "addr:city": "Hyderabad",
        "addr:full": "Plot No: 336, MATRUSRI NAGAR, CALVARY TEMPLE ROAD, MIYAPUR",
        "addr:postcode": "500049",
        "addr:state": "Telangana",
        "amenity": "hospital",
        "contact:phone": "8008033447",
        "name": "ENT CARE HOSPITAL",
        "operator:type": "private",
        "source": "OpenGovernmentData"
      },
      "geometry": {
        "type": "Point",
        "coordinates": [
          78.3706122,
          17.4951101
        ]
      },
      "id": "node/6549141042"
    },
    {
      "type": "Feature",
      "properties": {
        "@id": "node/6549141640",
        "addr:city": "Hyderabad",
        "addr:full": "Plot No:26-27-29, NEAR VIJETHA SUPER MARKET, BEHIND BHARAT PETROL PUMP, MADINAGUDA",
        "addr:postcode": "500049",
        "addr:state": "Telangana",
        "amenity": "hospital",
        "contact:phone": "040 23043693",
        "name": "NAIDU EYE HOSPITAL",
        "operator:type": "private",
        "source": "OpenGovernmentData"
      },
      "geometry": {
        "type": "Point",
        "coordinates": [
          78.3415653,
          17.4944322
        ]
      },
      "id": "node/6549141640"
    },
    {
      "type": "Feature",
      "properties": {
        "@id": "node/6549145505",
        "addr:city": "Hyderabad",
        "addr:full": "H.No: 8-4-21/5, Beside Mega Function Hall, Sagar Road, Karman Ghat, Saroor Nagar",
        "addr:postcode": "500079",
        "addr:state": "Telangana",
        "amenity": "hospital",
        "contact:phone": "040-24079991/92/93/94",
        "healthcare": "hospital",
        "name": "JEEVAN HOSPITAL",
        "operator:type": "private",
        "source": "OpenGovernmentData"
      },
      "geometry": {
        "type": "Point",
        "coordinates": [
          78.5269153,
          17.344755
        ]
      },
      "id": "node/6549145505"
    },
    {
      "type": "Feature",
      "properties": {
        "@id": "node/6549145506",
        "addr:district": "Hyderabad",
        "addr:full": "8-2-413/B, ROAD NO. 4, BANJARA HILLS",
        "addr:postcode": "500034",
        "addr:state": "Telangana",
        "amenity": "hospital",
        "contact:phone": "4023351144",
        "healthcare": "hospital",
        "name": "Times Hospital",
        "operator:type": "private",
        "source": "OpenGovernmentData"
      },
      "geometry": {
        "type": "Point",
        "coordinates": [
          78.4416855,
          17.4205712
        ]
      },
      "id": "node/6549145506"
    },
    {
      "type": "Feature",
      "properties": {
        "@id": "node/6549150687",
        "addr:city": "Hyderabad",
        "addr:full": "PLOT No.1, 2 & 3, SHAPUR NAGAR MAIN ROAD, BESIDES R.S. BROTHERS, JEEDIMETLA",
        "addr:postcode": "500055",
        "addr:state": "Telangana",
        "amenity": "hospital",
        "contact:email": "Info@medivisionhospital.com",
        "contact:phone": "+91 9515966644; 040-23193777",
        "healthcare": "hospital",
        "name": "MEDIVISION SUPER SPECIALTY HOSPITAL",
        "operator:type": "private",
        "source": "OpenGovernmentData"
      },
      "geometry": {
        "type": "Point",
        "coordinates": [
          78.4472376,
          17.5162288
        ]
      },
      "id": "node/6549150687"
    },
    {
      "type": "Feature",
      "properties": {
        "@id": "node/6549150740",
        "addr:city": "Hyderabad",
        "addr:district": "Rangareddy",
        "addr:full": "Plot No:. 204, Mythri Nagar, Near Madinaguda, Miyapur",
        "addr:postcode": "500049",
        "addr:state": "Telangana",
        "amenity": "hospital",
        "contact:phone": "04023044155; 42007070",
        "fax": "23044133",
        "name": "HEALIX HOSPITAL",
        "operator:type": "private",
        "source": "OpenGovernmentData"
      },
      "geometry": {
        "type": "Point",
        "coordinates": [
          78.3461505,
          17.494321
        ]
      },
      "id": "node/6549150740"
    },
    {
      "type": "Feature",
      "properties": {
        "@id": "node/6549152212",
        "addr:city": "Hyderabad",
        "addr:full": "H.No: 4-8-149/4/2/1, Opp Pillar No:145, ATTAPUR",
        "addr:postcode": "500048",
        "addr:state": "Telangana",
        "amenity": "hospital",
        "contact:phone": "47201201",
        "name": "ZOI HOSPITALS",
        "operator:type": "private",
        "source": "OpenGovernmentData"
      },
      "geometry": {
        "type": "Point",
        "coordinates": [
          78.4284984,
          17.3632928
        ]
      },
      "id": "node/6549152212"
    },
    {
      "type": "Feature",
      "properties": {
        "@id": "node/6549159475",
        "addr:district": "Adilabad",
        "addr:full": "8-3-318/2/A/28, Opp State Home, Yousufguda Main Road, Ameerpet",
        "addr:postcode": "500073",
        "addr:state": "Telangana",
        "amenity": "hospital",
        "contact:phone": "4066025588",
        "healthcare": "hospital",
        "name": "RAJA HOSPITAL",
        "operator:type": "private",
        "source": "OpenGovernmentData"
      },
      "geometry": {
        "type": "Point",
        "coordinates": [
          78.4399192,
          17.4366563
        ]
      },
      "id": "node/6549159475"
    },
    {
      "type": "Feature",
      "properties": {
        "@id": "node/6549162107",
        "addr:city": "Hyderabad",
        "addr:full": "H.No: 8-2-277/A/1, ROAD NO.2, BANJARA HILLS",
        "addr:postcode": "500034",
        "addr:state": "Telangana",
        "amenity": "hospital",
        "contact:phone": "4067139999",
        "healthcare": "hospital",
        "name": "THE BIRTHPLACE",
        "operator:type": "private",
        "source": "OpenGovernmentData"
      },
      "geometry": {
        "type": "Point",
        "coordinates": [
          78.433091,
          17.4246755
        ]
      },
      "id": "node/6549162107"
    },
    {
      "type": "Feature",
      "properties": {
        "@id": "node/6549162110",
        "addr:district": "Hyderabad",
        "addr:full": "3-6-369/A/25, 3RD FLOOR, SANDOZI BUILDING, STREET NO-1, HIMAYATH NAGAR",
        "addr:postcode": "500029",
        "addr:state": "Telangana",
        "amenity": "hospital",
        "contact:phone": "4027605559",
        "name": "MANKINDD HOSPITAL",
        "name:te": "మాన్ కైండ్ హాస్పిటల్",
        "operator:type": "private",
        "source": "OpenGovernmentData"
      },
      "geometry": {
        "type": "Point",
        "coordinates": [
          78.4801617,
          17.4055156
        ]
      },
      "id": "node/6549162110"
    },
    {
      "type": "Feature",
      "properties": {
        "@id": "node/6549172458",
        "addr:district": "Hyderabad",
        "addr:full": "Plot No: 12-13-67/2, Street No.5, Sadhashiva Nagar, Lane Adjacent to Sanman Hotel, Tarnaka",
        "addr:postcode": "500017",
        "addr:state": "Telangana",
        "amenity": "hospital",
        "contact:phone": "040 27007111",
        "name": "PADMVATI MEDICAL CENTRE",
        "operator:type": "private",
        "source": "OpenGovernmentData"
      },
      "geometry": {
        "type": "Point",
        "coordinates": [
          78.5322033,
          17.426232
        ]
      },
      "id": "node/6549172458"
    },
    {
      "type": "Feature",
      "properties": {
        "@id": "node/6549176002",
        "addr:city": "Hyderabad",
        "addr:full": "LANE ADJACENT TO SPENCERS, PILLAR NO 125, AMBIENCE FORT ROAD, ATTAPUR",
        "addr:postcode": "500048",
        "addr:state": "Telangana",
        "amenity": "hospital",
        "name": "IRIS EYE HOSPITAL",
        "operator:type": "private",
        "source": "OpenGovernmentData"
      },
      "geometry": {
        "type": "Point",
        "coordinates": [
          78.4273417,
          17.3696216
        ]
      },
      "id": "node/6549176002"
    },
    {
      "type": "Feature",
      "properties": {
        "@id": "node/6549183267",
        "addr:city": "Hyderabad",
        "addr:full": "Plot No:413, ROAD NO - 1, BHAGYA LAXMI COLONY, QUTHBULLAPUR",
        "addr:postcode": "500055",
        "addr:state": "Telangana",
        "amenity": "hospital",
        "contact:phone": "040 23080666",
        "name": "Lakshmi Sailaja Hospiatal",
        "operator:type": "private",
        "source": "OpenGovernmentData"
      },
      "geometry": {
        "type": "Point",
        "coordinates": [
          78.4614305,
          17.5084337
        ]
      },
      "id": "node/6549183267"
    },
    {
      "type": "Feature",
      "properties": {
        "@id": "node/6549184413",
        "addr:district": "Hyderabad",
        "addr:full": "#1-120/3, Plot No.3, Behind Karachi Bakery, Survey No.64, Madhapur",
        "addr:postcode": "500081",
        "addr:state": "Telangana",
        "amenity": "hospital",
        "contact:phone": "040 67108108",
        "healthcare": "hospital",
        "name": "Oakridge Hospitals",
        "operator:type": "private",
        "source": "OpenGovernmentData",
        "website": "http://oakridgehospitals.com/"
      },
      "geometry": {
        "type": "Point",
        "coordinates": [
          78.3855052,
          17.4448396
        ]
      },
      "id": "node/6549184413"
    },
    {
      "type": "Feature",
      "properties": {
        "@id": "node/6549186461",
        "addr:city": "Hyderabad",
        "addr:full": "H.No: 5-8-/105/A, Behind Kamath Hotel, Station Road, Nampally",
        "addr:postcode": "500001",
        "addr:state": "Telangana",
        "amenity": "hospital",
        "contact:phone": "4066734111",
        "name": "RAMA EYE HOSPITAL",
        "operator:type": "private",
        "source": "OpenGovernmentData"
      },
      "geometry": {
        "type": "Point",
        "coordinates": [
          78.4712635,
          17.3910435
        ]
      },
      "id": "node/6549186461"
    },
    {
      "type": "Feature",
      "properties": {
        "@id": "node/6549189965",
        "addr:city": "Hyderabad",
        "addr:district": "Rangareddy",
        "addr:full": "Hill Colony Road, Alapathi Nagar",
        "addr:postcode": "500028",
        "addr:state": "Telangana",
        "amenity": "hospital",
        "contact:phone": "4023533234",
        "name": "Sri Vijaya Hospitals",
        "operator:type": "private",
        "source": "OpenGovernmentData"
      },
      "geometry": {
        "type": "Point",
        "coordinates": [
          78.4422313,
          17.3893119
        ]
      },
      "id": "node/6549189965"
    },
    {
      "type": "Feature",
      "properties": {
        "@id": "node/6549190771",
        "addr:full": "#222&223, MYTHRINAGAR, PHASE-II, Opp FORTURE HEIGHTS, MIYAPUR",
        "addr:postcode": "500049",
        "addr:state": "Telangana",
        "amenity": "hospital",
        "contact:phone": "04047470000",
        "name": "SRIKARA HOSPITALS",
        "operator:type": "private",
        "source": "OpenGovernmentData",
        "website": "https://www.srikarahospitals.com/"
      },
      "geometry": {
        "type": "Point",
        "coordinates": [
          78.348083,
          17.4921363
        ]
      },
      "id": "node/6549190771"
    },
    {
      "type": "Feature",
      "properties": {
        "@id": "node/6549196760",
        "addr:district": "Hyderabad",
        "addr:full": "HIG 450, Opp Manjeera Trinity Corporate, JNTU-HITEC city road KPHB Phase 6, Kukatpally",
        "addr:postcode": "500072",
        "addr:state": "Telangana",
        "amenity": "hospital",
        "check_date": "2024-03-16",
        "contact:phone": "040-40064008; 040-40117931",
        "name": "Amrita ENT Head & Neck Hospital",
        "operator:type": "private",
        "source": "OpenGovernmentData",
        "website": "https://amritaent.com/"
      },
      "geometry": {
        "type": "Point",
        "coordinates": [
          78.3915214,
          17.4885611
        ]
      },
      "id": "node/6549196760"
    },
    {
      "type": "Feature",
      "properties": {
        "@id": "node/6549197262",
        "addr:city": "Hyderabad",
        "addr:full": "12-11-1256, BOUDHA NAGAR ROAD, SECUNDERABAD",
        "addr:postcode": "500061",
        "addr:state": "Telangana",
        "amenity": "hospital",
        "contact:phone": "27077484",
        "name": "B.V.K. REDDY HOSPITAL",
        "operator:type": "private",
        "source": "OpenGovernmentData"
      },
      "geometry": {
        "type": "Point",
        "coordinates": [
          78.5179152,
          17.4185789
        ]
      },
      "id": "node/6549197262"
    },
    {
      "type": "Feature",
      "properties": {
        "@id": "node/6549197557",
        "addr:city": "Hyderabad",
        "addr:full": "Opp. PILLAR NO. 190, FORT VIEW COLONY, PVNR EXPRESS FLYOVER, UPPARPALLY, RAJENDERA NAGAR",
        "addr:postcode": "500048",
        "addr:state": "Telangana",
        "amenity": "hospital",
        "contact:phone": "65645555",
        "healthcare": "hospital",
        "name": "Human Touch Hospital",
        "operator:type": "private",
        "source": "OpenGovernmentData"
      },
      "geometry": {
        "type": "Point",
        "coordinates": [
          78.4180733,
          17.3529175
        ]
      },
      "id": "node/6549197557"
    },
    {
      "type": "Feature",
      "properties": {
        "@id": "node/6549198596",
        "addr:city": "Hyderabad",
        "addr:full": "H.No: 2-41/11/3 & 4, QZ PLAZA, KOTHAGUDA CROSS ROADS, KONDAPUR, KOTHAGUDA (K.V.Rangareddy), SERILINGAMPALLY",
        "addr:postcode": "500084",
        "addr:state": "Telangana",
        "amenity": "hospital",
        "contact:phone": "23005789",
        "healthcare": "hospital",
        "name": "REFRACTO EYE HOSPITAL (A GROUP OF CREDIBLE HEALTH CARE PVT LTD )",
        "operator:type": "private",
        "source": "OpenGovernmentData"
      },
      "geometry": {
        "type": "Point",
        "coordinates": [
          78.3669068,
          17.4620023
        ]
      },
      "id": "node/6549198596"
    },
    {
      "type": "Feature",
      "properties": {
        "@id": "node/6549203906",
        "addr:district": "Hyderabad",
        "addr:full": "48-138/1/B, Main Road, Opp To Pillar No 150, Attapur",
        "addr:postcode": "500048",
        "addr:state": "Telangana",
        "amenity": "hospital",
        "contact:phone": "4065645555",
        "name": "GERMANTEN HOSPITALS",
        "operator:type": "private",
        "source": "OpenGovernmentData"
      },
      "geometry": {
        "type": "Point",
        "coordinates": [
          78.4281778,
          17.3619565
        ]
      },
      "id": "node/6549203906"
    },
    {
      "type": "Feature",
      "properties": {
        "@id": "node/6549206565",
        "addr:city": "Hyderabad",
        "addr:full": "Plot No: 52, Panchayat Raj, Teacher Colony, B.N.Reddy Nagar",
        "addr:postcode": "500079",
        "addr:state": "Telangana",
        "amenity": "hospital",
        "contact:phone": "4024094108",
        "name": "SHYAM HOSPITAL",
        "operator:type": "private",
        "source": "OpenGovernmentData"
      },
      "geometry": {
        "type": "Point",
        "coordinates": [
          78.557235,
          17.3230275
        ]
      },
      "id": "node/6549206565"
    },
    {
      "type": "Feature",
      "properties": {
        "@id": "node/6549206566",
        "addr:city": "Secunderabad",
        "addr:full": "MOTI VALLEY, BESIDE ACER MOTORS, TIRUMALAGIRI `X` ROAD",
        "addr:postcode": "500015",
        "addr:state": "Telangana",
        "amenity": "hospital",
        "contact:phone": "4060608899",
        "name": "STERLING HOSPITALS PVT LTD",
        "operator": "Private",
        "source": "OpenGovernmentData"
      },
      "geometry": {
        "type": "Point",
        "coordinates": [
          78.5086575,
          17.470118
        ]
      },
      "id": "node/6549206566"
    },
    {
      "type": "Feature",
      "properties": {
        "@id": "node/6549209512",
        "addr:district": "Hyderabad",
        "addr:full": "#7-147/1, Nagendra Nagar Colony, Habsiguda Main Road",
        "addr:postcode": "500007",
        "addr:state": "Telangana",
        "amenity": "hospital",
        "contact:phone": "040-27151999",
        "fax": "040 27151999",
        "name": "ANAND EYE INSITUTE",
        "operator:type": "private",
        "source": "OpenGovernmentData"
      },
      "geometry": {
        "type": "Point",
        "coordinates": [
          78.5427846,
          17.4183281
        ]
      },
      "id": "node/6549209512"
    },
    {
      "type": "Feature",
      "properties": {
        "@id": "node/6549210041",
        "addr:city": "Hyderabad",
        "addr:full": "Plot No: 50, Sri Durga Enclave, SBH Colony, LB Nagar Road",
        "addr:postcode": "500074",
        "addr:state": "Telangana",
        "amenity": "hospital",
        "contact:phone": "040 6600 0108",
        "name": "SRI KARA HOSPITAL",
        "operator:type": "private",
        "source": "OpenGovernmentData"
      },
      "geometry": {
        "type": "Point",
        "coordinates": [
          78.5484628,
          17.344508
        ]
      },
      "id": "node/6549210041"
    },
    {
      "type": "Feature",
      "properties": {
        "@id": "node/6549211440",
        "addr:full": "H.No: .8-2-595/3, Opp: CARE CONVERGENCE, ROAD No.10, BANJARAHILLS",
        "addr:postcode": "500034",
        "addr:state": "Telangana",
        "amenity": "hospital",
        "contact:phone": "4023350733",
        "name": "HIGH SIGHT SUPER SPECILAITY EYE HOSPITAL",
        "operator:type": "private",
        "source": "OpenGovernmentData"
      },
      "geometry": {
        "type": "Point",
        "coordinates": [
          78.4473536,
          17.4160331
        ]
      },
      "id": "node/6549211440"
    },
    {
      "type": "Feature",
      "properties": {
        "@id": "node/6549215300",
        "addr:city": "Secunderabad",
        "addr:full": "Plot No: 90 P&T COLONY VIKRAMPURI KARKHANA",
        "addr:postcode": "500009",
        "addr:state": "Telangana",
        "amenity": "hospital",
        "contact:phone": "4027720777",
        "name": "NAVJEEVAN HOSPITAL",
        "operator": "Private",
        "source": "OpenGovernmentData"
      },
      "geometry": {
        "type": "Point",
        "coordinates": [
          78.4981728,
          17.45558
        ]
      },
      "id": "node/6549215300"
    },
    {
      "type": "Feature",
      "properties": {
        "@id": "node/6549219226",
        "addr:city": "Hyderabad",
        "addr:full": "Plot No. 143, Sagar Society, Venkateshwara Colony, Srinagar Colony, Near Ratnadeep Super Market,",
        "addr:postcode": "500073",
        "addr:state": "Telangana",
        "amenity": "hospital",
        "contact:phone": "48563344",
        "healthcare": "hospital",
        "name": "SMART VISION EYE SPECIALITIES PRIVATE LIMITED",
        "operator:type": "private",
        "source": "OpenGovernmentData"
      },
      "geometry": {
        "type": "Point",
        "coordinates": [
          78.4398817,
          17.4288986
        ]
      },
      "id": "node/6549219226"
    },
    {
      "type": "Feature",
      "properties": {
        "@id": "node/6549219227",
        "addr:city": "Hyderabad",
        "addr:full": "Plot No:.3, BAPUJI NAGAR, Opp: SAROJINI PULLA REDDY HOUSE, BOWENPALLY",
        "addr:postcode": "500011",
        "addr:state": "Telangana",
        "amenity": "hospital",
        "name": "KS MULTISPECIALTY HOSPITAL",
        "operator": "Private",
        "source": "OpenGovernmentData"
      },
      "geometry": {
        "type": "Point",
        "coordinates": [
          78.4777518,
          17.4691425
        ]
      },
      "id": "node/6549219227"
    },
    {
      "type": "Feature",
      "properties": {
        "@id": "node/6549236738",
        "addr:district": "Hyderabad",
        "addr:full": "3-6-273/274, III AND IV FLOOR, APURUPA L.N CHAMBERS, BESIDE RC REDDY IAS CIRCLE, NEAR OLD MLA QUARTERS, Opp TELANGANA TOURISM",
        "addr:postcode": "500029",
        "addr:state": "Telangana",
        "amenity": "hospital",
        "contact:phone": "23264353",
        "name": "RAMESH LASIK & LASER CENTRE",
        "operator:type": "private",
        "source": "OpenGovernmentData"
      },
      "geometry": {
        "type": "Point",
        "coordinates": [
          78.4847268,
          17.3985583
        ]
      },
      "id": "node/6549236738"
    },
    {
      "type": "Feature",
      "properties": {
        "@id": "node/6549287021",
        "addr:district": "Hyderabad",
        "addr:full": "2 - 24/1, Rajalaxmi Complex, SBI Building, Main Road, Chandanagar",
        "addr:postcode": "500050",
        "addr:state": "Telangana",
        "amenity": "hospital",
        "contact:phone": "4040065444",
        "healthcare": "hospital",
        "name": "VIJAYA SREE HOSPITAL",
        "operator:type": "private",
        "source": "OpenGovernmentData"
      },
      "geometry": {
        "type": "Point",
        "coordinates": [
          78.3213112,
          17.4954081
        ]
      },
      "id": "node/6549287021"
    },
    {
      "type": "Feature",
      "properties": {
        "@id": "node/6549290634",
        "addr:city": "Hyderabad",
        "addr:full": "12-2-727/1/A, INNER RING ROAD, Opp: PILLAR NO. 46, RETHI BOWLI, MEHDIPATNAM",
        "addr:postcode": "500028",
        "addr:state": "Telangana",
        "amenity": "hospital",
        "contact:phone": "040-23512970; 040-23521946 ; 08106891947",
        "name": "ORIENT EYE HOSPITAL",
        "operator:type": "private",
        "source": "OpenGovernmentData"
      },
      "geometry": {
        "type": "Point",
        "coordinates": [
          78.4307253,
          17.3942641
        ]
      },
      "id": "node/6549290634"
    },
    {
      "type": "Feature",
      "properties": {
        "@id": "node/6549292101",
        "addr:district": "Hyderabad",
        "addr:full": "3-3-273, LB Nagar - Uppal Rd, Kamala Nagar, Suvidha Arcade, RTC Colony, LB Nagar",
        "addr:postcode": "500074",
        "addr:state": "Telangana",
        "amenity": "hospital",
        "contact:phone": "040 24031111;040 24031122",
        "name": "SHINE CHILDREN'S HOSPITAL",
        "operator:type": "private",
        "source": "OpenGovernmentData",
        "wheelchair": "yes"
      },
      "geometry": {
        "type": "Point",
        "coordinates": [
          78.5520463,
          17.3482504
        ]
      },
      "id": "node/6549292101"
    },
    {
      "type": "Feature",
      "properties": {
        "@id": "node/6549292128",
        "addr:city": "Hyderabad",
        "addr:full": "MIG 113 & 114, Road No. 1, KPHB Colony, Kukatpally",
        "addr:postcode": "500072",
        "addr:state": "Telangana",
        "amenity": "hospital",
        "check_date": "2024-03-16",
        "contact:phone": "4044568888",
        "name": "Sri Sri Holistic Hospitals",
        "operator:type": "private",
        "source": "OpenGovernmentData"
      },
      "geometry": {
        "type": "Point",
        "coordinates": [
          78.4005457,
          17.4887428
        ]
      },
      "id": "node/6549292128"
    },
    {
      "type": "Feature",
      "properties": {
        "@id": "node/6549295174",
        "addr:city": "Hyderabad",
        "addr:full": "H.No: 3-8, Chaitanayapuri 'X' roads, Dilshuknagar",
        "addr:postcode": "500060",
        "addr:state": "Telangana",
        "amenity": "hospital",
        "contact:phone": "040 66905566",
        "healthcare": "hospital",
        "name": "Saptagiri Hospital",
        "operator:type": "private",
        "source": "OpenGovernmentData"
      },
      "geometry": {
        "type": "Point",
        "coordinates": [
          78.5301608,
          17.3690962
        ]
      },
      "id": "node/6549295174"
    },
    {
      "type": "Feature",
      "properties": {
        "@id": "node/6549296470",
        "addr:city": "Hyderabad",
        "addr:full": "13-6-826/5, Attapur, Pillar No.108, Moghul Nagar",
        "addr:postcode": "500006",
        "addr:state": "Telangana",
        "amenity": "hospital",
        "contact:phone": "4023520108",
        "name": "SAFE KIDS HOSPITALS PRIVATE LIMITED",
        "operator:type": "private",
        "source": "OpenGovernmentData"
      },
      "geometry": {
        "type": "Point",
        "coordinates": [
          78.4295377,
          17.3753068
        ]
      },
      "id": "node/6549296470"
    },
    {
      "type": "Feature",
      "properties": {
        "@id": "node/6549298910",
        "addr:district": "Hyderabad",
        "addr:full": "Plot No: 1, CHITRA LAYOUT, BESIDE Rangareddy Court, L.B NAGAR",
        "addr:postcode": "500074",
        "addr:state": "Telangana",
        "amenity": "hospital",
        "contact:mobile": "8121033233",
        "contact:phone": "4024033233",
        "name": "DR RAJASHEKAR REDDY LAPAROSCOPY HOSPITAL",
        "operator:type": "private",
        "source": "OpenGovernmentData"
      },
      "geometry": {
        "type": "Point",
        "coordinates": [
          78.5470426,
          17.3542853
        ]
      },
      "id": "node/6549298910"
    },
    {
      "type": "Feature",
      "properties": {
        "@id": "node/6549301063",
        "addr:city": "Hyderabad",
        "addr:full": "H.No: 3-9-2, Plot No: 3, RAMANATHAPUR",
        "addr:postcode": "500013",
        "addr:state": "Telangana",
        "amenity": "hospital",
        "contact:phone": "27038744",
        "name": "ADRM HOSPITAL",
        "operator:type": "private",
        "source": "OpenGovernmentData"
      },
      "geometry": {
        "type": "Point",
        "coordinates": [
          78.536071,
          17.3984982
        ]
      },
      "id": "node/6549301063"
    },
    {
      "type": "Feature",
      "properties": {
        "@id": "node/6549314900",
        "addr:city": "Hyderabad",
        "addr:full": "MIG: 88, Road No: 1, KPHB COLONY, KUKATPALLY",
        "addr:postcode": "500072",
        "addr:state": "Telangana",
        "amenity": "hospital",
        "check_date": "2024-03-16",
        "contact:phone": "4049542277",
        "name": "Smart Vision Eye Hospitals Pvt Ltd",
        "operator:type": "private",
        "source": "OpenGovernmentData"
      },
      "geometry": {
        "type": "Point",
        "coordinates": [
          78.4008153,
          17.4893785
        ]
      },
      "id": "node/6549314900"
    },
    {
      "type": "Feature",
      "properties": {
        "@id": "node/6549315980",
        "addr:district": "Hyderabad",
        "addr:full": "5-9-30/1/7, Gowri Parmeshwari Mansion, Palace Colony, Basheerbagh",
        "addr:postcode": "500063",
        "addr:state": "Telangana",
        "amenity": "hospital",
        "contact:phone": "04066585555;66585500",
        "fax": "66585501",
        "name": "SOUTHERN GEM HOSPITAL",
        "name:te": "సథరన్ జెమ్ హాస్పిటల్",
        "operator:type": "private",
        "source": "OpenGovernmentData"
      },
      "geometry": {
        "type": "Point",
        "coordinates": [
          78.4754223,
          17.4058342
        ]
      },
      "id": "node/6549315980"
    },
    {
      "type": "Feature",
      "properties": {
        "@id": "node/6549320016",
        "addr:district": "Hyderabad",
        "addr:full": "1-7-181, KAMALA NAGAR, Opp. DAE Colony ('D' Sector Gate), KAPRA, ECIL",
        "addr:postcode": "500062",
        "addr:state": "Telangana",
        "amenity": "hospital",
        "contact:phone": "4027135842",
        "name": "ARC HOSPITAL",
        "operator:type": "private",
        "source": "OpenGovernmentData"
      },
      "geometry": {
        "type": "Point",
        "coordinates": [
          78.5676406,
          17.4714919
        ]
      },
      "id": "node/6549320016"
    },
    {
      "type": "Feature",
      "properties": {
        "@id": "node/6549324353",
        "addr:city": "Hyderabad",
        "addr:full": "Plot No: 101, VANASTHALI HILLS COLONY, VANASTHALIPURAM, NEAR MJM FUNCTION and ADITYA SCHOOL",
        "addr:postcode": "500070",
        "addr:state": "Telangana",
        "amenity": "hospital",
        "contact:phone": "04065192333",
        "healthcare": "hospital",
        "name": "SHARADA EYE CARE",
        "operator:type": "private",
        "source": "OpenGovernmentData"
      },
      "geometry": {
        "type": "Point",
        "coordinates": [
          78.5708083,
          17.3355392
        ]
      },
      "id": "node/6549324353"
    },
    {
      "type": "Feature",
      "properties": {
        "@id": "node/6549328685",
        "addr:district": "Hyderabad",
        "addr:full": "7-4-158/1, Near Hotel Samrat Complex, Madhavi Nagar, Ferozguda, Balanagar",
        "addr:postcode": "500011",
        "addr:state": "Telangana",
        "amenity": "hospital",
        "contact:phone": "4023777772",
        "name": "SREE ROYAL HOSPITAL",
        "name:te": "శ్రీ రాయల్ హాస్పిటల్",
        "operator:type": "private",
        "source": "OpenGovernmentData"
      },
      "geometry": {
        "type": "Point",
        "coordinates": [
          78.4562123,
          17.4635323
        ]
      },
      "id": "node/6549328685"
    },
    {
      "type": "Feature",
      "properties": {
        "@id": "node/6549328982",
        "addr:city": "Hyderabad",
        "addr:full": "Sagar Road, Malla Reddy Nagar, Saroor Nagar East, Champapet",
        "addr:postcode": "500079",
        "addr:state": "Telangana",
        "amenity": "hospital",
        "contact:phone": "078420 91999",
        "healthcare": "hospital",
        "name": "SRI SIDDESHWARA HOSPITAL",
        "operator:type": "private",
        "source": "OpenGovernmentData"
      },
      "geometry": {
        "type": "Point",
        "coordinates": [
          78.5211218,
          17.346624
        ]
      },
      "id": "node/6549328982"
    },
    {
      "type": "Feature",
      "properties": {
        "@id": "node/6549331502",
        "addr:district": "Hyderabad",
        "addr:full": "Door No:8-2-603/1/3/B, 2nd Floor, Vintage Plaza, Road No:10, Banjara Hills",
        "addr:postcode": "500034",
        "addr:state": "Telangana",
        "amenity": "hospital",
        "contact:phone": "040 42408039 ; 040 23552212",
        "name": "NEPHROPLUS KIDNEY CARE HOSPITALS",
        "operator:type": "private",
        "source": "OpenGovernmentData"
      },
      "geometry": {
        "type": "Point",
        "coordinates": [
          78.4338641,
          17.4161502
        ]
      },
      "id": "node/6549331502"
    },
    {
      "type": "Feature",
      "properties": {
        "@id": "node/6549332628",
        "addr:district": "Hyderabad",
        "addr:full": "16-2-661, LANE BESIDE BAJAJ ELECTRONICS, MALAKPET",
        "addr:postcode": "500036",
        "addr:state": "Telangana",
        "amenity": "hospital",
        "contact:phone": "24550100",
        "healthcare": "hospital",
        "name": "METRO CURE HOSPITAL",
        "operator:type": "private",
        "source": "OpenGovernmentData"
      },
      "geometry": {
        "type": "Point",
        "coordinates": [
          78.5010025,
          17.3726148
        ]
      },
      "id": "node/6549332628"
    },
    {
      "type": "Feature",
      "properties": {
        "@id": "node/6549335308",
        "addr:city": "Hyderabad",
        "addr:full": "Plot No:. 692, VIVEKANAND NAGAR COLONY, KUKATPALLY",
        "addr:postcode": "500072",
        "addr:state": "Telangana",
        "amenity": "hospital",
        "contact:phone": "4023060030",
        "healthcare": "hospital",
        "name": "Green Leaf Health Centre",
        "operator:type": "private",
        "source": "OpenGovernmentData"
      },
      "geometry": {
        "type": "Point",
        "coordinates": [
          78.4096941,
          17.4915939
        ]
      },
      "id": "node/6549335308"
    },
    {
      "type": "Feature",
      "properties": {
        "@id": "node/6549338256",
        "addr:district": "Hyderabad",
        "addr:full": "H.No. 2-181/2/C , Near Suchitra Circle, Alwal Road, Ramraj Nagar, Jeedimetla",
        "addr:postcode": "500067",
        "addr:state": "Telangana",
        "amenity": "hospital",
        "contact:phone": "040 44441111; +91 8886611108",
        "name": "RUSSH SUPER SPECIALITY HOSPITAL",
        "operator:type": "private",
        "source": "OpenGovernmentData",
        "website": "https://russhhospital.com/"
      },
      "geometry": {
        "type": "Point",
        "coordinates": [
          78.477497,
          17.4997723
        ]
      },
      "id": "node/6549338256"
    },
    {
      "type": "Feature",
      "properties": {
        "@id": "node/6549341748",
        "addr:city": "Hyderabad",
        "addr:full": "1-29, NACHARAM MALLAPUR ROAD, HMT NAGAR, TARNAKA",
        "addr:postcode": "500076",
        "addr:state": "Telangana",
        "amenity": "hospital",
        "contact:phone": "040 40121000",
        "name": "SHREE POOJA HOSPITAL",
        "operator:type": "private",
        "source": "OpenGovernmentData"
      },
      "geometry": {
        "type": "Point",
        "coordinates": [
          78.5470144,
          17.4230318
        ]
      },
      "id": "node/6549341748"
    },
    {
      "type": "Feature",
      "properties": {
        "@id": "node/6549343859",
        "addr:city": "Hyderabad",
        "addr:full": "H.No: 6-3-649/6, LANE BESIDE MAHESHWARI CHAMBERS, SOMAJIGDA",
        "addr:postcode": "500082",
        "addr:state": "Telangana",
        "amenity": "hospital",
        "contact:phone": "4066250750",
        "name": "Vascular Care Center",
        "operator:type": "private",
        "source": "OpenGovernmentData"
      },
      "geometry": {
        "type": "Point",
        "coordinates": [
          78.4582441,
          17.4183012
        ]
      },
      "id": "node/6549343859"
    },
    {
      "type": "Feature",
      "properties": {
        "@id": "node/6549348757",
        "addr:city": "Hyderabad",
        "addr:full": "S.R. Enclave, MIG - 259, Road No. 4, KPHB Colony",
        "addr:postcode": "500072",
        "addr:state": "Telangana",
        "amenity": "hospital",
        "check_date": "2024-03-16",
        "contact:email": "info@mcsneurohospital.com",
        "contact:phone": "4040266544",
        "name": "MCS NEURO HOSPITAL",
        "operator:type": "private",
        "source": "OpenGovernmentData",
        "website": "http://www.mcsneurohospital.com"
      },
      "geometry": {
        "type": "Point",
        "coordinates": [
          78.3977428,
          17.4925596
        ]
      },
      "id": "node/6549348757"
    },
    {
      "type": "Feature",
      "properties": {
        "@id": "node/6549349841",
        "addr:city": "Hyderabad",
        "addr:full": "Plot No: 83 & 103, Miyapur Main Road",
        "addr:postcode": "500049",
        "addr:state": "Telangana",
        "amenity": "hospital",
        "contact:phone": "4023031113",
        "name": "HAPPY HOSPITAL",
        "operator:type": "private",
        "source": "OpenGovernmentData"
      },
      "geometry": {
        "type": "Point",
        "coordinates": [
          78.3432363,
          17.4947571
        ]
      },
      "id": "node/6549349841"
    },
    {
      "type": "Feature",
      "properties": {
        "@id": "node/6549350559",
        "addr:city": "Hyderabad",
        "addr:full": "MCK BLOCK 2, NEAR JNTU METRO STATION, Opp. VASANTH NAGAR ARCH, HYDERNAGAR MAIN ROAD, KUKATPALLY",
        "addr:postcode": "500085",
        "addr:state": "Telangana",
        "amenity": "hospital",
        "check_date": "2024-03-16",
        "contact:email": "info@landmarkhospitals.net",
        "contact:phone": "040 45459999 ;+91 7036665051",
        "healthcare": "hospital",
        "name": "Landmark Hospital",
        "operator:type": "private",
        "source": "OpenGovernmentData",
        "website": "https://www.landmarkhospitals.net/"
      },
      "geometry": {
        "type": "Point",
        "coordinates": [
          78.3880024,
          17.4992274
        ]
      },
      "id": "node/6549350559"
    },
    {
      "type": "Feature",
      "properties": {
        "@id": "node/6549358302",
        "addr:city": "Hyderabad",
        "addr:full": "H.No: 6-172, SURDHARSHAN REDDY NAGAR , Opp. AKSHARA SCHOOL, CHINTAL",
        "addr:postcode": "500054",
        "addr:state": "Telangana",
        "amenity": "hospital",
        "contact:phone": "4064559694",
        "name": "NETRA EYE AND MULTI SPECIALITY HOSPITAL",
        "operator:type": "private",
        "source": "OpenGovernmentData"
      },
      "geometry": {
        "type": "Point",
        "coordinates": [
          78.4541658,
          17.4955297
        ]
      },
      "id": "node/6549358302"
    },
    {
      "type": "Feature",
      "properties": {
        "@id": "node/6549358836",
        "addr:district": "Hyderabad",
        "addr:full": "1-8-32/62 & 1-8-32/62/1, Minister Road, Secunderabad",
        "addr:postcode": "500003",
        "addr:state": "Telangana",
        "amenity": "hospital",
        "contact:phone": "040 66023111; 040 66023113",
        "name": "SECUNDERABAD WOMENS HOSPITAL",
        "operator:type": "private",
        "source": "OpenGovernmentData"
      },
      "geometry": {
        "type": "Point",
        "coordinates": [
          78.4803766,
          17.4392005
        ]
      },
      "id": "node/6549358836"
    },
    {
      "type": "Feature",
      "properties": {
        "@id": "node/6549364392",
        "addr:city": "Hyderabad",
        "addr:full": "Plot No: 34, KRISNAVENI NAGAR, Opp. KOTHAPET FRUIT MARKET, NEAR GADDIANNARAM MUNICIPAL OFFICE",
        "addr:postcode": "500034",
        "addr:state": "Telangana",
        "amenity": "hospital",
        "contact:phone": "24050104",
        "healthcare": "hospital",
        "name": "SBR Pulse Hospital",
        "operator:type": "private",
        "source": "OpenGovernmentData"
      },
      "geometry": {
        "type": "Point",
        "coordinates": [
          78.5358068,
          17.3673811
        ]
      },
      "id": "node/6549364392"
    },
    {
      "type": "Feature",
      "properties": {
        "@id": "node/6549366073",
        "addr:city": "Hyderabad",
        "addr:full": "H.No: 8-2-293/82/1/4A, 5A & 6A, MLA COLONY, ROAD NO 12, BANJARA HILLS",
        "addr:postcode": "500034",
        "addr:state": "Telangana",
        "amenity": "hospital",
        "contact:phone": "040 46289999",
        "name": "CITI NEURO CENTER",
        "operator:type": "private",
        "source": "OpenGovernmentData",
        "website": "https://www.citineurocentre.com/"
      },
      "geometry": {
        "type": "Point",
        "coordinates": [
          78.4244857,
          17.4137266
        ]
      },
      "id": "node/6549366073"
    },
    {
      "type": "Feature",
      "properties": {
        "@id": "node/6549371813",
        "addr:city": "Hyderabad",
        "addr:full": "H.No: 18-79, Manikanta Crown Complex, Beside Indian Bank, Chaitanyapuri 'X' Roads, Dilsukhnagar",
        "addr:postcode": "500060",
        "addr:state": "Telangana",
        "amenity": "hospital",
        "contact:phone": "4024059511",
        "healthcare": "hospital",
        "name": "Magnas ENT Hospital",
        "operator:type": "private",
        "source": "OpenGovernmentData"
      },
      "geometry": {
        "type": "Point",
        "coordinates": [
          78.530836,
          17.368126
        ]
      },
      "id": "node/6549371813"
    },
    {
      "type": "Feature",
      "properties": {
        "@id": "node/6549374700",
        "addr:city": "Hyderabad",
        "addr:full": "H.No: 16-8-932/A, SAFA PLAZA, MALAKPET",
        "addr:postcode": "500036",
        "addr:state": "Telangana",
        "amenity": "hospital",
        "healthcare": "hospital",
        "name": "EYE CARE HYDERABAD",
        "operator:type": "private",
        "source": "OpenGovernmentData"
      },
      "geometry": {
        "type": "Point",
        "coordinates": [
          78.4985831,
          17.3739817
        ]
      },
      "id": "node/6549374700"
    },
    {
      "type": "Feature",
      "properties": {
        "@id": "node/6549378688",
        "addr:city": "Hyderabad",
        "addr:full": "Plot No. 56, Sriram Nagar Colony, Karmanghat 'X' Roads",
        "addr:postcode": "500035",
        "addr:state": "Telangana",
        "amenity": "hospital",
        "contact:phone": "040 29803762",
        "healthcare": "hospital",
        "name": "SREE SREYAS HOSPITAL",
        "operator:type": "private",
        "source": "OpenGovernmentData"
      },
      "geometry": {
        "type": "Point",
        "coordinates": [
          78.5292422,
          17.3458905
        ]
      },
      "id": "node/6549378688"
    },
    {
      "type": "Feature",
      "properties": {
        "@id": "node/6549381430",
        "addr:city": "Secunderabad",
        "addr:full": "H.No: 53, MALANI HOUSING COLONY, NEW NEW BOWENPALLY",
        "addr:postcode": "500009",
        "addr:state": "Telangana",
        "amenity": "hospital",
        "contact:phone": "27952288;27952244",
        "name": "SAI GURU RAGHAVENDRA ORTHOPEADIC & MULTISPECIALITY",
        "operator": "Private",
        "source": "OpenGovernmentData"
      },
      "geometry": {
        "type": "Point",
        "coordinates": [
          78.4786342,
          17.4566496
        ]
      },
      "id": "node/6549381430"
    },
    {
      "type": "Feature",
      "properties": {
        "@id": "node/6549400717",
        "addr:city": "Hyderabad",
        "addr:full": "Plot No. 1276, Road No. 63A, Jubilee Hills",
        "addr:postcode": "500033",
        "addr:state": "Telangana",
        "amenity": "hospital",
        "contact:phone": "040 6534448 ;040 23558855 ;040 23552999",
        "healthcare": "hospital",
        "name": "PACIFIC CLINICS (A Unit of Pacific Hospitals Pvt Ltd.)",
        "operator:type": "private",
        "source": "OpenGovernmentData"
      },
      "geometry": {
        "type": "Point",
        "coordinates": [
          78.3715081,
          17.4194759
        ]
      },
      "id": "node/6549400717"
    },
    {
      "type": "Feature",
      "properties": {
        "@id": "node/6549420102",
        "addr:district": "Hyderabad",
        "addr:full": "8-2 698, ROAD NO 12, BANJARA HILLS",
        "addr:postcode": "500034",
        "addr:state": "Telangana",
        "amenity": "hospital",
        "contact:phone": "47807300",
        "name": "STORK HOME FERNANDEZ HOSPITAL",
        "operator:type": "private",
        "source": "OpenGovernmentData"
      },
      "geometry": {
        "type": "Point",
        "coordinates": [
          78.4412871,
          17.4070512
        ]
      },
      "id": "node/6549420102"
    },
    {
      "type": "Feature",
      "properties": {
        "@id": "node/6549431958",
        "addr:city": "Hyderabad",
        "addr:full": "MIG: 304, Beside Global Edge School, Road No. 4, KPHB Colony",
        "addr:postcode": "500072",
        "addr:state": "Telangana",
        "amenity": "hospital",
        "contact:phone": "040 69992025",
        "name": "Baabaji Nethralaya Eye Hospital",
        "operator:type": "private",
        "source": "OpenGovernmentData"
      },
      "geometry": {
        "type": "Point",
        "coordinates": [
          78.3967075,
          17.4910196
        ]
      },
      "id": "node/6549431958"
    },
    {
      "type": "Feature",
      "properties": {
        "@id": "node/6549437828",
        "addr:city": "Hyderabad",
        "addr:full": "Plot No:38/225, Near St. Ann's School, Madinaguda, Miyapur",
        "addr:postcode": "500049",
        "addr:state": "Telangana",
        "amenity": "hospital",
        "contact:phone": "4023048399",
        "name": "MOTHERHOOD FERTILITY CENTRE",
        "operator:type": "private",
        "source": "OpenGovernmentData"
      },
      "geometry": {
        "type": "Point",
        "coordinates": [
          78.3452386,
          17.496072
        ]
      },
      "id": "node/6549437828"
    },
    {
      "type": "Feature",
      "properties": {
        "@id": "node/6549439100",
        "addr:city": "Hyderabad",
        "addr:full": "H.No: 1-30/F, Saraswathi Colony, Near Rajlakshmi Theatre, Beside Uppal Ring Road, Uppal",
        "addr:postcode": "500039",
        "addr:state": "Telangana",
        "amenity": "hospital",
        "contact:phone": "04027202741 ; 04027202742",
        "healthcare": "hospital",
        "name": "SUMITHRA HOSPITALS",
        "operator:type": "private",
        "source": "OpenGovernmentData"
      },
      "geometry": {
        "type": "Point",
        "coordinates": [
          78.559704,
          17.3960244
        ]
      },
      "id": "node/6549439100"
    },
    {
      "type": "Feature",
      "properties": {
        "@id": "node/6549439330",
        "addr:city": "Hyderabad",
        "addr:full": "MIG: 288, Road No: 4, KPHB Colony",
        "addr:postcode": "500085",
        "addr:state": "Telangana",
        "amenity": "hospital",
        "contact:phone": "4048503737",
        "name": "MedWise Hospital (A unit of Chirayu Avigna Healthcare)",
        "operator:type": "private",
        "source": "OpenGovernmentData"
      },
      "geometry": {
        "type": "Point",
        "coordinates": [
          78.396851,
          17.490815
        ]
      },
      "id": "node/6549439330"
    },
    {
      "type": "Feature",
      "properties": {
        "@id": "node/6549440030",
        "addr:city": "Hyderabad",
        "addr:full": "4/32-130, Shapur Nagar, IDA Jeedimetla, Chinthal",
        "addr:postcode": "500055",
        "addr:state": "Telangana",
        "amenity": "hospital",
        "contact:phone": "4023090409",
        "healthcare": "hospital",
        "name": "SAI SIDDHARTHA HOSPITAL",
        "operator:type": "private",
        "source": "OpenGovernmentData"
      },
      "geometry": {
        "type": "Point",
        "coordinates": [
          78.4449886,
          17.5171414
        ]
      },
      "id": "node/6549440030"
    },
    {
      "type": "Feature",
      "properties": {
        "@id": "node/6556728347",
        "addr:district": "Sangareddy",
        "addr:place": "Opp. Mro Office",
        "addr:state": "Telangana",
        "addr:street": "Beside N.H. 9",
        "addr:subdistrict": "Sangareddy",
        "amenity": "hospital",
        "healthcare": "hospital",
        "name": "AREA HOSPITAL PATANCHERU",
        "operational_status": "operational",
        "operator:type": "government",
        "source": "OpenDataTelangana"
      },
      "geometry": {
        "type": "Point",
        "coordinates": [
          78.2667411,
          17.5301584
        ]
      },
      "id": "node/6556728347"
    },
    {
      "type": "Feature",
      "properties": {
        "@id": "node/6559228898",
        "addr:district": "Hyderabad",
        "addr:full": "Main Road, Shapur Nagar, Near RS Brothers, Jeedimetla.",
        "addr:postcode": "500055",
        "addr:state": "Telangana",
        "amenity": "hospital",
        "healthcare": "hospital",
        "name": "Sai Bhavani Super Speciality Hospital",
        "source": "OpenGovernmentData"
      },
      "geometry": {
        "type": "Point",
        "coordinates": [
          78.4473006,
          17.5162813
        ]
      },
      "id": "node/6559228898"
    },
    {
      "type": "Feature",
      "properties": {
        "@id": "node/6559245433",
        "addr:district": "Hyderabad",
        "addr:full": "16-2-705/5/5, Opposite Santhi Fire Works, Malakpet",
        "addr:postcode": "500036",
        "addr:state": "Telangana",
        "amenity": "hospital",
        "fax": "040 24557549",
        "fixme": "Please verify the accurate position of the hospital as I have mapped the facility based on the address provided in Open Government data",
        "healthcare": "hospital",
        "medical_system": "Allopathic",
        "name": "Apollo Emergency Centre",
        "operator:type": "private",
        "phone": "040 24557552",
        "source": "OpenGovernmentData",
        "website": "https://www.apollohospitals.com/"
      },
      "geometry": {
        "type": "Point",
        "coordinates": [
          78.5008469,
          17.3722481
        ]
      },
      "id": "node/6559245433"
    },
    {
      "type": "Feature",
      "properties": {
        "@id": "node/6559309139",
        "addr:district": "Hyderabad",
        "addr:full": "Near Bus Depot, Mehdipatnam",
        "addr:postcode": "500028",
        "addr:state": "Telangana",
        "amenity": "hospital",
        "fixme": "Please verify the accurate position of the hospital as I have mapped the facility based on the address provided in Open Government data",
        "name": "Amrutha Hospital For Health and Fitness",
        "source": "OpenGovernmentData"
      },
      "geometry": {
        "type": "Point",
        "coordinates": [
          78.4406219,
          17.3918869
        ]
      },
      "id": "node/6559309139"
    },
    {
      "type": "Feature",
      "properties": {
        "@id": "node/6559338844",
        "addr:district": "Hyderabad",
        "addr:full": "Near PJR Statue, Rahamath Nagar 'X' Road, Yousufguda",
        "addr:postcode": "500045",
        "addr:state": "Telangana",
        "amenity": "hospital",
        "name": "Pavithra Nursing Home",
        "source": "OpenGovernmentData"
      },
      "geometry": {
        "type": "Point",
        "coordinates": [
          78.4236932,
          17.4401185
        ]
      },
      "id": "node/6559338844"
    },
    {
      "type": "Feature",
      "properties": {
        "@id": "node/6560524869",
        "addr:district": "Hyderabad",
        "addr:full": "15-5-104, Near Afzal Gunj Bus Stop, Osmania General Hospital Premises",
        "addr:postcode": "500012",
        "addr:state": "Telangana",
        "amenity": "hospital",
        "contact:mobile": "9849546995",
        "email": "bloodbank.ogh@gmail.com",
        "healthcare": "blood_bank",
        "name": "Osmania General Hospital's Blood Bank",
        "opening_hours": "24/7",
        "operator:type": "government",
        "phone": "4024600146",
        "source": "OpenGovernmentData"
      },
      "geometry": {
        "type": "Point",
        "coordinates": [
          78.4740262,
          17.3728426
        ]
      },
      "id": "node/6560524869"
    },
    {
      "type": "Feature",
      "properties": {
        "@id": "node/6560815058",
        "addr:district": "Hyderabad",
        "addr:full": "Beside Pandu Ranga Nagar Bus Stop, Moti Nagar",
        "addr:postcode": "500018",
        "addr:state": "Telangana",
        "amenity": "hospital",
        "health_facility:type": "Ambulance Service;Home Visit;Availability of Specialist Doctors;24 hours On Call",
        "healthcare:speciality": "Gynaecologist and Obstetrician;Anethesia's and Critical Care;Neurology;Paediatric;Orthopaedics;Gastroenterology;Cardiology;ENT;Urology;Plastic Surgery;Physiotheraphy",
        "medical_system": "Allopathic",
        "name": "Neelima Hospital",
        "operator:type": "private",
        "phone": "040 65264448;040 23710069",
        "source": "OpenGovernmentData",
        "website": "http://www.neelimahospital.com"
      },
      "geometry": {
        "type": "Point",
        "coordinates": [
          78.4256515,
          17.4562216
        ]
      },
      "id": "node/6560815058"
    },
    {
      "type": "Feature",
      "properties": {
        "@id": "node/6561022554",
        "addr:city": "Hyderabad",
        "addr:state": "Telangana",
        "amenity": "hospital",
        "contact:phone": "040-24523798",
        "name:en": "Princess Esra Hospital",
        "opening_hours": "24/7"
      },
      "geometry": {
        "type": "Point",
        "coordinates": [
          78.4738019,
          17.3568423
        ]
      },
      "id": "node/6561022554"
    },
    {
      "type": "Feature",
      "properties": {
        "@id": "node/6561161964",
        "addr:district": "Hyderabad",
        "addr:full": "8-3-982, Srinagar Colony Main Road, Near Satya Sai Kalyana Mandapam",
        "addr:postcode": "500073",
        "addr:state": "Telangana",
        "amenity": "hospital",
        "name": "Nikhil Hospital",
        "source": "OpenGovernmentData"
      },
      "geometry": {
        "type": "Point",
        "coordinates": [
          78.4370834,
          17.43034
        ]
      },
      "id": "node/6561161964"
    },
    {
      "type": "Feature",
      "properties": {
        "@id": "node/6561169422",
        "addr:district": "Hyderabad",
        "addr:full": "5-5-23/5/13, Near Bachpan Play School, Vanasthalipuram",
        "addr:postcode": "500070",
        "addr:state": "Telangana",
        "amenity": "hospital",
        "healthcare": "hospital",
        "name": "Vijaya Nursing Home - Vanasthalipuram",
        "source": "OpenGovernmentData"
      },
      "geometry": {
        "type": "Point",
        "coordinates": [
          78.5706618,
          17.3349862
        ]
      },
      "id": "node/6561169422"
    },
    {
      "type": "Feature",
      "properties": {
        "@id": "node/6561171891",
        "addr:district": "Hyderabad",
        "addr:full": "Rtc Colony, Trimulgherry",
        "addr:postcode": "500015",
        "addr:state": "Telangana",
        "amenity": "hospital",
        "name": "Vamshi Hospital - Trimulgherry",
        "source": "OpenGovernmentData"
      },
      "geometry": {
        "type": "Point",
        "coordinates": [
          78.5078877,
          17.4711388
        ]
      },
      "id": "node/6561171891"
    },
    {
      "type": "Feature",
      "properties": {
        "@id": "node/6561211170",
        "addr:district": "Hyderabad",
        "addr:full": "Hanuman Towers, Number 9-7-214/1, 215, 217, Maruthi Nagar, Santhosh Nagar Main Road",
        "addr:postcode": "500059",
        "addr:state": "Telangana",
        "amenity": "hospital",
        "contact:mobile": "7702355512",
        "email": "santhoshnagar@dragarwal.com",
        "healthcare": "hospital",
        "healthcare:speciality": "Cataract Surgery;Cornea and Refractive;Retina;Oculoplastic;Glaucoma;Uvea;Neuro Ophthamology;Squint and Pediatric Opthalmology;Lasik",
        "medical_system": "Allopathic",
        "name": "Dr.Agarwal's Eye Hospital - Santhosh Nagar",
        "operator": "Dr. Agarwal's Eye Hospital",
        "operator:type": "private",
        "operator:wikidata": "Q17052044",
        "phone": "040 24535514;040 24535513",
        "source": "OpenGovernmentData",
        "website": "https://www.dragarwal.com/"
      },
      "geometry": {
        "type": "Point",
        "coordinates": [
          78.5081814,
          17.3455135
        ]
      },
      "id": "node/6561211170"
    },
    {
      "type": "Feature",
      "properties": {
        "@id": "node/6561341420",
        "addr:district": "Hyderabad",
        "addr:full": "H .No.: 6-15 & 116, Opp. Chintal Bus Stop, Chintal",
        "addr:postcode": "500054",
        "addr:state": "Telangana",
        "amenity": "hospital",
        "name": "Happy Children Hospital - Chintal",
        "source": "OpenGovernmentData"
      },
      "geometry": {
        "type": "Point",
        "coordinates": [
          78.4523928,
          17.4963994
        ]
      },
      "id": "node/6561341420"
    },
    {
      "type": "Feature",
      "properties": {
        "@id": "node/6562261140",
        "addr:district": "Hyderabad",
        "addr:full": "1-58/7/3, 3rd Floor, Near St Ann's School & Bajaj Electronics, Madinaguda",
        "addr:postcode": "500049",
        "addr:state": "Telangana",
        "amenity": "hospital",
        "name": "Vijaya Hospital",
        "source": "OpenGovernmentData"
      },
      "geometry": {
        "type": "Point",
        "coordinates": [
          78.3461183,
          17.4953327
        ]
      },
      "id": "node/6562261140"
    },
    {
      "type": "Feature",
      "properties": {
        "@id": "node/6562374170",
        "addr:district": "Hyderabad",
        "addr:full": "Venkateshwara Colony, Opp. Central Blood Bank, Narayanaguda",
        "addr:postcode": "500029",
        "addr:state": "Telangana",
        "amenity": "hospital",
        "name": "Sri Venkateshwara Nursing Home - Narayanguda",
        "source": "OpenGovernmentData"
      },
      "geometry": {
        "type": "Point",
        "coordinates": [
          78.4889225,
          17.3944702
        ]
      },
      "id": "node/6562374170"
    },
    {
      "type": "Feature",
      "properties": {
        "@id": "node/6562402576",
        "addr:district": "Hyderabad",
        "addr:full": "4-1-1226, Boggulakunta, King Koti, Abids",
        "addr:postcode": "500001",
        "addr:state": "Telangana",
        "amenity": "hospital",
        "contact:mobile": "94910 68784",
        "email": "life@kaminenifertility.com",
        "fax": "040 24764242",
        "health_facility:type": "Emergency Services and Facilities; Ambulances; Blood Bank",
        "healthcare:speciality": "Assisted Reproductive Technology; Counselling; Cryopreservation Freezing ; Andrology; Pre Implantation Genetic Diagnostics; Diagnostics; Surgical Procedures",
        "medical_system": "Allopathic",
        "name": "Kamineni Fertility Centre",
        "operator:type": "private",
        "phone": "040 2476 7777",
        "source": "OpenGovernmentData",
        "website": "https://www.kaminenifertility.com/"
      },
      "geometry": {
        "type": "Point",
        "coordinates": [
          78.4797553,
          17.3929299
        ]
      },
      "id": "node/6562402576"
    },
    {
      "type": "Feature",
      "properties": {
        "@id": "node/6562454569",
        "addr:district": "Hyderabad",
        "addr:full": "H.No. 19-66/11, Prashanth Nagar, Hi Tension Road, Dr. A.S. Rao Nagar, Kapra",
        "addr:postcode": "500062",
        "addr:state": "Telangana",
        "amenity": "hospital",
        "name": "Asha Hospital",
        "source": "OpenGovernmentData"
      },
      "geometry": {
        "type": "Point",
        "coordinates": [
          78.5580665,
          17.483593
        ]
      },
      "id": "node/6562454569"
    },
    {
      "type": "Feature",
      "properties": {
        "@id": "node/6562677269",
        "addr:district": "Hyderabad",
        "addr:full": "3rd Floor, Millennium Square, Near Commissionerate of Police, Gachibowli",
        "addr:postcode": "500032",
        "addr:state": "Telangana",
        "amenity": "hospital",
        "contact:mobile": "040-69000370",
        "healthcare": "hospital",
        "healthcare:speciality": "Maternity;Gynaecology;Pediatrics;Fertility;Intensive Care;Fetal Care;Cosmetology",
        "medical_system": "Allopathic",
        "name": "Motherhood Clinic",
        "operator:type": "private",
        "source": "OpenGovernmentData"
      },
      "geometry": {
        "type": "Point",
        "coordinates": [
          78.3742265,
          17.4300284
        ]
      },
      "id": "node/6562677269"
    },
    {
      "type": "Feature",
      "properties": {
        "@id": "node/6562751438",
        "addr:district": "Hyderabad",
        "addr:full": "House No. 1-7-39/B, Plot No. 9, Main Road, Temple Alwal, Secunderabad",
        "addr:postcode": "5000010",
        "addr:state": "Telangana",
        "amenity": "hospital",
        "contact:phone": "+91 9652100844",
        "name": "Life Spring Maternity Hospital",
        "source": "OpenGovernmentData",
        "website": "https://www.lifespring.in/"
      },
      "geometry": {
        "type": "Point",
        "coordinates": [
          78.5071749,
          17.5051697
        ]
      },
      "id": "node/6562751438"
    },
    {
      "type": "Feature",
      "properties": {
        "@id": "node/6563028513",
        "addr:district": "Hyderabad",
        "addr:full": "Road No.3, Near S.R.K Puram Bus Stop, Rangareddy",
        "addr:postcode": "500035",
        "addr:state": "Telangana",
        "amenity": "hospital",
        "name": "Susheela Hospital - R.K Puram",
        "source": "OpenGovernmentData"
      },
      "geometry": {
        "type": "Point",
        "coordinates": [
          78.5496034,
          17.3678054
        ]
      },
      "id": "node/6563028513"
    },
    {
      "type": "Feature",
      "properties": {
        "@id": "node/6563250152",
        "addr:district": "Hyderabad",
        "addr:full": "4th Floor, Anushka Pride, Opposite Ratnadeep Supermarket, Road Number 12, Banjara Hills",
        "addr:postcode": "500034",
        "addr:state": "Telangana",
        "amenity": "hospital",
        "fax": "040 6736 9900",
        "health_facility:type": "Intensive Care Unit ICU ;Acute Medical Care unit AMC ;Neonatal Intensive Care Unit NICU ;Pediatric Intensive Care Unit PICU ;Post Operative Ward P O W ;Suite Rooms;Deluxe Rooms;A C and Non A C Cubicle;General Ward for Male and Female",
        "healthcare:speciality": "multi specialty",
        "medical_system": "Allopathic",
        "name": "Omni Hospital - Banjara Hills",
        "operator:type": "private",
        "phone": "040 67369999",
        "source": "OpenGovernmentData",
        "website": "https://www.omnihospitals.in/"
      },
      "geometry": {
        "type": "Point",
        "coordinates": [
          78.4428254,
          17.4074076
        ]
      },
      "id": "node/6563250152"
    },
    {
      "type": "Feature",
      "properties": {
        "@id": "node/6563256137",
        "addr:district": "Hyderabad",
        "addr:full": "#16-11-477/7 to 26, Chikoti Green Building, Opp. Kamala Hospital, Gaddiannaram, Dilsukhnagar",
        "addr:postcode": "500060",
        "addr:state": "Telangana",
        "amenity": "hospital",
        "email": "Dilsukhnagar@dragarwal.com",
        "healthcare": "hospital",
        "healthcare:speciality": "Cataract Surgery;Cornea and Refractive;Retina;Oculoplastic;Glaucoma;Uvea;Neuro Ophthamology;Squint and Pediatric Opthalmology;Lasik",
        "medical_system": "Allopathic",
        "name": "Dr.Agarwal's Eye Hospital - Dilsukhnagar",
        "operator:type": "private",
        "phone": "040-42209153 ; 07702355510",
        "source": "OpenGovernmentData",
        "website": "https://www.dragarwal.com/"
      },
      "geometry": {
        "type": "Point",
        "coordinates": [
          78.5224923,
          17.3690898
        ]
      },
      "id": "node/6563256137"
    },
    {
      "type": "Feature",
      "properties": {
        "@id": "node/6566862238",
        "addr:district": "Hyderabad",
        "addr:full": "7-4-25/S/N, Beside IOC Petrol Pump, Sagar Road",
        "addr:postcode": "500074",
        "addr:state": "Telangana",
        "amenity": "hospital",
        "fixme": "Please verify the accurate position of the hospital as I have mapped the facility based on the address provided in Open Data Government",
        "name": "S.S Multi Speciality Hospital",
        "source": "OpenGovernmentData"
      },
      "geometry": {
        "type": "Point",
        "coordinates": [
          78.5507843,
          17.3369525
        ]
      },
      "id": "node/6566862238"
    },
    {
      "type": "Feature",
      "properties": {
        "@id": "node/6567311932",
        "addr:district": "Hyderabad",
        "addr:full": "5-4-446, Nampally Station Road, Abids",
        "addr:postcode": "500001",
        "addr:state": "Telangana",
        "amenity": "hospital",
        "fixme": "Please verify the accurate position of the hospital as I have mapped the facility based on the address provided in Open Government data",
        "name": "Jayanti Maternity and Nursing Home",
        "source": "OpenGovernmentData"
      },
      "geometry": {
        "type": "Point",
        "coordinates": [
          78.4734696,
          17.3893491
        ]
      },
      "id": "node/6567311932"
    },
    {
      "type": "Feature",
      "properties": {
        "@id": "node/6567338346",
        "addr:district": "Hyderabad",
        "addr:full": "4-7-75, Opposite Indian Petrol Pump, Habsiguda 'X' Roads",
        "addr:state": "Telangana",
        "amenity": "hospital",
        "fixme": "Please verify the accurate position of the hospital as I have mapped the facility based on the address provided in Open Data Government",
        "name": "Whitus Hospital (A Unit Of Sri Shikhara Hospitals India Pvt Ltd)",
        "source": "OpenGovernmentData"
      },
      "geometry": {
        "type": "Point",
        "coordinates": [
          78.5420912,
          17.4186403
        ]
      },
      "id": "node/6567338346"
    },
    {
      "type": "Feature",
      "properties": {
        "@id": "node/6573966514",
        "addr:district": "Hyderabad",
        "addr:full": "16-2-741/D/5, BESIDE T.V TOWER, MOOSARAMBAGH X ROAD, MALAKPET",
        "addr:postcode": "500036",
        "addr:state": "Telangana",
        "amenity": "hospital",
        "contact:phone": "8466996364 ; 8466996365",
        "email": "safechildrenhospital@gmail.com",
        "healthcare": "hospital",
        "name": "SAFE CHLIDRENS HOSPITAL",
        "operator:type": "private",
        "source": "OpenGovernmentData",
        "website": "http://www.safechildrenshospital.com"
      },
      "geometry": {
        "type": "Point",
        "coordinates": [
          78.5142714,
          17.3696696
        ]
      },
      "id": "node/6573966514"
    },
    {
      "type": "Feature",
      "properties": {
        "@id": "node/6652963085",
        "amenity": "hospital",
        "healthcare": "hospital",
        "name": "Royal Ear, Nose and Throat (ENT) Hospital",
        "name:te": "రాయల్ ఇయర్, నోస్ అండ్ థ్రోట్ (ఈఎన్టీ) హాస్పిటల్"
      },
      "geometry": {
        "type": "Point",
        "coordinates": [
          78.482281,
          17.385132
        ]
      },
      "id": "node/6652963085"
    },
    {
      "type": "Feature",
      "properties": {
        "@id": "node/6779797471",
        "addr:city": "hyderabad",
        "addr:housenumber": "16-9-603",
        "addr:postcode": "500036",
        "amenity": "hospital",
        "healthcare": "hospital",
        "healthcare:speciality": "surgery",
        "name": "Dr.syed Ajaz hussain & Dr.syed mumtaz hussain"
      },
      "geometry": {
        "type": "Point",
        "coordinates": [
          78.4996403,
          17.3774807
        ]
      },
      "id": "node/6779797471"
    },
    {
      "type": "Feature",
      "properties": {
        "@id": "node/6811748985",
        "addr:district": "Ranga Reddy",
        "addr:full": "Sagar Ring Road, Near Bairamalguda Bus stop, Karmanghat, Hyderabad",
        "addr:postcode": "500079",
        "addr:state": "Telangana",
        "amenity": "hospital",
        "name": "Apex Hospital",
        "source": "OpenGovernmentData"
      },
      "geometry": {
        "type": "Point",
        "coordinates": [
          78.541484,
          17.3429186
        ]
      },
      "id": "node/6811748985"
    },
    {
      "type": "Feature",
      "properties": {
        "@id": "node/6811748990",
        "addr:district": "Hyderabad",
        "addr:full": "No:, H 11/C,Vengal Rao Nagar, beside tempteys, Sanjeeva Reddy Nagar",
        "addr:postcode": "500038",
        "addr:state": "Telangana",
        "amenity": "hospital",
        "name": "Shiva Homoeo Stores and clinic",
        "source": "OpenGovernmentData"
      },
      "geometry": {
        "type": "Point",
        "coordinates": [
          78.440725,
          17.442029
        ]
      },
      "id": "node/6811748990"
    },
    {
      "type": "Feature",
      "properties": {
        "@id": "node/6811748994",
        "addr:district": "Ranga Reddy",
        "addr:full": "H. No. 5-1/99/A/B, Near Padmasree Gardens, Gowli Doddi, Hyderabad",
        "addr:postcode": "500032",
        "addr:state": "Telangana",
        "amenity": "hospital",
        "contact:mobile": "7337456268",
        "email": "info@srijahospitals.com",
        "name": "Srija Hospital",
        "source": "OpenGovernmentData",
        "website": "https://srijahospitals.com/"
      },
      "geometry": {
        "type": "Point",
        "coordinates": [
          78.3240814,
          17.4279239
        ]
      },
      "id": "node/6811748994"
    },
    {
      "type": "Feature",
      "properties": {
        "@id": "node/6811749001",
        "addr:district": "Medchal Malkajgiri",
        "addr:full": "MIG: 487, Road No. 3, Near MeeSeva, KPHB Colony, Hyderabad",
        "addr:postcode": "500072",
        "addr:state": "Telangana",
        "amenity": "hospital",
        "check_date": "2024-03-16",
        "name": "Madhusudhan Hospital",
        "source": "OpenGovernmentData"
      },
      "geometry": {
        "type": "Point",
        "coordinates": [
          78.39696,
          17.488394
        ]
      },
      "id": "node/6811749001"
    },
    {
      "type": "Feature",
      "properties": {
        "@id": "node/6811749004",
        "addr:district": "Medchal Malkajgiri",
        "addr:full": "Near SS Medical & General Store, Apiic Colony,IDA Jeedimetla",
        "addr:postcode": "500055",
        "addr:state": "Telangana",
        "amenity": "hospital",
        "healthcare": "hospital",
        "name": "Lions Club Of Hyderabad Multi Speciality Hospital",
        "source": "OpenGovernmentData"
      },
      "geometry": {
        "type": "Point",
        "coordinates": [
          78.4427883,
          17.5198207
        ]
      },
      "id": "node/6811749004"
    },
    {
      "type": "Feature",
      "properties": {
        "@id": "node/6811749014",
        "addr:district": "Hyderabad",
        "addr:full": "Vinayak Nagar, Balanagar",
        "addr:postcode": "500042",
        "addr:state": "Telangana",
        "amenity": "hospital",
        "name": "Vijaylaxmi Maternity Hospital",
        "source": "OpenGovernmentData"
      },
      "geometry": {
        "type": "Point",
        "coordinates": [
          78.4576658,
          17.468492
        ]
      },
      "id": "node/6811749014"
    },
    {
      "type": "Feature",
      "properties": {
        "@id": "node/6811749023",
        "addr:district": "Hyderabad",
        "addr:full": "Opposite Sai Baba Temple, Beside United Bank of India, Jeedimetla, Suraram",
        "addr:state": "Telangana",
        "amenity": "hospital",
        "name": "Health Care General Hospital",
        "source": "OpenGovernmentData"
      },
      "geometry": {
        "type": "Point",
        "coordinates": [
          78.433749,
          17.539151
        ]
      },
      "id": "node/6811749023"
    },
    {
      "type": "Feature",
      "properties": {
        "@id": "node/6811749024",
        "addr:district": "Medchal Malkajgiri",
        "addr:full": "16-11-511/D/16, Shalivahana Nagar, Near Bhashyam School Dilsukhnagar",
        "addr:postcode": "500036",
        "addr:state": "Telangana",
        "amenity": "hospital",
        "contact:phone": "040 30091234",
        "healthcare": "hospital",
        "name": "Amma Hospitals",
        "source": "OpenGovernmentData"
      },
      "geometry": {
        "type": "Point",
        "coordinates": [
          78.522991,
          17.372487
        ]
      },
      "id": "node/6811749024"
    },
    {
      "type": "Feature",
      "properties": {
        "@id": "node/6811749029",
        "addr:district": "Ranga Reddy",
        "addr:full": "Near Gandhi Statue, Saroornagar Cross Roads, Hyderabad",
        "addr:postcode": "500035",
        "addr:state": "Telangana",
        "amenity": "hospital",
        "name": "Saroornagar Hospital",
        "source": "OpenGovernmentData"
      },
      "geometry": {
        "type": "Point",
        "coordinates": [
          78.532407,
          17.354892
        ]
      },
      "id": "node/6811749029"
    },
    {
      "type": "Feature",
      "properties": {
        "@id": "node/6811749031",
        "addr:district": "Medchal Malkajgiri",
        "addr:full": "Kamala Nagar, Lane opp. To Pulla Reddy Sweets, Dilsukhnagar",
        "addr:postcode": "500060",
        "addr:state": "Telangana",
        "amenity": "hospital",
        "healthcare": "hospital",
        "name": "Srihitha Hospital",
        "source": "OpenGovernmentData"
      },
      "geometry": {
        "type": "Point",
        "coordinates": [
          78.529654,
          17.367644
        ]
      },
      "id": "node/6811749031"
    },
    {
      "type": "Feature",
      "properties": {
        "@id": "node/6811749045",
        "addr:district": "Hyderabad",
        "addr:full": "Opp. Majestic Garden, Daulat Gulshan Colony, Toli Chowki",
        "addr:postcode": "500008",
        "addr:state": "Telangana",
        "amenity": "hospital",
        "name": "Hayatt Hospital",
        "opening_hours": "24/7",
        "source": "OpenGovernmentData"
      },
      "geometry": {
        "type": "Point",
        "coordinates": [
          78.4124091,
          17.4012253
        ]
      },
      "id": "node/6811749045"
    },
    {
      "type": "Feature",
      "properties": {
        "@id": "node/6811749047",
        "addr:district": "Hyderabad",
        "addr:full": "Shop No.2, Yaseen Complex, Opposite Chennai Shopping Mall, Ameerpet",
        "addr:state": "Telangana",
        "amenity": "hospital",
        "name": "Gutta Eye Clinic",
        "source": "OpenGovernmentData"
      },
      "geometry": {
        "type": "Point",
        "coordinates": [
          78.4461388,
          17.4329564
        ]
      },
      "id": "node/6811749047"
    },
    {
      "type": "Feature",
      "properties": {
        "@id": "node/6811749053",
        "addr:district": "Medchal Malkajgiri",
        "addr:full": "266, Near Geethanjali Talent, School, Vivekananda Nagar, Kukatpally",
        "addr:postcode": "500072",
        "addr:state": "Telangana",
        "amenity": "hospital",
        "name": "Apple Diagnostic & Medical Centre, Kukatpally",
        "source": "OpenGovernmentData"
      },
      "geometry": {
        "type": "Point",
        "coordinates": [
          78.4096964,
          17.493087
        ]
      },
      "id": "node/6811749053"
    },
    {
      "type": "Feature",
      "properties": {
        "@id": "node/6811749059",
        "addr:district": "Sanga Reddy",
        "addr:full": "Mallikarjuna Nagar,near Beerumguda Kaman, BesideKrishna Reddy Sweet Lane,Beerumguda, RC Puram",
        "addr:postcode": "502032",
        "addr:state": "Telangana",
        "amenity": "hospital",
        "contact:mobile": "7095685678",
        "healthcare": "hospital",
        "name": "RM Hospital",
        "source": "OpenGovernmentData"
      },
      "geometry": {
        "type": "Point",
        "coordinates": [
          78.2998532,
          17.5101637
        ]
      },
      "id": "node/6811749059"
    },
    {
      "type": "Feature",
      "properties": {
        "@id": "node/6811749062",
        "addr:district": "Hyderabad",
        "addr:full": "5-120/2, Opposite Sha SHAhensha Theatre, HMT Road, Chintal",
        "addr:state": "Telangana",
        "amenity": "hospital",
        "name": "Alavi Hospital",
        "source": "OpenGovernmentData"
      },
      "geometry": {
        "type": "Point",
        "coordinates": [
          78.451227,
          17.492517
        ]
      },
      "id": "node/6811749062"
    },
    {
      "type": "Feature",
      "properties": {
        "@id": "node/6811749066",
        "addr:city": "Hyderabad",
        "addr:district": "Medchal Malkajgiri",
        "addr:full": "Near Panchaseela School, Patel Nagar, Moosapet",
        "addr:postcode": "500018",
        "addr:state": "Telangana",
        "amenity": "hospital",
        "name": "Chaitanya Hospital",
        "operator:type": "Private",
        "source": "OpenGovernmentData"
      },
      "geometry": {
        "type": "Point",
        "coordinates": [
          78.4256774,
          17.4694418
        ]
      },
      "id": "node/6811749066"
    },
    {
      "type": "Feature",
      "properties": {
        "@id": "node/6811749070",
        "addr:district": "Hyderabad",
        "addr:full": "H.No: 6-3-1106/1/A, Near HSBC BANK, Raj Bhavan Road, Somajiguda",
        "addr:state": "Telangana",
        "amenity": "hospital",
        "name": "ZOI Hospital",
        "operator:type": "Private",
        "source": "OpenGovernmentData"
      },
      "geometry": {
        "type": "Point",
        "coordinates": [
          78.4573355,
          17.4277736
        ]
      },
      "id": "node/6811749070"
    },
    {
      "type": "Feature",
      "properties": {
        "@id": "node/6811749075",
        "addr:city": "Hyderabad",
        "addr:district": "Ranga Reddy",
        "addr:full": "Vydehi Nagar, Opp. Sri Indu PG College,Vanasthalipuram",
        "addr:postcode": "500070",
        "addr:state": "Telangana",
        "amenity": "hospital",
        "contact:mobile": "8885011321",
        "name": "Nadipathy Hospital",
        "source": "OpenGovernmentData",
        "website": "http://www.nadipathy.in/"
      },
      "geometry": {
        "type": "Point",
        "coordinates": [
          78.568712,
          17.321219
        ]
      },
      "id": "node/6811749075"
    },
    {
      "type": "Feature",
      "properties": {
        "@id": "node/6811749082",
        "addr:district": "Hyderabad",
        "addr:full": "ROAD NO.1, Near Vasan Dental Care, KPHB",
        "addr:state": "Telangana",
        "amenity": "hospital",
        "check_date": "2024-03-16",
        "contact:mobile": "9100962721",
        "name": "Trichos Skin Care",
        "operator:type": "Private",
        "source": "OpenGovernmentData"
      },
      "geometry": {
        "type": "Point",
        "coordinates": [
          78.4006671,
          17.4889369
        ]
      },
      "id": "node/6811749082"
    },
    {
      "type": "Feature",
      "properties": {
        "@id": "node/6811749084",
        "addr:district": "Medchal Malkajgiri",
        "addr:full": "Jeedimetla Main Road, Sudershan Reddy Nagar, Quthbullapur, Opp Chintal Bus Stop",
        "addr:postcode": "500055",
        "addr:state": "Telangana",
        "amenity": "hospital",
        "contact:mobile": "9912186174",
        "name": "Harsha Dental Dantam Network Dental Hospitals",
        "source": "OpenGovernmentData",
        "website": "https://dantamclinics.com/"
      },
      "geometry": {
        "type": "Point",
        "coordinates": [
          78.4524391,
          17.4958036
        ]
      },
      "id": "node/6811749084"
    },
    {
      "type": "Feature",
      "properties": {
        "@id": "node/6811749093",
        "addr:district": "Hyderabad",
        "addr:full": "8-1-299/A/104, Lane Beside Ice Cream Parlour, Madura Hills Colony, Near Bharat Gas, Shaikpet",
        "addr:postcode": "500008",
        "addr:state": "Telangana",
        "amenity": "hospital",
        "contact:mobile": "9666611110",
        "name": "JBI Hospital",
        "source": "OpenGovernmentData"
      },
      "geometry": {
        "type": "Point",
        "coordinates": [
          78.4007023,
          17.4092386
        ]
      },
      "id": "node/6811749093"
    },
    {
      "type": "Feature",
      "properties": {
        "@id": "node/6811749096",
        "addr:district": "Medchal Malkajgiri",
        "addr:full": "Mig-327, Road No 4, Opp. ENT Clinic, Kphb Colony",
        "addr:postcode": "500072",
        "addr:state": "Telangana",
        "amenity": "hospital",
        "check_date": "2024-03-16",
        "name": "J.K. Hospital",
        "source": "OpenGovernmentData"
      },
      "geometry": {
        "type": "Point",
        "coordinates": [
          78.3979717,
          17.4933988
        ]
      },
      "id": "node/6811749096"
    },
    {
      "type": "Feature",
      "properties": {
        "@id": "node/6811749113",
        "addr:district": "Hyderabad",
        "addr:full": "CRPF Colony, Chandrayangutta",
        "addr:postcode": "500005",
        "addr:state": "Telangana",
        "amenity": "hospital",
        "contact:mobile": "9849251570",
        "name": "Bakoban Hospital",
        "source": "OpenGovernmentData",
        "website": "http://www.bakobanhospital.com"
      },
      "geometry": {
        "type": "Point",
        "coordinates": [
          78.4801,
          17.322434
        ]
      },
      "id": "node/6811749113"
    },
    {
      "type": "Feature",
      "properties": {
        "@id": "node/6811749114",
        "addr:district": "Hyderabad",
        "addr:full": "1-11-240/2D, Shyamalal Building, Near Ganesh Temple,Begumpet",
        "addr:state": "Telangana",
        "amenity": "hospital",
        "name": "Sri Sai Rama Clinic",
        "source": "survey"
      },
      "geometry": {
        "type": "Point",
        "coordinates": [
          78.4617537,
          17.4452339
        ]
      },
      "id": "node/6811749114"
    },
    {
      "type": "Feature",
      "properties": {
        "@id": "node/6811749118",
        "addr:district": "Hyderabad",
        "addr:full": "19-1-837, Near Vazir Ali Masjid , Doodh Bowli",
        "addr:postcode": "500064",
        "addr:state": "Telangana",
        "amenity": "hospital",
        "name": "Medicare Hospital",
        "source": "OpenGovernmentData"
      },
      "geometry": {
        "type": "Point",
        "coordinates": [
          78.4636083,
          17.3554702
        ]
      },
      "id": "node/6811749118"
    },
    {
      "type": "Feature",
      "properties": {
        "@id": "node/6811749120",
        "addr:district": "Ranga Reddy",
        "addr:full": "Near Pillar No.318, Aramghar X Road, Sivarampalli, Hyderabad",
        "addr:postcode": "500052",
        "addr:state": "Telangana",
        "amenity": "hospital",
        "contact:mobile": "9848812008",
        "name": "Sri Lakshmi Hospital",
        "source": "OpenGovernmentData"
      },
      "geometry": {
        "type": "Point",
        "coordinates": [
          78.4307242,
          17.3222518
        ]
      },
      "id": "node/6811749120"
    },
    {
      "type": "Feature",
      "properties": {
        "@id": "node/6811749127",
        "addr:district": "Medchal Malkajgiri",
        "addr:full": "National Highway 44, Opp.Canton Residential Township, NCL Enclave South, Jeedimetla",
        "addr:postcode": "500015",
        "addr:state": "Telangana",
        "amenity": "hospital",
        "contact:mobile": "8886668026",
        "name": "Suraksha Women And Children Hospital",
        "source": "OpenGovernmentData"
      },
      "geometry": {
        "type": "Point",
        "coordinates": [
          78.480475,
          17.517046
        ]
      },
      "id": "node/6811749127"
    },
    {
      "type": "Feature",
      "properties": {
        "@id": "node/6811749130",
        "addr:district": "Ranga Reddy",
        "addr:full": "P V N R Expressway Pillar No.316, Aramghar X Road, Rajendra Nagar, Hyderabad",
        "addr:postcode": "500052",
        "addr:state": "Telangana",
        "amenity": "hospital",
        "name": "Sujatha Hospital",
        "source": "OpenGovernmentData"
      },
      "geometry": {
        "type": "Point",
        "coordinates": [
          78.4305647,
          17.3223098
        ]
      },
      "id": "node/6811749130"
    },
    {
      "type": "Feature",
      "properties": {
        "@id": "node/6811749132",
        "addr:district": "Sanga Reddy",
        "addr:full": "Mallikarjun Nagar,Beeramguda, NH 9, Near Vijetha Supermarket",
        "addr:postcode": "502032",
        "addr:state": "Telangana",
        "amenity": "hospital",
        "contact:mobile": "9652286688",
        "healthcare": "hospital",
        "name": "Eureka Hospital",
        "source": "OpenGovernmentData"
      },
      "geometry": {
        "type": "Point",
        "coordinates": [
          78.299367,
          17.509869
        ]
      },
      "id": "node/6811749132"
    },
    {
      "type": "Feature",
      "properties": {
        "@id": "node/6811749133",
        "addr:district": "Medchal Malkajgiri",
        "addr:full": "Lane Beside Cake Walk Bakery, Pragathi Nagar, Moosapet, Hyderabad",
        "addr:postcode": "500072",
        "addr:state": "Telangana",
        "amenity": "hospital",
        "name": "Vasundhara Hospital",
        "opening_hours": "24/7",
        "source": "OpenGovernmentData"
      },
      "geometry": {
        "type": "Point",
        "coordinates": [
          78.421673,
          17.473479
        ]
      },
      "id": "node/6811749133"
    },
    {
      "type": "Feature",
      "properties": {
        "@id": "node/6811749134",
        "addr:district": "Hyderabad",
        "addr:full": "13-6-148, Near Quba Masjid, Rock Hill Colony, Toli Chowki, Mehdipatnam",
        "addr:postcode": "500028",
        "addr:state": "Telangana",
        "amenity": "hospital",
        "name": "Salamah Hospital",
        "source": "OpenGovernmentData"
      },
      "geometry": {
        "type": "Point",
        "coordinates": [
          78.4264492,
          17.3921804
        ]
      },
      "id": "node/6811749134"
    },
    {
      "type": "Feature",
      "properties": {
        "@id": "node/6811749139",
        "addr:city": "Hyderabad",
        "addr:district": "Medchal Malkajgiri",
        "addr:full": "Opp. Andhra Bank, Beside Sangeetha Mobiles, Moosapet 'X' Road",
        "addr:postcode": "500018",
        "addr:state": "Telangana",
        "amenity": "hospital",
        "contact:mobile": "9390113366",
        "name": "Aradhya Multi Speciality Hospital",
        "operator:type": "Private",
        "source": "OpenGovernmentData"
      },
      "geometry": {
        "type": "Point",
        "coordinates": [
          78.4275318,
          17.4691677
        ]
      },
      "id": "node/6811749139"
    },
    {
      "type": "Feature",
      "properties": {
        "@id": "node/6811749141",
        "addr:district": "Medchal Malkajgiri",
        "addr:full": "Behind Chintal Bus Stop, Sudharshan Reddy Nagar, Qutubullapur, Dwarakapuri Colony",
        "addr:postcode": "500055",
        "addr:state": "Telangana",
        "amenity": "hospital",
        "name": "Raman Hospital",
        "source": "OpenGovernmentData"
      },
      "geometry": {
        "type": "Point",
        "coordinates": [
          78.4532466,
          17.4956577
        ]
      },
      "id": "node/6811749141"
    },
    {
      "type": "Feature",
      "properties": {
        "@id": "node/6811749142",
        "addr:district": "Hyderabad",
        "addr:full": "231A, Ground Floor, Simhapuri Mansion, Beside ICICI Bank, Vengalrao nagar, Kalyan Nagar Phase I",
        "addr:postcode": "500038",
        "addr:state": "Telangana",
        "amenity": "hospital",
        "name": "Skorts Multi Speciality Clinics",
        "source": "OpenGovernmentData"
      },
      "geometry": {
        "type": "Point",
        "coordinates": [
          78.434617,
          17.443615
        ]
      },
      "id": "node/6811749142"
    },
    {
      "type": "Feature",
      "properties": {
        "@id": "node/6811749143",
        "addr:district": "Hyderabad",
        "addr:full": "9-4-87/8/10, MD Lines, Moti Darwaza Road, Minar Colony, Tolichowki",
        "addr:postcode": "500008",
        "addr:state": "Telangana",
        "amenity": "hospital",
        "contact:mobile": "8106000511",
        "healthcare": "hospital",
        "name": "IBM Hospital",
        "source": "OpenGovernmentData"
      },
      "geometry": {
        "type": "Point",
        "coordinates": [
          78.4175241,
          17.3957352
        ]
      },
      "id": "node/6811749143"
    },
    {
      "type": "Feature",
      "properties": {
        "@id": "node/6811749144",
        "addr:district": "Ranga Reddy",
        "addr:full": "Ismail Nagar, Chandrayangutta, Hyderabad",
        "addr:postcode": "500005",
        "addr:state": "Telangana",
        "amenity": "hospital",
        "name": "Al Madina General Hospital",
        "source": "OpenGovernmentData"
      },
      "geometry": {
        "type": "Point",
        "coordinates": [
          78.4683878,
          17.3058624
        ]
      },
      "id": "node/6811749144"
    },
    {
      "type": "Feature",
      "properties": {
        "@id": "node/6811749146",
        "addr:district": "Hyderabad",
        "addr:full": "ADARSH NAGAR, OPPOOSITE TO GULMOHAR PARK, Serilingampally",
        "addr:state": "Telangana",
        "amenity": "hospital",
        "healthcare": "hospital",
        "name": "Shreya Hospitals",
        "operator:type": "private",
        "source": "OpenGovernmentData"
      },
      "geometry": {
        "type": "Point",
        "coordinates": [
          78.3202454,
          17.4795083
        ]
      },
      "id": "node/6811749146"
    },
    {
      "type": "Feature",
      "properties": {
        "@id": "node/6811749148",
        "addr:district": "Hyderabad",
        "addr:full": "Opp. Aditya Hospital, Beside Petrol Bunk Lane , Uppal",
        "addr:state": "Telangana",
        "amenity": "hospital",
        "contact:mobile": "9246542348",
        "contact:phone": "040 64552348",
        "name": "Lakshmi Priya Nursing",
        "source": "OpenGovernmentData"
      },
      "geometry": {
        "type": "Point",
        "coordinates": [
          78.5741446,
          17.4028303
        ]
      },
      "id": "node/6811749148"
    },
    {
      "type": "Feature",
      "properties": {
        "@id": "node/6811749151",
        "addr:district": "Medchal Malkajgiri",
        "addr:full": "2-6-71/A, Bharath Nagar Colony, Near Masjid, Uppal",
        "addr:postcode": "500039",
        "addr:state": "Telangana",
        "amenity": "hospital",
        "name": "SKIMS Hospital",
        "source": "OpenGovernmentData"
      },
      "geometry": {
        "type": "Point",
        "coordinates": [
          78.5670163,
          17.4023438
        ]
      },
      "id": "node/6811749151"
    },
    {
      "type": "Feature",
      "properties": {
        "@id": "node/6811749152",
        "addr:district": "Hyderabad",
        "addr:full": "7-4-194, Ferozguda, Balanagar",
        "addr:postcode": "500011",
        "addr:state": "Telangana",
        "amenity": "hospital",
        "email": "rmobbrhospital@gmail.com",
        "emergency": "yes",
        "healthcare": "hospital",
        "name": "బిబిఆర్ సూపర్ స్పెషలిటీ హాస్పిటల్",
        "name:en": "BBR Super Speciality Hospital",
        "name:te": "బిబిఆర్ సూపర్ స్పెషలిటీ హాస్పిటల్",
        "phone": "040-2377 9999",
        "source": "OpenGovernmentData",
        "website": "www.bbrhospitals.com"
      },
      "geometry": {
        "type": "Point",
        "coordinates": [
          78.4571122,
          17.4642455
        ]
      },
      "id": "node/6811749152"
    },
    {
      "type": "Feature",
      "properties": {
        "@id": "node/6811749160",
        "addr:district": "Ranga Reddy",
        "addr:full": "Plot No. 91, Panchayat Raj Teachers Colony, Hastinapuram, Hyderabad",
        "addr:postcode": "500079",
        "addr:state": "Telangana",
        "amenity": "hospital",
        "contact:mobile": "7075747574",
        "name": "Sri Nitya Hospital",
        "source": "OpenGovernmentData"
      },
      "geometry": {
        "type": "Point",
        "coordinates": [
          78.556886,
          17.324086
        ]
      },
      "id": "node/6811749160"
    },
    {
      "type": "Feature",
      "properties": {
        "@id": "node/6811749178",
        "addr:city": "Hyderabad",
        "addr:district": "Ranga Reddy",
        "addr:full": "MIG -235, Government Hospital Rod, Phase 4, TV Colony, Vanasthalipuram",
        "addr:postcode": "500079",
        "addr:state": "Telangana",
        "amenity": "hospital",
        "contact:mobile": "9246209171",
        "name": "Sakhi Hospital",
        "source": "OpenGovernmentData"
      },
      "geometry": {
        "type": "Point",
        "coordinates": [
          78.5645447,
          17.3293045
        ]
      },
      "id": "node/6811749178"
    },
    {
      "type": "Feature",
      "properties": {
        "@id": "node/6811749180",
        "addr:district": "Medchal Malkajgiri",
        "addr:full": "H.No. 5-126/1, Opp. Taruni Auto Works, Chandanagar",
        "addr:postcode": "500050",
        "addr:state": "Telangana",
        "amenity": "hospital",
        "healthcare": "hospital",
        "name": "Archana Multi Speciality Hospital",
        "source": "OpenGovernmentData"
      },
      "geometry": {
        "type": "Point",
        "coordinates": [
          78.3209211,
          17.4934982
        ]
      },
      "id": "node/6811749180"
    },
    {
      "type": "Feature",
      "properties": {
        "@id": "node/6811749182",
        "addr:district": "Hyderabad",
        "addr:full": "H.No: 7-78/1, Madhura Puri, Konark Theatre Lane, P & T Colony Road, Dilsukhnagar",
        "addr:state": "Telangana",
        "amenity": "hospital",
        "contact:mobile": "8341966249",
        "healthcare": "hospital",
        "name": "SAI RAM MULTI SPECIALITY HOSPITAL (ARK HEALTH CARE PVT LTD)",
        "operator:type": "private",
        "source": "OpenGovernmentData"
      },
      "geometry": {
        "type": "Point",
        "coordinates": [
          78.5255259,
          17.3659362
        ]
      },
      "id": "node/6811749182"
    },
    {
      "type": "Feature",
      "properties": {
        "@id": "node/6822125026",
        "addr:district": "Medchal Malkajgiri",
        "addr:full": "Mig-233, 3rd Road, Beside, Near Sri Sri VOC Jr. College, Kphb Main Road",
        "addr:postcode": "500072",
        "addr:state": "Telangana",
        "amenity": "hospital",
        "check_date": "2024-03-16",
        "healthcare": "hospital",
        "name": "SRU Facture & Plastic Surgery",
        "source": "OpenGovernmentData"
      },
      "geometry": {
        "type": "Point",
        "coordinates": [
          78.3995332,
          17.4942384
        ]
      },
      "id": "node/6822125026"
    },
    {
      "type": "Feature",
      "properties": {
        "@id": "node/6830806688",
        "addr:district": "Hyderabad",
        "addr:full": "NH-65, Gangaram, Chandanagar",
        "addr:postcode": "500050",
        "addr:state": "Telangana",
        "amenity": "hospital",
        "healthcare": "hospital",
        "name": "Gangaram Community Hall Health Sub Center",
        "source": "OpenGovernmentData"
      },
      "geometry": {
        "type": "Point",
        "coordinates": [
          78.3296853,
          17.4944955
        ]
      },
      "id": "node/6830806688"
    },
    {
      "type": "Feature",
      "properties": {
        "@id": "node/6846152947",
        "addr:district": "Hyderabad",
        "addr:place": "Karwan",
        "addr:state": "Telangana",
        "addr:street": "Pannipura",
        "addr:subdistrict": "Asif Nagar",
        "amenity": "hospital",
        "healthcare": "hospital",
        "name": "Community Health Centre, Panipura",
        "operational_status": "operational",
        "operator:type": "government",
        "source": "OpenDataTelangana"
      },
      "geometry": {
        "type": "Point",
        "coordinates": [
          78.446451,
          17.3732371
        ]
      },
      "id": "node/6846152947"
    },
    {
      "type": "Feature",
      "properties": {
        "@id": "node/6846152948",
        "addr:district": "Hyderabad",
        "addr:full": "8-3-168 / M/ 12 KALYAN NAGAR, RAJEEV NAGAR X ROAD",
        "addr:state": "Telangana",
        "amenity": "hospital",
        "name": "SHREYA HOSPITAL",
        "operator:type": "Private",
        "source": "OpenGovernmentData"
      },
      "geometry": {
        "type": "Point",
        "coordinates": [
          78.4235564,
          17.4509475
        ]
      },
      "id": "node/6846152948"
    },
    {
      "type": "Feature",
      "properties": {
        "@id": "node/6846423887",
        "addr:district": "Hyderabad",
        "addr:full": "Plot No: 3-1-171 SNEHAPURI COLONY, MOTI NAGAR",
        "addr:state": "Telangana",
        "amenity": "hospital",
        "name": "DR NAVEEN REDDYS GENERAL HOSPITAL",
        "operator:type": "Private",
        "source": "OpenGovernmentData"
      },
      "geometry": {
        "type": "Point",
        "coordinates": [
          78.4200095,
          17.4546149
        ]
      },
      "id": "node/6846423887"
    },
    {
      "type": "Feature",
      "properties": {
        "@id": "node/6846423892",
        "addr:district": "Hyderabad",
        "addr:full": "Vijayanagar Colony",
        "addr:state": "Telangana",
        "amenity": "hospital",
        "name": "Medicure Diagnostic and Research Center(Alekhya Scanning Center)",
        "source": "OpenGovernmentData"
      },
      "geometry": {
        "type": "Point",
        "coordinates": [
          78.4544152,
          17.3953666
        ]
      },
      "id": "node/6846423892"
    },
    {
      "type": "Feature",
      "properties": {
        "@id": "node/6855228385",
        "addr:street": "Gachibowli - Miyapur Highway",
        "amenity": "hospital",
        "healthcare": "hospital",
        "name": "KIMS Cruddle",
        "opening_hours": "24/7"
      },
      "geometry": {
        "type": "Point",
        "coordinates": [
          78.3678073,
          17.4659669
        ]
      },
      "id": "node/6855228385"
    },
    {
      "type": "Feature",
      "properties": {
        "@id": "node/6866161636",
        "addr:city": "hyderabad",
        "addr:postcode": "500085",
        "addr:street": "Nizampet Road",
        "amenity": "hospital",
        "healthcare": "hospital",
        "healthcare:speciality": "general",
        "name": "srisri holistic"
      },
      "geometry": {
        "type": "Point",
        "coordinates": [
          78.3887517,
          17.5028997
        ]
      },
      "id": "node/6866161636"
    },
    {
      "type": "Feature",
      "properties": {
        "@id": "node/6866161637",
        "addr:city": "hyderabad",
        "addr:postcode": "500085",
        "addr:street": "Nizampet Road",
        "amenity": "hospital",
        "healthcare": "hospital"
      },
      "geometry": {
        "type": "Point",
        "coordinates": [
          78.3887796,
          17.5029831
        ]
      },
      "id": "node/6866161637"
    },
    {
      "type": "Feature",
      "properties": {
        "@id": "node/6868572410",
        "addr:city": "Hyderabad",
        "addr:street": "HMT colony",
        "amenity": "hospital",
        "healthcare": "hospital",
        "healthcare:speciality": "general;gynaecology;surgery",
        "name": "Durga prasad"
      },
      "geometry": {
        "type": "Point",
        "coordinates": [
          78.5478069,
          17.4234633
        ]
      },
      "id": "node/6868572410"
    },
    {
      "type": "Feature",
      "properties": {
        "@id": "node/6934778614",
        "amenity": "hospital",
        "healthcare": "hospital"
      },
      "geometry": {
        "type": "Point",
        "coordinates": [
          78.5455972,
          17.3745451
        ]
      },
      "id": "node/6934778614"
    },
    {
      "type": "Feature",
      "properties": {
        "@id": "node/6935540196",
        "addr:city": "SECUNDERABAD",
        "addr:street": "MALLIKARJUNA COLONY",
        "amenity": "hospital",
        "healthcare": "hospital",
        "name": "SHEKAR HOSPITAL"
      },
      "geometry": {
        "type": "Point",
        "coordinates": [
          78.4816433,
          17.4787553
        ]
      },
      "id": "node/6935540196"
    },
    {
      "type": "Feature",
      "properties": {
        "@id": "node/6937779552",
        "amenity": "hospital",
        "healthcare": "hospital",
        "name": "Apollo"
      },
      "geometry": {
        "type": "Point",
        "coordinates": [
          78.3659801,
          17.4594547
        ]
      },
      "id": "node/6937779552"
    },
    {
      "type": "Feature",
      "properties": {
        "@id": "node/7007970916",
        "amenity": "hospital",
        "healthcare": "hospital",
        "healthcare:speciality": "ophthalmology",
        "name": "Titan eye plus"
      },
      "geometry": {
        "type": "Point",
        "coordinates": [
          78.3401789,
          17.4948228
        ]
      },
      "id": "node/7007970916"
    },
    {
      "type": "Feature",
      "properties": {
        "@id": "node/7008089080",
        "amenity": "hospital",
        "healthcare": "hospital",
        "name": "Mythri Clinic"
      },
      "geometry": {
        "type": "Point",
        "coordinates": [
          78.4156543,
          17.5035172
        ]
      },
      "id": "node/7008089080"
    },
    {
      "type": "Feature",
      "properties": {
        "@id": "node/7025820758",
        "amenity": "hospital",
        "healthcare": "hospital",
        "name": "Srinivasa Hospital"
      },
      "geometry": {
        "type": "Point",
        "coordinates": [
          78.3943588,
          17.4406949
        ]
      },
      "id": "node/7025820758"
    },
    {
      "type": "Feature",
      "properties": {
        "@id": "node/7025820786",
        "addr:city": "hyderabad",
        "addr:district": "rangareddy",
        "addr:housenumber": "APIIC Colony Beside State Bank of India , Shapur Nagar Jeedimetla Hyderabad",
        "addr:postcode": "500055",
        "addr:street": "Near SBI Bank",
        "amenity": "hospital",
        "emergency": "yes",
        "healthcare": "hospital",
        "healthcare:speciality": "gynaecology",
        "name": "lifespan hospitals"
      },
      "geometry": {
        "type": "Point",
        "coordinates": [
          78.3924173,
          17.44582
        ]
      },
      "id": "node/7025820786"
    },
    {
      "type": "Feature",
      "properties": {
        "@id": "node/7025820915",
        "amenity": "hospital",
        "healthcare": "hospital",
        "name": "Samanta Homeopathy"
      },
      "geometry": {
        "type": "Point",
        "coordinates": [
          78.3880897,
          17.4413783
        ]
      },
      "id": "node/7025820915"
    },
    {
      "type": "Feature",
      "properties": {
        "@id": "node/7088862151",
        "amenity": "hospital",
        "healthcare": "hospital"
      },
      "geometry": {
        "type": "Point",
        "coordinates": [
          78.4276336,
          17.3290827
        ]
      },
      "id": "node/7088862151"
    },
    {
      "type": "Feature",
      "properties": {
        "@id": "node/7113646686",
        "amenity": "hospital",
        "healthcare": "hospital",
        "name": "Shresta hospital",
        "name:en": "Sreshta hospital"
      },
      "geometry": {
        "type": "Point",
        "coordinates": [
          78.4457432,
          17.4366221
        ]
      },
      "id": "node/7113646686"
    },
    {
      "type": "Feature",
      "properties": {
        "@id": "node/7243959583",
        "amenity": "hospital",
        "healthcare": "hospital",
        "name": "Ankura Children hospital"
      },
      "geometry": {
        "type": "Point",
        "coordinates": [
          78.341244,
          17.4947296
        ]
      },
      "id": "node/7243959583"
    },
    {
      "type": "Feature",
      "properties": {
        "@id": "node/7244033607",
        "amenity": "hospital",
        "healthcare": "hospital",
        "name": "konark diagonistic center",
        "name:te": "కొనార్క్ డియాగోనిస్టిక్ సెంటర్"
      },
      "geometry": {
        "type": "Point",
        "coordinates": [
          78.5187388,
          17.3685916
        ]
      },
      "id": "node/7244033607"
    },
    {
      "type": "Feature",
      "properties": {
        "@id": "node/7244052167",
        "amenity": "hospital",
        "healthcare": "hospital"
      },
      "geometry": {
        "type": "Point",
        "coordinates": [
          78.4640961,
          17.4103807
        ]
      },
      "id": "node/7244052167"
    },
    {
      "type": "Feature",
      "properties": {
        "@id": "node/7244398147",
        "amenity": "hospital",
        "healthcare": "hospital",
        "name": "Dr.agarwals"
      },
      "geometry": {
        "type": "Point",
        "coordinates": [
          78.351628,
          17.493937
        ]
      },
      "id": "node/7244398147"
    },
    {
      "type": "Feature",
      "properties": {
        "@id": "node/7244480650",
        "amenity": "hospital",
        "healthcare": "hospital",
        "name": "Dr. Moinuddin clinic"
      },
      "geometry": {
        "type": "Point",
        "coordinates": [
          78.4352772,
          17.394532
        ]
      },
      "id": "node/7244480650"
    },
    {
      "type": "Feature",
      "properties": {
        "@id": "node/7244480682",
        "amenity": "hospital",
        "healthcare": "hospital",
        "name": "Vijaya Diagnostic Centre"
      },
      "geometry": {
        "type": "Point",
        "coordinates": [
          78.4384798,
          17.3946261
        ]
      },
      "id": "node/7244480682"
    },
    {
      "type": "Feature",
      "properties": {
        "@id": "node/7246495528",
        "amenity": "hospital",
        "healthcare": "hospital",
        "name": "Vijaya diagnostics"
      },
      "geometry": {
        "type": "Point",
        "coordinates": [
          78.569899,
          17.3364058
        ]
      },
      "id": "node/7246495528"
    },
    {
      "type": "Feature",
      "properties": {
        "@id": "node/7246517948",
        "amenity": "hospital",
        "healthcare": "hospital",
        "name": "saidatha homeo stores and clinic"
      },
      "geometry": {
        "type": "Point",
        "coordinates": [
          78.3912724,
          17.4866535
        ]
      },
      "id": "node/7246517948"
    },
    {
      "type": "Feature",
      "properties": {
        "@id": "node/7357915007",
        "amenity": "hospital",
        "healthcare": "hospital",
        "name": "Govt Hospital"
      },
      "geometry": {
        "type": "Point",
        "coordinates": [
          78.4294337,
          17.397386
        ]
      },
      "id": "node/7357915007"
    },
    {
      "type": "Feature",
      "properties": {
        "@id": "node/7925585585",
        "addr:city": "Hyderabad",
        "addr:country": "IN",
        "addr:district": "Medchal–Malkajgiri",
        "addr:postcode": "500055",
        "addr:state": "Telangana",
        "addr:street": "RS Brothers Road",
        "addr:subdistrict": "Quthbullapur mandal",
        "addr:suburb": "Shapur Nagar",
        "amenity": "hospital",
        "healthcare": "hospital",
        "name": "Bhaskara Hospital"
      },
      "geometry": {
        "type": "Point",
        "coordinates": [
          78.445742,
          17.51644
        ]
      },
      "id": "node/7925585585"
    },
    {
      "type": "Feature",
      "properties": {
        "@id": "node/8007022925",
        "addr:city": "Hyderabad",
        "addr:postcode": "500049",
        "addr:street": "Pragathi Enclave Colony, Miyapur",
        "amenity": "hospital",
        "emergency": "no",
        "healthcare": "hospital",
        "healthcare:speciality": "general;gynaecology",
        "name": "Tirumala Nursing home",
        "operator": "Individual",
        "operator:type": "private"
      },
      "geometry": {
        "type": "Point",
        "coordinates": [
          78.3574735,
          17.4998816
        ]
      },
      "id": "node/8007022925"
    },
    {
      "type": "Feature",
      "properties": {
        "@id": "node/8044148228",
        "addr:city": "Hyderabad",
        "addr:district": "Hyderabad",
        "addr:state": "Telangana",
        "amenity": "hospital",
        "contact:phone": "+91 040 2452 0797",
        "name": "FAITH HOSIPTAL",
        "name:ur": "فیتھ اسپتال",
        "opening_hours": "24/7",
        "operator:type": "private",
        "website": "https://faithhospital.business.site/"
      },
      "geometry": {
        "type": "Point",
        "coordinates": [
          78.4945773,
          17.3591366
        ]
      },
      "id": "node/8044148228"
    },
    {
      "type": "Feature",
      "properties": {
        "@id": "node/8082315379",
        "addr:city": "Hyderabad",
        "addr:housenumber": "3-6-459/A",
        "addr:postcode": "500029",
        "addr:street": "Street No.5, Himayathnagar",
        "amenity": "hospital",
        "emergency": "yes",
        "healthcare": "hospital",
        "healthcare:speciality": "orthopaedics;ayurveda;multi_speciality",
        "image": "https://www.google.com/imgres?imgurl=https%3A%2F%2Fcontent3.jdmagicbox.com%2Fcomp%2Fhyderabad%2Fq3%2F040pxx40.xx40.170919150703.x7q3%2Fcatalogue%2Fraaj-hospital-himayat-nagar-hyderabad-hospitals-g96u8.jpg%3Fclr%3D224422&imgrefurl=https%3A%2F%2Fwww.justdia",
        "name": "Raaj Hospital",
        "operator": "Dr.Rajesh Kumar Soni",
        "operator:type": "private",
        "website": "http://raajhospital.com/"
      },
      "geometry": {
        "type": "Point",
        "coordinates": [
          78.4838359,
          17.4044163
        ]
      },
      "id": "node/8082315379"
    },
    {
      "type": "Feature",
      "properties": {
        "@id": "node/8113834531",
        "addr:city": "Hyderabad",
        "addr:postcode": "500018",
        "addr:street": "Sanathnagar",
        "amenity": "hospital",
        "healthcare": "hospital",
        "name": "Bharati Nursing Home"
      },
      "geometry": {
        "type": "Point",
        "coordinates": [
          78.4473693,
          17.4492625
        ]
      },
      "id": "node/8113834531"
    },
    {
      "type": "Feature",
      "properties": {
        "@id": "node/8233048690",
        "amenity": "hospital",
        "healthcare": "hospital"
      },
      "geometry": {
        "type": "Point",
        "coordinates": [
          78.5007832,
          17.4591866
        ]
      },
      "id": "node/8233048690"
    },
    {
      "type": "Feature",
      "properties": {
        "@id": "node/8233132093",
        "amenity": "hospital",
        "healthcare": "hospital"
      },
      "geometry": {
        "type": "Point",
        "coordinates": [
          78.5220997,
          17.4376777
        ]
      },
      "id": "node/8233132093"
    },
    {
      "type": "Feature",
      "properties": {
        "@id": "node/8233811325",
        "amenity": "hospital",
        "healthcare": "hospital",
        "name": "Osmania clinic"
      },
      "geometry": {
        "type": "Point",
        "coordinates": [
          78.5018929,
          17.3713436
        ]
      },
      "id": "node/8233811325"
    },
    {
      "type": "Feature",
      "properties": {
        "@id": "node/8236632956",
        "amenity": "hospital",
        "healthcare": "hospital"
      },
      "geometry": {
        "type": "Point",
        "coordinates": [
          78.4975865,
          17.4402772
        ]
      },
      "id": "node/8236632956"
    },
    {
      "type": "Feature",
      "properties": {
        "@id": "node/8386256231",
        "amenity": "hospital",
        "healthcare": "hospital",
        "name": "People's health care"
      },
      "geometry": {
        "type": "Point",
        "coordinates": [
          78.4362911,
          17.5361942
        ]
      },
      "id": "node/8386256231"
    },
    {
      "type": "Feature",
      "properties": {
        "@id": "node/8386643937",
        "amenity": "hospital",
        "healthcare": "hospital",
        "name": "VITAL'S Hospital"
      },
      "geometry": {
        "type": "Point",
        "coordinates": [
          78.395168,
          17.5070065
        ]
      },
      "id": "node/8386643937"
    },
    {
      "type": "Feature",
      "properties": {
        "@id": "node/8387157871",
        "amenity": "hospital",
        "name": "yashoda"
      },
      "geometry": {
        "type": "Point",
        "coordinates": [
          78.5113902,
          17.3914914
        ]
      },
      "id": "node/8387157871"
    },
    {
      "type": "Feature",
      "properties": {
        "@id": "node/8733731577",
        "addr:district": "Sangareddy",
        "addr:full": "Door No 22, Kalyani Towers, opposite Gandemma Temple",
        "addr:postcode": "500020",
        "addr:state": "Telangana",
        "amenity": "hospital",
        "healthcare": "hospital",
        "name": "Medicover Hospital ,Chandanagar",
        "source": "Local Knowledge"
      },
      "geometry": {
        "type": "Point",
        "coordinates": [
          78.3146178,
          17.498279
        ]
      },
      "id": "node/8733731577"
    },
    {
      "type": "Feature",
      "properties": {
        "@id": "node/8733734629",
        "addr:district": "Sangareddy",
        "addr:full": "BHEL X Roads, 2-82/1/2, BHEL Road, Near Lingampally Bus Stop, Kanukunta, Tara Nagar, Chanda Nagar",
        "addr:postcode": "502032",
        "addr:state": "Telangana",
        "amenity": "hospital",
        "healthcare": "hospital",
        "name": "Preeti Urology & Kidney Hospital ,BHEL, Lingampally",
        "source": "Local Knowledge"
      },
      "geometry": {
        "type": "Point",
        "coordinates": [
          78.3168615,
          17.4943209
        ]
      },
      "id": "node/8733734629"
    },
    {
      "type": "Feature",
      "properties": {
        "@id": "node/8745836201",
        "addr:district": "Rangareddy",
        "addr:full": "Haripuri Colony, Bharat Nagar, Bahadurguda",
        "addr:postcode": "500074",
        "addr:state": "Telangana",
        "amenity": "hospital",
        "name": "Kamineni Hospital",
        "source": "Local Knowledge"
      },
      "geometry": {
        "type": "Point",
        "coordinates": [
          78.5539533,
          17.3614317
        ]
      },
      "id": "node/8745836201"
    },
    {
      "type": "Feature",
      "properties": {
        "@id": "node/8747916250",
        "addr:district": "Rangareddy",
        "addr:full": "Nagarjuna Sagar Road, Brindavan Colony, Lingojiguda",
        "addr:postcode": "500035",
        "addr:state": "Telangana",
        "amenity": "hospital",
        "name": "Aware Global Hospitals",
        "source": "Local Knowledge"
      },
      "geometry": {
        "type": "Point",
        "coordinates": [
          78.5530454,
          17.3347442
        ]
      },
      "id": "node/8747916250"
    },
    {
      "type": "Feature",
      "properties": {
        "@id": "node/8747920907",
        "addr:district": "Rangareddy",
        "addr:full": "Manjeera Road, Indira Nagar, Chanda Nagar",
        "addr:postcode": "500050",
        "addr:state": "Telangana",
        "amenity": "hospital",
        "healthcare": "hospital",
        "name": "Archana Hospital",
        "source": "Local Knowledge"
      },
      "geometry": {
        "type": "Point",
        "coordinates": [
          78.3227858,
          17.4940216
        ]
      },
      "id": "node/8747920907"
    },
    {
      "type": "Feature",
      "properties": {
        "@id": "node/8747950688",
        "addr:district": "Rangareddy",
        "addr:full": "Vittal Rao Nagar, HITEC City, Madhapur",
        "addr:postcode": "500081",
        "addr:state": "Telangana",
        "amenity": "hospital",
        "healthcare": "hospital",
        "name": "Hegde Hospital",
        "source": "Local Knowledge"
      },
      "geometry": {
        "type": "Point",
        "coordinates": [
          78.384659,
          17.4446234
        ]
      },
      "id": "node/8747950688"
    },
    {
      "type": "Feature",
      "properties": {
        "@id": "node/8748429666",
        "addr:district": "Rangareddy",
        "addr:full": "Survey No.9, White Field Road, HITEC City",
        "addr:postcode": "500081",
        "addr:state": "Telangana",
        "amenity": "hospital",
        "healthcare": "hospital",
        "name": "Rainbow Children Hospital",
        "source": "Local Knowledge"
      },
      "geometry": {
        "type": "Point",
        "coordinates": [
          78.3720097,
          17.4554623
        ]
      },
      "id": "node/8748429666"
    },
    {
      "type": "Feature",
      "properties": {
        "@id": "node/8748479530",
        "addr:district": "Rangareddy",
        "addr:full": "Mythri Nagar, Madinaguda Beside South India Shopping Mall, Hafeezpet",
        "addr:postcode": "500050",
        "addr:state": "Telangana",
        "amenity": "hospital",
        "name": "Pace Hospitals ,Madinaguda",
        "source": "Local Knowledge"
      },
      "geometry": {
        "type": "Point",
        "coordinates": [
          78.3470745,
          17.4940229
        ]
      },
      "id": "node/8748479530"
    },
    {
      "type": "Feature",
      "properties": {
        "@id": "node/8751713608",
        "addr:district": "Rangareddy",
        "addr:full": "8-2-293/82/L, 350-A, Road Number 12, Banjara Hills",
        "addr:postcode": "500034",
        "addr:state": "Telangana",
        "amenity": "hospital",
        "name": "Uchvaas Hospital",
        "source": "Local Knowledge"
      },
      "geometry": {
        "type": "Point",
        "coordinates": [
          78.4229918,
          17.4121129
        ]
      },
      "id": "node/8751713608"
    },
    {
      "type": "Feature",
      "properties": {
        "@id": "node/8751748313",
        "addr:district": "Rangareddy",
        "addr:full": "5-8-50/93, Nagarjuna Sagar Road, Sripuram Colony, Highway, B N Reddy Nagar",
        "addr:postcode": "844118",
        "addr:state": "Telangana",
        "amenity": "hospital",
        "name": "Bhrungi Hospitals",
        "source": "Local Knowledge"
      },
      "geometry": {
        "type": "Point",
        "coordinates": [
          78.560974,
          17.3137197
        ]
      },
      "id": "node/8751748313"
    },
    {
      "type": "Feature",
      "properties": {
        "@id": "node/8751771666",
        "addr:district": "Rangareddy",
        "addr:full": "Door no 1-111/4/46 & 48/E beside NISUM, Khanamet Road, Kondapur, HITEC City",
        "addr:postcode": "500084",
        "addr:state": "Telangana",
        "amenity": "hospital",
        "healthcare": "hospital",
        "name": "Health Valley Hospital",
        "source": "Local Knowledge"
      },
      "geometry": {
        "type": "Point",
        "coordinates": [
          78.3682452,
          17.4644176
        ]
      },
      "id": "node/8751771666"
    },
    {
      "type": "Feature",
      "properties": {
        "@id": "node/8751844086",
        "addr:district": "Rangareddy",
        "addr:full": "New Maruthi Nagar, Virat Nagar, Kanchan Bagh",
        "addr:postcode": "500079",
        "addr:state": "Telangana",
        "amenity": "hospital",
        "healthcare": "hospital",
        "name": "Viswas Hospital",
        "source": "Local Knowledge"
      },
      "geometry": {
        "type": "Point",
        "coordinates": [
          78.52185,
          17.3401158
        ]
      },
      "id": "node/8751844086"
    },
    {
      "type": "Feature",
      "properties": {
        "@id": "node/8752914428",
        "addr:district": "Hyderabad",
        "addr:full": "2-2-74 & 75, Amberpet Main Rd, opp. maruti suzuki service center, Hyderabad",
        "addr:postcode": "500013",
        "addr:state": "Telangana",
        "amenity": "hospital",
        "name": "Tricolour Hospital",
        "source": "Local Knowledge"
      },
      "geometry": {
        "type": "Point",
        "coordinates": [
          78.5226426,
          17.393868
        ]
      },
      "id": "node/8752914428"
    },
    {
      "type": "Feature",
      "properties": {
        "@id": "node/8759154274",
        "addr:district": "Hyderabad",
        "addr:full": "3/4/3, Kachiguda Station Road, Barkatpura, Kachiguda",
        "addr:postcode": "500027",
        "addr:state": "Telangana",
        "amenity": "hospital",
        "name": "Prathima Hospitals",
        "source": "Local Knowledge"
      },
      "geometry": {
        "type": "Point",
        "coordinates": [
          78.495225,
          17.3902616
        ]
      },
      "id": "node/8759154274"
    },
    {
      "type": "Feature",
      "properties": {
        "@id": "node/8759163871",
        "addr:district": "Hyderabad",
        "addr:full": "Troop Bazaar, Koti",
        "addr:postcode": "500095",
        "addr:state": "Telangana",
        "amenity": "hospital",
        "name": "Government ENT Hospital ,Koti",
        "source": "Local Knowledge"
      },
      "geometry": {
        "type": "Point",
        "coordinates": [
          78.4820151,
          17.3845228
        ]
      },
      "id": "node/8759163871"
    },
    {
      "type": "Feature",
      "properties": {
        "@id": "node/8759169871",
        "addr:district": "Hyderabad",
        "addr:full": "Hasmathpet, Bowenpally, Secunderabad",
        "addr:postcode": "500009",
        "addr:state": "Telangana",
        "amenity": "hospital",
        "name": "SKS Hospital",
        "source": "Local Knowledge"
      },
      "geometry": {
        "type": "Point",
        "coordinates": [
          78.4857756,
          17.4753103
        ]
      },
      "id": "node/8759169871"
    },
    {
      "type": "Feature",
      "properties": {
        "@id": "node/8759181367",
        "addr:district": "Hyderabad",
        "addr:full": "Mashallah Building, Paradise Circle, PG Road, Secunderabad",
        "addr:postcode": "500003",
        "addr:state": "Telangana",
        "amenity": "hospital",
        "name": "Navodaya Hospital",
        "source": "Local Knowledge"
      },
      "geometry": {
        "type": "Point",
        "coordinates": [
          78.4860599,
          17.4416653
        ]
      },
      "id": "node/8759181367"
    },
    {
      "type": "Feature",
      "properties": {
        "@id": "node/8759230773",
        "addr:district": "Hyderabad",
        "addr:full": "Vijayapuri Colony, Uppal, Hyderabad",
        "addr:postcode": "500039",
        "addr:state": "Telangana",
        "amenity": "hospital",
        "name": "Tapadia Diagnostics Centre",
        "source": "Local Knowledge"
      },
      "geometry": {
        "type": "Point",
        "coordinates": [
          78.5636616,
          17.4012471
        ]
      },
      "id": "node/8759230773"
    },
    {
      "type": "Feature",
      "properties": {
        "@id": "node/8759239032",
        "addr:district": "Hyderabad",
        "addr:full": "H. No 8-2-686/7/10 ,Banjara Hills",
        "addr:postcode": "500034",
        "addr:state": "Telangana",
        "amenity": "hospital",
        "name": "Brinnova rehabilation centre",
        "source": "Local Knowledge"
      },
      "geometry": {
        "type": "Point",
        "coordinates": [
          78.432519,
          17.4109164
        ]
      },
      "id": "node/8759239032"
    },
    {
      "type": "Feature",
      "properties": {
        "@id": "node/8759254022",
        "addr:district": "Hyderabad",
        "addr:full": "3-6-16 & 17, Street No.19, Chandra Nagar, Himayatnagar, Hyderabad",
        "addr:postcode": "500029",
        "addr:state": "Telangana",
        "amenity": "hospital",
        "name": "Vijaya Diagnostic Centre, Himayatnagar",
        "source": "Local Knowledge"
      },
      "geometry": {
        "type": "Point",
        "coordinates": [
          78.479872,
          17.4041507
        ]
      },
      "id": "node/8759254022"
    },
    {
      "type": "Feature",
      "properties": {
        "@id": "node/8759273395",
        "addr:district": "Hyderabad",
        "addr:full": "Oxford Street, Sarojini Devi Road 2nd Floor CVK Park Square, Krishna Complex, Kalasiguda, Secunderabad",
        "addr:postcode": "500003",
        "addr:state": "Telangana",
        "amenity": "hospital",
        "name": "Oasis Fertility Centre",
        "source": "Local Knowledge"
      },
      "geometry": {
        "type": "Point",
        "coordinates": [
          78.4899303,
          17.4419494
        ]
      },
      "id": "node/8759273395"
    },
    {
      "type": "Feature",
      "properties": {
        "@id": "node/8759287302",
        "addr:district": "Hyderabad",
        "addr:full": "Nehru Nagar Colony, West Marredpally, Secunderabad",
        "addr:postcode": "500026",
        "addr:state": "Telangana",
        "amenity": "hospital",
        "name": "Basant Sahney Hospital",
        "source": "Local Knowledge"
      },
      "geometry": {
        "type": "Point",
        "coordinates": [
          78.5048595,
          17.4444622
        ]
      },
      "id": "node/8759287302"
    },
    {
      "type": "Feature",
      "properties": {
        "@id": "node/8759319675",
        "addr:district": "Hyderabad",
        "addr:full": "No. 8-2-269/3/1/4, Road No. 2, near NATCO Pharma, Park View Enclave, Banjara Hills, Hyderabad",
        "addr:postcode": "500034",
        "addr:state": "Telangana",
        "amenity": "hospital",
        "healthcare": "hospital",
        "healthcare:speciality": "fertility",
        "name": "Oasis Fertility Centre",
        "source": "Local Knowledge"
      },
      "geometry": {
        "type": "Point",
        "coordinates": [
          78.4204343,
          17.4263881
        ]
      },
      "id": "node/8759319675"
    },
    {
      "type": "Feature",
      "properties": {
        "@id": "node/8759335242",
        "addr:district": "Hyderabad",
        "addr:full": "H.No: 11-13-1161, Kothapet, Hyderabad",
        "addr:postcode": "500035",
        "addr:state": "Telangana",
        "amenity": "hospital",
        "name": "Vasavi Hospital",
        "source": "Local Knowledge"
      },
      "geometry": {
        "type": "Point",
        "coordinates": [
          78.5449317,
          17.3632288
        ]
      },
      "id": "node/8759335242"
    },
    {
      "type": "Feature",
      "properties": {
        "@id": "node/8759356830",
        "addr:district": "Hyderabad",
        "addr:full": "7-1-201/2, Above Food World Supermarket, Preeth Complex, Dharam Karam Road, Ameerpet, Hyderabad",
        "addr:postcode": "500016",
        "addr:state": "Telangana",
        "amenity": "hospital",
        "name": "Partha Dental Skin Hair Clinic",
        "source": "Local Knowledge"
      },
      "geometry": {
        "type": "Point",
        "coordinates": [
          78.4505019,
          17.438752
        ]
      },
      "id": "node/8759356830"
    },
    {
      "type": "Feature",
      "properties": {
        "@id": "node/8759371402",
        "addr:district": "Hyderabad",
        "addr:full": "Khairatabad Rd, Taj Enclave, Chintal",
        "addr:postcode": "500004",
        "addr:state": "Telangana",
        "amenity": "hospital",
        "name": "S L Diagnostic Center",
        "source": "Local Knowledge"
      },
      "geometry": {
        "type": "Point",
        "coordinates": [
          78.461228,
          17.4102165
        ]
      },
      "id": "node/8759371402"
    },
    {
      "type": "Feature",
      "properties": {
        "@id": "node/8759381105",
        "addr:district": "Hyderabad",
        "addr:full": "Plot NO.21, Level, 2, Jayabheri Enclave, Gachibowli, Hyderabad",
        "addr:postcode": "500032",
        "addr:state": "Telangana",
        "amenity": "hospital",
        "healthcare": "hospital",
        "name": "Praba's VCare Health Clinic (P) Ltd, Gachibowli",
        "source": "Local Knowledge"
      },
      "geometry": {
        "type": "Point",
        "coordinates": [
          78.3631503,
          17.4507108
        ]
      },
      "id": "node/8759381105"
    },
    {
      "type": "Feature",
      "properties": {
        "@id": "node/8759435760",
        "addr:district": "Hyderabad",
        "addr:full": "23-6-983, Rajpal Nagar, Shalibanda",
        "addr:postcode": "500065",
        "addr:state": "Telangana",
        "amenity": "hospital",
        "name": "Government Hospital, Suraj Bhan",
        "source": "Local Knowledge"
      },
      "geometry": {
        "type": "Point",
        "coordinates": [
          78.4745425,
          17.3535608
        ]
      },
      "id": "node/8759435760"
    },
    {
      "type": "Feature",
      "properties": {
        "@id": "node/8759531975",
        "addr:district": "Hyderabad",
        "addr:full": "Imlibun, Malakpet",
        "addr:postcode": "500024",
        "addr:state": "Telangana",
        "amenity": "hospital",
        "name": "Mina multi speciality Hospital",
        "source": "Local Knowledge"
      },
      "geometry": {
        "type": "Point",
        "coordinates": [
          78.4838444,
          17.3730487
        ]
      },
      "id": "node/8759531975"
    },
    {
      "type": "Feature",
      "properties": {
        "@id": "node/8759630720",
        "addr:district": "Hyderabad",
        "addr:full": "Door no 8-3-167/K/28, Moti Nagar",
        "addr:postcode": "500018",
        "addr:state": "Telangana",
        "amenity": "hospital",
        "name": "Dr Naveen Reddy Hospital",
        "source": "Local Knowledge"
      },
      "geometry": {
        "type": "Point",
        "coordinates": [
          78.4206489,
          17.4535446
        ]
      },
      "id": "node/8759630720"
    },
    {
      "type": "Feature",
      "properties": {
        "@id": "node/8759707780",
        "addr:district": "Hyderabad",
        "addr:full": "2-4-1108, Railway Quarters, Kachiguda",
        "addr:postcode": "500027",
        "addr:state": "Telangana",
        "amenity": "hospital",
        "name": "Railway Health Unit, Kachiguda",
        "source": "Local Knowledge"
      },
      "geometry": {
        "type": "Point",
        "coordinates": [
          78.4950359,
          17.3867056
        ]
      },
      "id": "node/8759707780"
    },
    {
      "type": "Feature",
      "properties": {
        "@id": "node/8759738256",
        "addr:district": "Hyderabad",
        "addr:full": "127, 4/3, SD Road, Rani Gunj, Secunderabad",
        "addr:postcode": "500003",
        "addr:state": "Telangana",
        "amenity": "hospital",
        "name": "Madhava Nursing Home",
        "source": "Local Knowledge"
      },
      "geometry": {
        "type": "Point",
        "coordinates": [
          78.4936257,
          17.4401505
        ]
      },
      "id": "node/8759738256"
    },
    {
      "type": "Feature",
      "properties": {
        "@id": "node/8760246825",
        "addr:district": "Hyderabad",
        "addr:full": "Rd Number 45, Jubilee Hills, Hyderabad",
        "addr:postcode": "500033",
        "addr:state": "Telangana",
        "amenity": "hospital",
        "healthcare": "hospital",
        "name": "MAA E.N.T. Hospitals",
        "source": "Local Knowledge"
      },
      "geometry": {
        "type": "Point",
        "coordinates": [
          78.4143269,
          17.4272659
        ]
      },
      "id": "node/8760246825"
    },
    {
      "type": "Feature",
      "properties": {
        "@id": "node/8760672940",
        "addr:district": "Medchal",
        "addr:full": "Balaji Nagar, Kukatpally, Hyderabad",
        "addr:postcode": "500072",
        "addr:state": "Telangana",
        "amenity": "hospital",
        "name": "OMNI Hospitals",
        "source": "Local Knowledge"
      },
      "geometry": {
        "type": "Point",
        "coordinates": [
          78.4109567,
          17.4853838
        ]
      },
      "id": "node/8760672940"
    },
    {
      "type": "Feature",
      "properties": {
        "@id": "node/8760787195",
        "addr:district": "Medchal",
        "addr:full": "Vikrampuri Colony, Karkhana, Secunderabad",
        "addr:postcode": "500009",
        "addr:state": "Telangana",
        "amenity": "hospital",
        "name": "Rainbow Children's Medicare Pvt Ltd",
        "source": "Local Knowledge"
      },
      "geometry": {
        "type": "Point",
        "coordinates": [
          78.4992805,
          17.4557195
        ]
      },
      "id": "node/8760787195"
    },
    {
      "type": "Feature",
      "properties": {
        "@id": "node/8760794581",
        "addr:district": "Medchal",
        "addr:full": "Kukatpally Housing Board Colony, Kukatpally, Hyderabad",
        "addr:postcode": "500085",
        "addr:state": "Telangana",
        "amenity": "hospital",
        "check_date": "2024-03-16",
        "name": "Remedy Hospitals",
        "source": "Local Knowledge"
      },
      "geometry": {
        "type": "Point",
        "coordinates": [
          78.3908053,
          17.4855041
        ]
      },
      "id": "node/8760794581"
    },
    {
      "type": "Feature",
      "properties": {
        "@id": "node/8760858403",
        "addr:district": "Medchal",
        "addr:full": "44-617/12, IDA, behind Telephone Exchange, Nacharam, Secunderabad",
        "addr:postcode": "500076",
        "addr:state": "Telangana",
        "amenity": "hospital",
        "name": "Prasad Hospitals ,Nacharam",
        "source": "Local Knowledge"
      },
      "geometry": {
        "type": "Point",
        "coordinates": [
          78.5551261,
          17.4384053
        ]
      },
      "id": "node/8760858403"
    },
    {
      "type": "Feature",
      "properties": {
        "@id": "node/8760895243",
        "addr:district": "Medchal",
        "addr:full": "1-6, Kukatpally, Hyderabad",
        "addr:postcode": "500072",
        "addr:state": "Telangana",
        "amenity": "hospital",
        "name": "Sivananda Rehabilitation Home",
        "source": "Local Knowledge"
      },
      "geometry": {
        "type": "Point",
        "coordinates": [
          78.4083858,
          17.48884
        ]
      },
      "id": "node/8760895243"
    },
    {
      "type": "Feature",
      "properties": {
        "@id": "node/8760905236",
        "addr:district": "Medchal",
        "addr:full": "Rd Number 4, opposite global Edge School, Kukatpally Housing Board Colony, Hyderabad",
        "addr:postcode": "500072",
        "addr:state": "Telangana",
        "amenity": "hospital",
        "name": "Cosmo Derma",
        "source": "Local Knowledge"
      },
      "geometry": {
        "type": "Point",
        "coordinates": [
          78.3970173,
          17.4908668
        ]
      },
      "id": "node/8760905236"
    },
    {
      "type": "Feature",
      "properties": {
        "@id": "node/8760926820",
        "addr:district": "Medchal",
        "addr:full": "Road Number 1, KPHB Phase 2, Kukatpally, Hyderabad",
        "addr:postcode": "500072",
        "addr:state": "Telangana",
        "amenity": "hospital",
        "check_date": "2024-03-16",
        "name": "Padmaja Hospital",
        "source": "Local Knowledge"
      },
      "geometry": {
        "type": "Point",
        "coordinates": [
          78.3994145,
          17.4869463
        ]
      },
      "id": "node/8760926820"
    },
    {
      "type": "Feature",
      "properties": {
        "@id": "node/8760933526",
        "addr:district": "Medchal",
        "addr:full": "1-11-254, 2nd Floor, Rama Mansion Besides Pace Hospital, Motilal Nehru Nagar, Begumpet, Hyderabad",
        "addr:postcode": "500016",
        "addr:state": "Telangana",
        "amenity": "hospital",
        "name": "Pathcare Labs Pvt Ltd",
        "source": "Local Knowledge"
      },
      "geometry": {
        "type": "Point",
        "coordinates": [
          78.4691593,
          17.444713
        ]
      },
      "id": "node/8760933526"
    },
    {
      "type": "Feature",
      "properties": {
        "@id": "node/8760982633",
        "addr:district": "Medchal",
        "addr:full": "Suchitra, Sri Krishna Nagar, Quthbullapur, Hyderabad",
        "addr:postcode": "500055",
        "addr:state": "Telangana",
        "amenity": "hospital",
        "name": "Srujana Hospitals",
        "source": "Local Knowledge"
      },
      "geometry": {
        "type": "Point",
        "coordinates": [
          78.4670243,
          17.5057005
        ]
      },
      "id": "node/8760982633"
    },
    {
      "type": "Feature",
      "properties": {
        "@id": "node/8761004351",
        "addr:district": "Medchal",
        "addr:full": "Green Hills Colony,Kothapet, Doctors Colony Main Rd, Bahadurguda",
        "addr:postcode": "500074",
        "addr:state": "Telangana",
        "amenity": "hospital",
        "name": "Paramitha Children's Hospital",
        "source": "Local Knowledge"
      },
      "geometry": {
        "type": "Point",
        "coordinates": [
          78.5444422,
          17.3582035
        ]
      },
      "id": "node/8761004351"
    },
    {
      "type": "Feature",
      "properties": {
        "@id": "node/8763113701",
        "addr:district": "Medchal",
        "addr:full": "Jeedimetla Main Road, Chinthal, Hyderabad",
        "addr:postcode": "500037",
        "addr:state": "Telangana",
        "amenity": "hospital",
        "name": "Tesla Diagnostics",
        "source": "Local Knowledge"
      },
      "geometry": {
        "type": "Point",
        "coordinates": [
          78.4525108,
          17.4957164
        ]
      },
      "id": "node/8763113701"
    },
    {
      "type": "Feature",
      "properties": {
        "@id": "node/8763119685",
        "addr:district": "Medchal",
        "addr:full": "Kukatpally Housing Board Colony, Kukatpally, Hyderabad",
        "addr:postcode": "500072",
        "addr:state": "Telangana",
        "amenity": "hospital",
        "check_date": "2024-03-16",
        "name": "K K Reddy Hospital",
        "source": "Local Knowledge"
      },
      "geometry": {
        "type": "Point",
        "coordinates": [
          78.3972386,
          17.4919994
        ]
      },
      "id": "node/8763119685"
    },
    {
      "type": "Feature",
      "properties": {
        "@id": "node/8763123207",
        "addr:district": "Medchal",
        "addr:full": "H.No.261, Rd Number 4, Kukatpally Housing Board Colony, Kukatpally",
        "addr:postcode": "500072",
        "addr:state": "Telangana",
        "amenity": "hospital",
        "check_date": "2024-03-16",
        "name": "Goutam Neuro Care",
        "source": "Local Knowledge"
      },
      "geometry": {
        "type": "Point",
        "coordinates": [
          78.397999,
          17.4928129
        ]
      },
      "id": "node/8763123207"
    },
    {
      "type": "Feature",
      "properties": {
        "@id": "node/8763135141",
        "addr:district": "Medchal",
        "addr:full": "Road No 4, 3rd Phase, KPHB Behind Temple Bus Stop",
        "addr:postcode": "500072",
        "addr:state": "Telangana",
        "amenity": "hospital",
        "check_date": "2024-03-16",
        "name": "Dr. Rao's ENT Super Speciality International Hospital",
        "source": "Local Knowledge"
      },
      "geometry": {
        "type": "Point",
        "coordinates": [
          78.3949721,
          17.4881237
        ]
      },
      "id": "node/8763135141"
    },
    {
      "type": "Feature",
      "properties": {
        "@id": "node/8763259938",
        "addr:district": "Medchal",
        "addr:full": "Opposite Metro Rail Pillar No. NUP-9, Survey Colony, Industrial Development Area, Uppal, Hyderabad",
        "addr:postcode": "500039",
        "addr:state": "Telangana",
        "amenity": "hospital",
        "name": "Centre for DNA Fingerprinting and Diagnostics",
        "source": "Local Knowledge"
      },
      "geometry": {
        "type": "Point",
        "coordinates": [
          78.5575394,
          17.3931001
        ]
      },
      "id": "node/8763259938"
    },
    {
      "type": "Feature",
      "properties": {
        "@id": "node/8763276400",
        "addr:district": "Medchal",
        "addr:full": "Nethaji Nagar, Rukminipuri Colony, Kapra, Secunderabad",
        "addr:postcode": "500094",
        "addr:state": "Telangana",
        "amenity": "hospital",
        "name": "Nandini Hospital",
        "source": "Local Knowledge"
      },
      "geometry": {
        "type": "Point",
        "coordinates": [
          78.5540117,
          17.4867461
        ]
      },
      "id": "node/8763276400"
    },
    {
      "type": "Feature",
      "properties": {
        "@id": "node/8763316074",
        "addr:district": "Medchal",
        "addr:full": "Jagdish Complex,Miyapur Main Road, Ambedkar Nagar, Miyapur",
        "addr:postcode": "500049",
        "addr:state": "Telangana",
        "amenity": "hospital",
        "name": "Udbhava Hospital ,Miyapur",
        "source": "Local Knowledge"
      },
      "geometry": {
        "type": "Point",
        "coordinates": [
          78.3574077,
          17.4951229
        ]
      },
      "id": "node/8763316074"
    },
    {
      "type": "Feature",
      "properties": {
        "@id": "node/8763411325",
        "addr:district": "Medchal",
        "addr:full": "1-5-56/29,Plot No.29,Old Alwal,Near IG Statue, Secunderabad",
        "addr:postcode": "500010",
        "addr:state": "Telangana",
        "amenity": "hospital",
        "name": "Excel Hospitals",
        "source": "Local Knowledge"
      },
      "geometry": {
        "type": "Point",
        "coordinates": [
          78.5022081,
          17.5079988
        ]
      },
      "id": "node/8763411325"
    },
    {
      "type": "Feature",
      "properties": {
        "@id": "node/8763496906",
        "addr:district": "Medchal",
        "addr:full": "H.No:5-1-97/B/NR, near Old Shivalayam Temple Complex, Hyderabad",
        "addr:postcode": "500072",
        "addr:state": "Telangana",
        "amenity": "hospital",
        "name": "Ananya Hospital",
        "source": "Local Knowledge"
      },
      "geometry": {
        "type": "Point",
        "coordinates": [
          78.4129804,
          17.4847174
        ]
      },
      "id": "node/8763496906"
    },
    {
      "type": "Feature",
      "properties": {
        "@id": "node/8763519730",
        "addr:district": "Medchal",
        "addr:full": "6-2/200, M J Colony, Vivek Nagar, Kukatpally, Hyderabad",
        "addr:postcode": "500072",
        "addr:state": "Telangana",
        "amenity": "hospital",
        "name": "People's Hospital",
        "source": "Local Knowledge"
      },
      "geometry": {
        "type": "Point",
        "coordinates": [
          78.4134217,
          17.4829023
        ]
      },
      "id": "node/8763519730"
    },
    {
      "type": "Feature",
      "properties": {
        "@id": "node/8763598296",
        "addr:district": "Medchal",
        "addr:full": "H.No.: 2-3-214/156/NR, beside kattamaisamma Temple, Hyderabad",
        "addr:postcode": "500039",
        "addr:state": "Telangana",
        "amenity": "hospital",
        "name": "Shree Healthcare Multi Specialty Hospital",
        "source": "Local Knowledge"
      },
      "geometry": {
        "type": "Point",
        "coordinates": [
          78.5794678,
          17.4009873
        ]
      },
      "id": "node/8763598296"
    },
    {
      "type": "Feature",
      "properties": {
        "@id": "node/8891813172",
        "amenity": "hospital",
        "healthcare": "hospital",
        "name": "Ferticare IVF Asist"
      },
      "geometry": {
        "type": "Point",
        "coordinates": [
          78.4321671,
          17.4274056
        ]
      },
      "id": "node/8891813172"
    },
    {
      "type": "Feature",
      "properties": {
        "@id": "node/8909248529",
        "amenity": "hospital",
        "healthcare": "hospital",
        "name": "DTC TB Unit Erragadda"
      },
      "geometry": {
        "type": "Point",
        "coordinates": [
          78.4324096,
          17.4452155
        ]
      },
      "id": "node/8909248529"
    },
    {
      "type": "Feature",
      "properties": {
        "@id": "node/8909248538",
        "amenity": "hospital",
        "healthcare": "hospital",
        "name": "Dr.Vivek's Multispeciality Dental care"
      },
      "geometry": {
        "type": "Point",
        "coordinates": [
          78.4326449,
          17.4472339
        ]
      },
      "id": "node/8909248538"
    },
    {
      "type": "Feature",
      "properties": {
        "@id": "node/8941817855",
        "addr:city": "East Marredpally",
        "addr:housenumber": "5A Ground Floor",
        "addr:postcode": "500026",
        "addr:street": "Main Rd",
        "amenity": "hospital",
        "description": "Senior Ayurvedic Doctor specializing in Gastric, Piles, Joint, Skin Complaints and other conditions.",
        "email": "office@ayurdoctor.in",
        "emergency": "no",
        "healthcare": "hospital",
        "healthcare:speciality": "ayurveda;Piles;general",
        "name": "Shakti Ayurvedic Clinic",
        "operator": "Dr Prashant Kumar",
        "operator:type": "private",
        "phone": "+91-9848574437",
        "website": "www.ayurdoctor.in"
      },
      "geometry": {
        "type": "Point",
        "coordinates": [
          78.5089418,
          17.4475965
        ]
      },
      "id": "node/8941817855"
    },
    {
      "type": "Feature",
      "properties": {
        "@id": "node/9355590863",
        "amenity": "hospital",
        "healthcare": "hospital"
      },
      "geometry": {
        "type": "Point",
        "coordinates": [
          78.5121788,
          17.4801489
        ]
      },
      "id": "node/9355590863"
    },
    {
      "type": "Feature",
      "properties": {
        "@id": "node/9369549952",
        "amenity": "hospital",
        "healthcare": "hospital",
        "name": "Rahul Meidials"
      },
      "geometry": {
        "type": "Point",
        "coordinates": [
          78.5648775,
          17.4527375
        ]
      },
      "id": "node/9369549952"
    },
    {
      "type": "Feature",
      "properties": {
        "@id": "node/9369555762",
        "amenity": "hospital",
        "healthcare": "hospital",
        "name": "Nandini"
      },
      "geometry": {
        "type": "Point",
        "coordinates": [
          78.5647251,
          17.4527443
        ]
      },
      "id": "node/9369555762"
    },
    {
      "type": "Feature",
      "properties": {
        "@id": "node/9369819271",
        "amenity": "hospital",
        "healthcare": "hospital",
        "name": "vijaya diagonistics"
      },
      "geometry": {
        "type": "Point",
        "coordinates": [
          78.5615635,
          17.4632492
        ]
      },
      "id": "node/9369819271"
    },
    {
      "type": "Feature",
      "properties": {
        "@id": "node/9369819272",
        "amenity": "hospital",
        "healthcare": "hospital",
        "name": "Government uphc"
      },
      "geometry": {
        "type": "Point",
        "coordinates": [
          78.5587486,
          17.4622327
        ]
      },
      "id": "node/9369819272"
    },
    {
      "type": "Feature",
      "properties": {
        "@id": "node/9391261140",
        "amenity": "hospital",
        "healthcare": "hospital"
      },
      "geometry": {
        "type": "Point",
        "coordinates": [
          78.5517653,
          17.4274216
        ]
      },
      "id": "node/9391261140"
    },
    {
      "type": "Feature",
      "properties": {
        "@id": "node/9527080374",
        "amenity": "hospital",
        "healthcare": "hospital",
        "name": "kamineni"
      },
      "geometry": {
        "type": "Point",
        "coordinates": [
          78.5589741,
          17.3532901
        ]
      },
      "id": "node/9527080374"
    },
    {
      "type": "Feature",
      "properties": {
        "@id": "node/9605389618",
        "amenity": "hospital",
        "healthcare": "hospital",
        "name": "Chenna reddy hospital"
      },
      "geometry": {
        "type": "Point",
        "coordinates": [
          78.3212245,
          17.4940583
        ]
      },
      "id": "node/9605389618"
    },
    {
      "type": "Feature",
      "properties": {
        "@id": "node/9611895277",
        "amenity": "hospital",
        "emergency": "yes",
        "healthcare": "hospital"
      },
      "geometry": {
        "type": "Point",
        "coordinates": [
          78.4563763,
          17.438001
        ]
      },
      "id": "node/9611895277"
    },
    {
      "type": "Feature",
      "properties": {
        "@id": "node/9728614166",
        "amenity": "hospital",
        "healthcare": "hospital",
        "healthcare:speciality": "general",
        "name": "balaji hospital"
      },
      "geometry": {
        "type": "Point",
        "coordinates": [
          78.4207649,
          17.5026194
        ]
      },
      "id": "node/9728614166"
    },
    {
      "type": "Feature",
      "properties": {
        "@id": "node/9852600026",
        "addr:city": "Hyderguda",
        "addr:housenumber": "139 pillar , Above IDBI Bank, 3rd Floor",
        "addr:postcode": "500048",
        "addr:street": "Hyderabad Elevated Expressway \"P.V. Narasimha Rao\"",
        "amenity": "hospital",
        "description": "Exclusive pain clinic treating Knee Pain, SHoulder, Lower back pain, migranes and all chronic pains, Non-Surgically",
        "email": "help@painfreelife.in",
        "healthcare": "hospital",
        "healthcare:speciality": "pain_control",
        "name": "PRAANAA PAIN CLINIC",
        "operator": "Dr. Sahitya",
        "operator:type": "private",
        "phone": "+91 9182626161",
        "website": "www.painfreelife.in"
      },
      "geometry": {
        "type": "Point",
        "coordinates": [
          78.4286144,
          17.3646406
        ]
      },
      "id": "node/9852600026"
    },
    {
      "type": "Feature",
      "properties": {
        "@id": "node/9903919151",
        "amenity": "hospital",
        "healthcare": "hospital"
      },
      "geometry": {
        "type": "Point",
        "coordinates": [
          78.5182344,
          17.4287042
        ]
      },
      "id": "node/9903919151"
    },
    {
      "type": "Feature",
      "properties": {
        "@id": "node/9903987802",
        "addr:city": "hyderabad",
        "addr:postcode": "500072",
        "addr:street": "Nizampet Road",
        "amenity": "hospital",
        "healthcare": "hospital",
        "name": "sri sri holistic hospitals"
      },
      "geometry": {
        "type": "Point",
        "coordinates": [
          78.3889444,
          17.5020423
        ]
      },
      "id": "node/9903987802"
    },
    {
      "type": "Feature",
      "properties": {
        "@id": "node/9924565993",
        "amenity": "hospital",
        "healthcare": "hospital",
        "name": "Railway hospital"
      },
      "geometry": {
        "type": "Point",
        "coordinates": [
          78.5461318,
          17.4434504
        ]
      },
      "id": "node/9924565993"
    },
    {
      "type": "Feature",
      "properties": {
        "@id": "node/10087214571",
        "addr:city": "Hyderabad",
        "addr:place": "Malakpet",
        "addr:state": "Telangana",
        "amenity": "hospital",
        "contact:phone": "+91 92465 85883 ; +91 83411 48193",
        "name": "آئی کیئر حیدرآباد (سپر اسپیشلٹی آئی ہسپتال)",
        "name:en": "Eye Care Hyderabad (Superspeciality Eye Hospital)",
        "opening_hours": "Mo-Sa 09:00-19:30",
        "website": "https://eyecarehyd.com/"
      },
      "geometry": {
        "type": "Point",
        "coordinates": [
          78.4973599,
          17.3759689
        ]
      },
      "id": "node/10087214571"
    },
    {
      "type": "Feature",
      "properties": {
        "@id": "node/10112896286",
        "amenity": "hospital",
        "name": "Mythri Hospital"
      },
      "geometry": {
        "type": "Point",
        "coordinates": [
          78.4292848,
          17.3836203
        ]
      },
      "id": "node/10112896286"
    },
    {
      "type": "Feature",
      "properties": {
        "@id": "node/10139228459",
        "addr:city": "Hyderabad",
        "addr:housenumber": "House No 9-4-84/16",
        "addr:postcode": "500028",
        "addr:street": "1st Floor, Janaa Heights Nanal Nagar Cross Roads , Toli Chowki, Mehdipatnam,",
        "amenity": "hospital",
        "email": "vinayakanethralayaeyehospital@gmail.com",
        "healthcare": "hospital",
        "healthcare:speciality": "ophthalmology",
        "name": "Vinayaka Nethralaya Eye Hospital",
        "phone": "+919677920539",
        "website": "https://vinayakanethralayaeyehospital.com/"
      },
      "geometry": {
        "type": "Point",
        "coordinates": [
          78.4261156,
          17.3932979
        ]
      },
      "id": "node/10139228459"
    },
    {
      "type": "Feature",
      "properties": {
        "@id": "node/10150942414",
        "amenity": "hospital",
        "healthcare": "hospital"
      },
      "geometry": {
        "type": "Point",
        "coordinates": [
          78.3547514,
          17.4605484
        ]
      },
      "id": "node/10150942414"
    },
    {
      "type": "Feature",
      "properties": {
        "@id": "node/10277755873",
        "amenity": "hospital",
        "healthcare": "hospital"
      },
      "geometry": {
        "type": "Point",
        "coordinates": [
          78.5619053,
          17.4628046
        ]
      },
      "id": "node/10277755873"
    },
    {
      "type": "Feature",
      "properties": {
        "@id": "node/10277927480",
        "amenity": "hospital",
        "healthcare": "hospital",
        "name": "hs"
      },
      "geometry": {
        "type": "Point",
        "coordinates": [
          78.5426952,
          17.4359366
        ]
      },
      "id": "node/10277927480"
    },
    {
      "type": "Feature",
      "properties": {
        "@id": "node/10279481534",
        "amenity": "hospital",
        "healthcare": "hospital"
      },
      "geometry": {
        "type": "Point",
        "coordinates": [
          78.4408817,
          17.3607193
        ]
      },
      "id": "node/10279481534"
    },
    {
      "type": "Feature",
      "properties": {
        "@id": "node/10707719605",
        "addr:postcode": "500004",
        "addr:street": "Venkataramana Colony",
        "amenity": "hospital",
        "name": "Avinash child hospital"
      },
      "geometry": {
        "type": "Point",
        "coordinates": [
          78.4539247,
          17.4146159
        ]
      },
      "id": "node/10707719605"
    },
    {
      "type": "Feature",
      "properties": {
        "@id": "node/10790318146",
        "amenity": "hospital",
        "brand": "Dr Agarwals",
        "healthcare": "hospital",
        "name": "Dr Agarwals Eye Hospital",
        "operator": "Dr. Agarwal's Eye Hospital",
        "operator:type": "private",
        "operator:wikidata": "Q17052044"
      },
      "geometry": {
        "type": "Point",
        "coordinates": [
          78.3716983,
          17.4310175
        ]
      },
      "id": "node/10790318146"
    },
    {
      "type": "Feature",
      "properties": {
        "@id": "node/10817244976",
        "amenity": "hospital",
        "healthcare": "hospital"
      },
      "geometry": {
        "type": "Point",
        "coordinates": [
          78.5224832,
          17.362556
        ]
      },
      "id": "node/10817244976"
    },
    {
      "type": "Feature",
      "properties": {
        "@id": "node/10898562903",
        "amenity": "hospital",
        "healthcare": "hospital"
      },
      "geometry": {
        "type": "Point",
        "coordinates": [
          78.5405264,
          17.400154
        ]
      },
      "id": "node/10898562903"
    },
    {
      "type": "Feature",
      "properties": {
        "@id": "node/10959100965",
        "addr:city": "Hyderabad",
        "addr:postcode": "500076",
        "addr:street": "sv nagar",
        "amenity": "hospital",
        "healthcare": "hospital",
        "name": "Sri rama clinic"
      },
      "geometry": {
        "type": "Point",
        "coordinates": [
          78.5720791,
          17.4410992
        ]
      },
      "id": "node/10959100965"
    },
    {
      "type": "Feature",
      "properties": {
        "@id": "node/10969330843",
        "addr:district": "Hyderabad",
        "addr:place": "Lalapet",
        "addr:state": "Telangana",
        "addr:street": "Lane opposite Ram theatre",
        "addr:subdistrict": "Marredpally",
        "amenity": "hospital",
        "healthcare": "hospital",
        "name": "Community Health Centre, Lalapet",
        "operational_status": "operational",
        "operator:type": "government",
        "source": "OpenDataTelangana"
      },
      "geometry": {
        "type": "Point",
        "coordinates": [
          78.54187,
          17.4388301
        ]
      },
      "id": "node/10969330843"
    },
    {
      "type": "Feature",
      "properties": {
        "@id": "node/10970003770",
        "amenity": "hospital",
        "fixme": "add proper tags: Government Homoeo Dispensary, Vijayanagar Colony operational_status = operational operator:type=government source=OpenDataTelangana",
        "healthcare": "hospital"
      },
      "geometry": {
        "type": "Point",
        "coordinates": [
          78.4624848,
          17.3923182
        ]
      },
      "id": "node/10970003770"
    },
    {
      "type": "Feature",
      "properties": {
        "@id": "node/10989359035",
        "addr:district": "Hyderabad",
        "addr:place": "Amberpet",
        "addr:state": "Telangana",
        "addr:street": "MCH, colony",
        "addr:subdistrict": "Amberpet",
        "amenity": "hospital",
        "healthcare": "hospital",
        "name": "Community Health Centre, AMBERPET",
        "operational_status": "operational",
        "operator:type": "government",
        "source": "OpenDataTelangana"
      },
      "geometry": {
        "type": "Point",
        "coordinates": [
          78.5178213,
          17.3921953
        ]
      },
      "id": "node/10989359035"
    },
    {
      "type": "Feature",
      "properties": {
        "@id": "node/10993267945",
        "addr:district": "Rangareddy",
        "addr:place": "Vanasthalipuram",
        "addr:state": "Telangana",
        "addr:street": "NGO's Colony",
        "addr:subdistrict": "Hayathnagar",
        "amenity": "hospital",
        "healthcare": "hospital",
        "name": "Area Hospital",
        "operational_status": "operational",
        "operator:type": "government",
        "source": "OpenDataTelangana"
      },
      "geometry": {
        "type": "Point",
        "coordinates": [
          78.5652052,
          17.3314694
        ]
      },
      "id": "node/10993267945"
    },
    {
      "type": "Feature",
      "properties": {
        "@id": "node/11001513668",
        "addr:district": "Hyderabad",
        "addr:place": "Trt Quarters",
        "addr:state": "Telangana",
        "addr:street": "Seethaphalmandi",
        "addr:subdistrict": "Musheerabad",
        "amenity": "hospital",
        "healthcare": "hospital",
        "name": "Community Health Centre, Seethaphalmandi",
        "operational_status": "operational",
        "operator:type": "government",
        "source": "OpenDataTelangana"
      },
      "geometry": {
        "type": "Point",
        "coordinates": [
          78.5192979,
          17.4265349
        ]
      },
      "id": "node/11001513668"
    },
    {
      "type": "Feature",
      "properties": {
        "@id": "node/11001534025",
        "addr:district": "Hyderabad",
        "addr:place": "Humayun Nagar, Hyderabad",
        "addr:state": "Telangana",
        "addr:street": "Humayun nagar",
        "addr:subdistrict": "Khairatabad",
        "amenity": "hospital",
        "healthcare": "hospital",
        "name": "Sarojini Devi EYE Hospital",
        "operational_status": "operational",
        "operator:type": "government",
        "source": "OpenDataTelangana"
      },
      "geometry": {
        "type": "Point",
        "coordinates": [
          78.4911923,
          17.4137227
        ]
      },
      "id": "node/11001534025"
    },
    {
      "type": "Feature",
      "properties": {
        "@id": "node/11001544010",
        "addr:district": "Medchal Malkajgiri",
        "addr:place": "Geetha Nagar Malkajgiri",
        "addr:state": "Telangana",
        "addr:street": "Geetha Nagar Malkajgiri",
        "addr:subdistrict": "Malkajgiri",
        "amenity": "hospital",
        "healthcare": "hospital",
        "name": "AREA HOSPITAL MALKAJGIRI",
        "operational_status": "operational",
        "operator:type": "government",
        "source": "OpenDataTelangana"
      },
      "geometry": {
        "type": "Point",
        "coordinates": [
          78.5321201,
          17.4504805
        ]
      },
      "id": "node/11001544010"
    },
    {
      "type": "Feature",
      "properties": {
        "@id": "node/11005197974",
        "addr:district": "Hyderabad",
        "addr:place": "Ramanthapur, Uppal Road",
        "addr:state": "Telangana",
        "addr:street": "Warangal Highway Road",
        "addr:subdistrict": "Amberpet",
        "amenity": "hospital",
        "healthcare": "hospital",
        "name": "DK Govt Homoeopathic Hospital, Ramanthapur, Hyd",
        "operational_status": "operational",
        "operator:type": "government",
        "source": "OpenDataTelangana"
      },
      "geometry": {
        "type": "Point",
        "coordinates": [
          78.5310178,
          17.3979133
        ]
      },
      "id": "node/11005197974"
    },
    {
      "type": "Feature",
      "properties": {
        "@id": "node/11005951281",
        "addr:district": "Hyderabad",
        "addr:place": "Taj Enclave",
        "addr:state": "Telangana",
        "addr:street": "6-1-968",
        "addr:subdistrict": "Khairatabad",
        "amenity": "hospital",
        "healthcare": "hospital",
        "name": "CHC KHAIRATABAD",
        "operational_status": "operational",
        "operator:type": "government",
        "source": "OpenDataTelangana"
      },
      "geometry": {
        "type": "Point",
        "coordinates": [
          78.4219109,
          17.4448127
        ]
      },
      "id": "node/11005951281"
    },
    {
      "type": "Feature",
      "properties": {
        "@id": "node/11005968513",
        "addr:district": "Hyderabad",
        "addr:place": "Opp. Old Police Station",
        "addr:state": "Telangana",
        "addr:street": "BALKAMPET ROAD",
        "addr:subdistrict": "Ameerpet",
        "amenity": "hospital",
        "healthcare": "hospital",
        "name": "Community Health Centre, AMEERPET",
        "operational_status": "operational",
        "operator:type": "government"
      },
      "geometry": {
        "type": "Point",
        "coordinates": [
          78.4248854,
          17.4485486
        ]
      },
      "id": "node/11005968513"
    },
    {
      "type": "Feature",
      "properties": {
        "@id": "node/11027534552",
        "amenity": "hospital",
        "healthcare": "hospital",
        "name": "Shishira hospitals"
      },
      "geometry": {
        "type": "Point",
        "coordinates": [
          78.4455728,
          17.4317717
        ]
      },
      "id": "node/11027534552"
    },
    {
      "type": "Feature",
      "properties": {
        "@id": "node/11027534563",
        "amenity": "hospital",
        "healthcare": "hospital",
        "name": "Image Hospital"
      },
      "geometry": {
        "type": "Point",
        "coordinates": [
          78.4473474,
          17.4314966
        ]
      },
      "id": "node/11027534563"
    },
    {
      "type": "Feature",
      "properties": {
        "@id": "node/11027534564",
        "amenity": "hospital",
        "healthcare": "hospital",
        "name": "Medkid children's hospital"
      },
      "geometry": {
        "type": "Point",
        "coordinates": [
          78.4487075,
          17.4302495
        ]
      },
      "id": "node/11027534564"
    },
    {
      "type": "Feature",
      "properties": {
        "@id": "node/11082456129",
        "amenity": "hospital",
        "healthcare": "hospital",
        "name": "Maholla Clinic"
      },
      "geometry": {
        "type": "Point",
        "coordinates": [
          78.4115501,
          17.4566753
        ]
      },
      "id": "node/11082456129"
    },
    {
      "type": "Feature",
      "properties": {
        "@id": "node/11082456132",
        "amenity": "hospital",
        "healthcare": "hospital",
        "healthcare:speciality": "general;diabetology",
        "name": "Mohammadi Clinic"
      },
      "geometry": {
        "type": "Point",
        "coordinates": [
          78.4103806,
          17.4564341
        ]
      },
      "id": "node/11082456132"
    },
    {
      "type": "Feature",
      "properties": {
        "@id": "node/11098927505",
        "addr:postcode": "500013",
        "addr:street": "RTC Colony",
        "amenity": "hospital",
        "name": "Susheela Hospital"
      },
      "geometry": {
        "type": "Point",
        "coordinates": [
          78.5365962,
          17.3934464
        ]
      },
      "id": "node/11098927505"
    },
    {
      "type": "Feature",
      "properties": {
        "@id": "node/11365536218",
        "amenity": "hospital",
        "healthcare": "hospital"
      },
      "geometry": {
        "type": "Point",
        "coordinates": [
          78.4680874,
          17.337349
        ]
      },
      "id": "node/11365536218"
    },
    {
      "type": "Feature",
      "properties": {
        "@id": "node/11690468635",
        "amenity": "hospital",
        "healthcare": "hospital",
        "name": "appolo medical shop1"
      },
      "geometry": {
        "type": "Point",
        "coordinates": [
          78.6007159,
          17.3147451
        ]
      },
      "id": "node/11690468635"
    },
    {
      "type": "Feature",
      "properties": {
        "@id": "node/11736376192",
        "amenity": "hospital",
        "check_date": "2024-03-16",
        "healthcare": "hospital",
        "name": "JNTU Hospital"
      },
      "geometry": {
        "type": "Point",
        "coordinates": [
          78.3910656,
          17.4915484
        ]
      },
      "id": "node/11736376192"
    },
    {
      "type": "Feature",
      "properties": {
        "@id": "node/11770988839",
        "amenity": "hospital",
        "check_date": "2024-03-29",
        "healthcare": "hospital",
        "name": "Omega Hospitals"
      },
      "geometry": {
        "type": "Point",
        "coordinates": [
          78.3675806,
          17.4364246
        ]
      },
      "id": "node/11770988839"
    },
    {
      "type": "Feature",
      "properties": {
        "@id": "node/11770993373",
        "amenity": "hospital",
        "check_date": "2024-03-29",
        "healthcare": "hospital",
        "name": "Amar Hospitals"
      },
      "geometry": {
        "type": "Point",
        "coordinates": [
          78.4204028,
          17.4771569
        ]
      },
      "id": "node/11770993373"
    },
    {
      "type": "Feature",
      "properties": {
        "@id": "node/11770993380",
        "amenity": "hospital",
        "check_date": "2024-03-29",
        "healthcare": "hospital",
        "name": "Yashoda Hospitals"
      },
      "geometry": {
        "type": "Point",
        "coordinates": [
          78.384176,
          17.4622687
        ]
      },
      "id": "node/11770993380"
    },
    {
      "type": "Feature",
      "properties": {
        "@id": "node/11821271825",
        "addr:city": "HYDERABAD",
        "addr:district": "Hyderabad",
        "addr:housenumber": "K/21, 8-3-167, Kalyan Nagar Phase 3 Rd, phase-3, Pramila Enclave",
        "addr:postcode": "500018",
        "addr:street": "Kalyan Nagar",
        "amenity": "hospital",
        "emergency": "yes",
        "healthcare": "hospital",
        "healthcare:speciality": "general;orthopaedics;urology;paediatrics;radiology;emergency;cardiology;blood_check",
        "name": "Sunridge Multi-Speciality Hospital",
        "operator": "http://sunridgehospital.com/",
        "operator:type": "private"
      },
      "geometry": {
        "type": "Point",
        "coordinates": [
          78.421752,
          17.4538625
        ]
      },
      "id": "node/11821271825"
    },
    {
      "type": "Feature",
      "properties": {
        "@id": "node/11925953631",
        "addr:district": "Hyderabad",
        "addr:place": "Near Tv Studio",
        "addr:state": "Telangana",
        "addr:street": "Ramanthapur",
        "addr:subdistrict": "Amberpet",
        "amenity": "hospital",
        "healthcare": "hospital",
        "name": "D.K.GOVT. HOMOEO HOSPITAL",
        "operational_status": "operational",
        "operator:type": "government",
        "source": "OpenDataTelangana"
      },
      "geometry": {
        "type": "Point",
        "coordinates": [
          78.4562354,
          17.3841667
        ]
      },
      "id": "node/11925953631"
    },
    {
      "type": "Feature",
      "properties": {
        "@id": "node/11934311883",
        "addr:district": "Hyderabad",
        "addr:place": "Ag Colony Rd, Vikaspuri, Erragadda,Hyderabad",
        "addr:state": "Telangana",
        "addr:street": "AG COLONY ROAD",
        "addr:subdistrict": "Ameerpet",
        "amenity": "hospital",
        "healthcare": "hospital",
        "name": "Government Ayurvedic Hospital, Erragadda, Hyderabad",
        "operational_status": "operational",
        "operator:type": "government",
        "source": "OpenDataTelangana"
      },
      "geometry": {
        "type": "Point",
        "coordinates": [
          78.4338427,
          17.4487092
        ]
      },
      "id": "node/11934311883"
    },
    {
      "type": "Feature",
      "properties": {
        "@id": "node/11935458418",
        "addr:district": "Rangareddy",
        "addr:place": "Water Pilter Beds",
        "addr:state": "Telangana",
        "addr:street": "MAINROAD",
        "addr:subdistrict": "Rajendranagar",
        "amenity": "hospital",
        "healthcare": "hospital",
        "name": "Community Health Centre Rajendranagar",
        "operational_status": "operational",
        "operator:type": "government",
        "source": "OpenDataTelangana"
      },
      "geometry": {
        "type": "Point",
        "coordinates": [
          78.4018045,
          17.3203486
        ]
      },
      "id": "node/11935458418"
    },
    {
      "type": "Feature",
      "properties": {
        "@id": "node/11936156147",
        "addr:district": "Hyderabad",
        "addr:place": "Barkas",
        "addr:state": "Telangana",
        "addr:street": "OPP:CRPF play ground",
        "addr:subdistrict": "Bandlaguda",
        "amenity": "hospital",
        "healthcare": "hospital",
        "name": "Community Health Centre, BARKAS",
        "operational_status": "operational",
        "operator:type": "government",
        "source": "OpenDataTelangana"
      },
      "geometry": {
        "type": "Point",
        "coordinates": [
          78.4831721,
          17.3144808
        ]
      },
      "id": "node/11936156147"
    },
    {
      "type": "Feature",
      "properties": {
        "@id": "node/11936158149",
        "addr:district": "Hyderabad",
        "addr:place": "Red Hills, Baazar Ghat, Lakdi Ka Pul, Hyderabad",
        "addr:state": "Telangana",
        "addr:street": "Baazar Ghat, Lakdi Ka Pul,",
        "addr:subdistrict": "Nampally",
        "amenity": "hospital",
        "healthcare": "hospital",
        "name": "Niloufer Hospital",
        "operational_status": "operational",
        "operator:type": "government",
        "source": "OpenDataTelangana"
      },
      "geometry": {
        "type": "Point",
        "coordinates": [
          78.4610376,
          17.3986812
        ]
      },
      "id": "node/11936158149"
    },
    {
      "type": "Feature",
      "properties": {
        "@id": "node/11936638169",
        "addr:district": "Hyderabad",
        "addr:place": "Fort Road Golconda",
        "addr:state": "Telangana",
        "addr:street": "Golconda",
        "addr:subdistrict": "Golconda",
        "amenity": "hospital",
        "healthcare": "hospital",
        "name": "Area Hospital, Golconda",
        "operational_status": "operational",
        "operator:type": "government",
        "source": "OpenDataTelangana"
      },
      "geometry": {
        "type": "Point",
        "coordinates": [
          78.4293977,
          17.3975018
        ]
      },
      "id": "node/11936638169"
    },
    {
      "type": "Feature",
      "properties": {
        "@id": "node/11936671649",
        "addr:district": "Hyderabad",
        "addr:place": "Erragadda, Hyderabad",
        "addr:state": "Telangana",
        "addr:street": "Erragadda",
        "addr:subdistrict": "Khairatabad",
        "amenity": "hospital",
        "healthcare": "hospital",
        "name": "Government Chest Hospital",
        "operational_status": "operational",
        "operator:type": "government",
        "source": "OpenDataTelangana"
      },
      "geometry": {
        "type": "Point",
        "coordinates": [
          78.434959,
          17.4454284
        ]
      },
      "id": "node/11936671649"
    },
    {
      "type": "Feature",
      "properties": {
        "@id": "node/11937489795",
        "addr:district": "Hyderabad",
        "addr:state": "Telangana",
        "addr:street": "Petlaburz",
        "addr:subdistrict": "Charminar",
        "amenity": "hospital",
        "healthcare": "hospital",
        "name": "MG Govt Maternity Hospital, Petla Burz",
        "operational_status": "operational",
        "operator:type": "government",
        "source": "OpenDataTelangana"
      },
      "geometry": {
        "type": "Point",
        "coordinates": [
          78.4674183,
          17.3684615
        ]
      },
      "id": "node/11937489795"
    },
    {
      "type": "Feature",
      "properties": {
        "@id": "node/11938622049",
        "addr:district": "Hyderabad",
        "addr:place": "Red Hills, Lakadikapul, Hyderabad",
        "addr:state": "Telangana",
        "addr:street": "Red Hills, Lakadikapul,",
        "addr:subdistrict": "Nampally",
        "amenity": "hospital",
        "healthcare": "hospital",
        "name": "MNJ Institute of Oncology and Regional Cancer Center",
        "operational_status": "operational",
        "operator:type": "government",
        "source": "OpenDataTelangana"
      },
      "geometry": {
        "type": "Point",
        "coordinates": [
          78.4601927,
          17.392244
        ]
      },
      "id": "node/11938622049"
    },
    {
      "type": "Feature",
      "properties": {
        "@id": "node/11940092750",
        "addr:district": "Hyderabad",
        "addr:place": "Main Road, Erragadda, Hyderabad",
        "addr:state": "Telangana",
        "addr:street": "Main Road, Erragadda,",
        "addr:subdistrict": "Khairatabad",
        "amenity": "hospital",
        "healthcare": "hospital",
        "name": "Institute of Mental Health",
        "operational_status": "operational",
        "operator:type": "government",
        "source": "OpenDataTelangana"
      },
      "geometry": {
        "type": "Point",
        "coordinates": [
          78.4361121,
          17.4506724
        ]
      },
      "id": "node/11940092750"
    },
    {
      "type": "Feature",
      "properties": {
        "@id": "node/12185383852",
        "addr:city": "Hyderabad",
        "addr:district": "Hyderabad",
        "addr:housenumber": "10-2-229/A, opposite Al-Saba hotel",
        "addr:postcode": "500057",
        "addr:street": "above ICICI Bank, Syed Azam Colony, Vijaya Nagar Colony",
        "amenity": "hospital",
        "email": "dentistrymk@gmail.com",
        "emergency": "yes",
        "healthcare": "hospital",
        "healthcare:speciality": "dentist",
        "mobile": "+918500678698",
        "name": "MK Dentistry",
        "opening_hours": "Mo-Sa 10:00-21:30",
        "operator": "MK Group Of Dentals",
        "operator:type": "private",
        "website": "https://www.dentistrymk.in/"
      },
      "geometry": {
        "type": "Point",
        "coordinates": [
          78.4556625,
          17.3951477
        ]
      },
      "id": "node/12185383852"
    },
    {
      "type": "Feature",
      "properties": {
        "@id": "node/12536226054",
        "amenity": "hospital",
        "name": "SK + Diagnostics"
      },
      "geometry": {
        "type": "Point",
        "coordinates": [
          78.5681603,
          17.4754498
        ]
      },
      "id": "node/12536226054"
    },
    {
      "type": "Feature",
      "properties": {
        "@id": "node/12565848764",
        "amenity": "hospital",
        "healthcare": "hospital"
      },
      "geometry": {
        "type": "Point",
        "coordinates": [
          78.4745244,
          17.3535776
        ]
      },
      "id": "node/12565848764"
    },
    {
      "type": "Feature",
      "properties": {
        "@id": "node/12669348711",
        "addr:city": "Hyderabad",
        "addr:district": "hyderabad",
        "addr:postcode": "500054",
        "addr:street": "Sumithra Nagar, Gudement Nagar, IDPL Colony, Balanagar",
        "amenity": "hospital",
        "contact:facebook": "https://www.facebook.com/revivemultispecialityhospital",
        "email": "revivehospitalhyd@gmail.com",
        "emergency": "yes",
        "healthcare": "hospital",
        "healthcare:speciality": "orthopaedics;gynaecology;general;paediatrics;dermatology;otolaryngology;surgery;neurology;emergency;gastroenterology",
        "internet_access": "yes",
        "name": "Revive Multispeciality Hospital",
        "opening_hours": "24/7",
        "source": "local knowledge;gps",
        "wheelchair": "yes"
      },
      "geometry": {
        "type": "Point",
        "coordinates": [
          78.4497546,
          17.4865279
        ]
      },
      "id": "node/12669348711"
    },
    {
      "type": "Feature",
      "properties": {
        "@id": "node/12852366410",
        "amenity": "hospital",
        "healthcare": "hospital",
        "name": "Sai charan Children's hospital"
      },
      "geometry": {
        "type": "Point",
        "coordinates": [
          78.5299056,
          17.3959816
        ]
      },
      "id": "node/12852366410"
    },
    {
      "type": "Feature",
      "properties": {
        "@id": "node/12852371077",
        "amenity": "hospital",
        "healthcare": "hospital",
        "name": "Janani infertility center"
      },
      "geometry": {
        "type": "Point",
        "coordinates": [
          78.5299096,
          17.3943514
        ]
      },
      "id": "node/12852371077"
    },
    {
      "type": "Feature",
      "properties": {
        "@id": "node/13020731415",
        "addr:city": "Hyderabad",
        "addr:district": "Hyderabad",
        "addr:housenumber": "4th Floor",
        "addr:postcode": "500072",
        "addr:street": "MMTS Station Rd, beside Jehovah House of Worship, near Hitech City, K P H B Phase 7, Kukatpally, Hyderabad,",
        "amenity": "hospital",
        "healthcare": "hospital",
        "healthcare:speciality": "skin_care;hair_care;aesthetic_clinic;dermatologist_clinic",
        "name": "Reborn Skin and Hair Clinic",
        "operator": "https://rebornclinics.in/",
        "operator:type": "private"
      },
      "geometry": {
        "type": "Point",
        "coordinates": [
          78.3872398,
          17.4731157
        ]
      },
      "id": "node/13020731415"
    },
    {
      "type": "Feature",
      "properties": {
        "@id": "node/13169104952",
        "addr:city": "Hyderabad",
        "addr:district": "Hyderabad",
        "addr:housenumber": "Plot No 59",
        "addr:postcode": "500085",
        "addr:street": "Hitech - Kukatpally Main Road",
        "amenity": "hospital",
        "contact:facebook": "https://www.facebook.com/saiayushayurveda",
        "email": "info@saiayushayurveda.com",
        "healthcare": "hospital",
        "healthcare:speciality": "ayurveda;naturopathy;physiotherapy",
        "internet_access:ssid": "saiayush",
        "mobile": "+918142328080",
        "name": "Sai Ayush Ayurveda Hospital - wellness Hyderabad",
        "opening_hours": "Mo-Su 07:00-22:00",
        "payment:app": "yes",
        "payment:cards": "yes",
        "payment:cash": "yes",
        "payment:contactless": "yes",
        "payment:credit_cards": "yes",
        "payment:debit_cards": "yes",
        "payment:mastercard": "yes",
        "payment:visa": "yes",
        "start_date": "2025-02-02",
        "website": "https://saiayushayurveda.com/",
        "wheelchair": "yes"
      },
      "geometry": {
        "type": "Point",
        "coordinates": [
          78.3871998,
          17.473193
        ]
      },
      "id": "node/13169104952"
    },
    {
      "type": "Feature",
      "properties": {
        "@id": "node/13227662859",
        "amenity": "hospital",
        "check_date": "2025-10-12",
        "healthcare": "hospital",
        "name": "Renova Hospitals"
      },
      "geometry": {
        "type": "Point",
        "coordinates": [
          78.414395,
          17.3733681
        ]
      },
      "id": "node/13227662859"
    },
    {
      "type": "Feature",
      "properties": {
        "@id": "node/13285248846",
        "amenity": "hospital",
        "check_date": "2025-11-06",
        "healthcare": "hospital",
        "name": "Pi Health Hospital"
      },
      "geometry": {
        "type": "Point",
        "coordinates": [
          78.3605759,
          17.4482414
        ]
      },
      "id": "node/13285248846"
    },
    {
      "type": "Feature",
      "properties": {
        "@id": "node/13334012866",
        "addr:city": "Hyderabad",
        "addr:district": "Hyderabad",
        "addr:housenumber": "A/1, Survey No:335, Toli Chowki 8-1, 296,",
        "addr:postcode": "500008",
        "addr:street": "Old Bombay Highway",
        "amenity": "hospital",
        "contact:facebook": "https://www.facebook.com/profile.php?id=61573383270142",
        "healthcare": "hospital",
        "healthcare:speciality": "dentist;dermatology;physiotherapy;paediatrics;gynaecology",
        "mobile": "+919100162144",
        "name": "Oneders Clinics",
        "operator": "Healedge",
        "operator:type": "private",
        "website": "https://www.onedersclinics.com/"
      },
      "geometry": {
        "type": "Point",
        "coordinates": [
          78.3999909,
          17.4090636
        ]
      },
      "id": "node/13334012866"
    },
    {
      "type": "Feature",
      "properties": {
        "@id": "node/13337356007",
        "amenity": "hospital",
        "healthcare": "hospital",
        "name": "Medicare Hospitals"
      },
      "geometry": {
        "type": "Point",
        "coordinates": [
          78.5483858,
          17.349695
        ]
      },
      "id": "node/13337356007"
    },
    {
      "type": "Feature",
      "properties": {
        "@id": "node/13423743515",
        "amenity": "hospital",
        "emergency": "yes",
        "healthcare": "hospital",
        "name": "Arete Hospitals"
      },
      "geometry": {
        "type": "Point",
        "coordinates": [
          78.3749073,
          17.4276743
        ]
      },
      "id": "node/13423743515"
    },
    {
      "type": "Feature",
      "properties": {
        "@id": "node/13436948463",
        "amenity": "hospital",
        "healthcare": "hospital",
        "name": "Dental clinic"
      },
      "geometry": {
        "type": "Point",
        "coordinates": [
          78.5014822,
          17.3968148
        ]
      },
      "id": "node/13436948463"
    },
    {
      "type": "Feature",
      "properties": {
        "@id": "node/13436972602",
        "amenity": "hospital",
        "healthcare": "hospital",
        "name": "eyes specalist"
      },
      "geometry": {
        "type": "Point",
        "coordinates": [
          78.4901536,
          17.4126071
        ]
      },
      "id": "node/13436972602"
    },
    {
      "type": "Feature",
      "properties": {
        "@id": "node/13531355136",
        "amenity": "hospital",
        "check_date": "2026-02-07",
        "healthcare": "hospital",
        "name": "Medicover"
      },
      "geometry": {
        "type": "Point",
        "coordinates": [
          78.37756,
          17.4552142
        ]
      },
      "id": "node/13531355136"
    },
    {
      "type": "Feature",
      "properties": {
        "@id": "node/13597379930",
        "addr:city": "Hyderabad",
        "addr:district": "Rangareddy",
        "addr:postcode": "500097",
        "addr:street": "bupeshgupta nagar",
        "amenity": "hospital",
        "healthcare": "hospital",
        "healthcare:speciality": "paediatrics;general",
        "name": "Govt street Hospital"
      },
      "geometry": {
        "type": "Point",
        "coordinates": [
          78.5367482,
          17.3327926
        ]
      },
      "id": "node/13597379930"
    },
    {
      "type": "Feature",
      "properties": {
        "@id": "node/13673586497",
        "amenity": "hospital",
        "healthcare": "hospital",
        "name": "Eye Hospital centre"
      },
      "geometry": {
        "type": "Point",
        "coordinates": [
          78.4672542,
          17.3731304
        ]
      },
      "id": "node/13673586497"
    },
    {
      "type": "Feature",
      "properties": {
        "@id": "node/13673824533",
        "amenity": "hospital",
        "healthcare": "hospital",
        "name": "Chanda Nursing homes"
      },
      "geometry": {
        "type": "Point",
        "coordinates": [
          78.4691254,
          17.3747716
        ]
      },
      "id": "node/13673824533"
    },
    {
      "type": "Feature",
      "properties": {
        "@id": "node/13673824534",
        "amenity": "hospital",
        "healthcare": "hospital",
        "name": "Pilies Clinic"
      },
      "geometry": {
        "type": "Point",
        "coordinates": [
          78.4690221,
          17.3750071
        ]
      },
      "id": "node/13673824534"
    },
    {
      "type": "Feature",
      "properties": {
        "@id": "node/13673868798",
        "amenity": "hospital",
        "healthcare": "hospital",
        "name": "childern hospital"
      },
      "geometry": {
        "type": "Point",
        "coordinates": [
          78.4262632,
          17.5030699
        ]
      },
      "id": "node/13673868798"
    },
    {
      "type": "Feature",
      "properties": {
        "@id": "node/13707203217",
        "amenity": "hospital",
        "emergency": "yes",
        "healthcare": "hospital",
        "healthcare:speciality": "psychiatry",
        "level": "1",
        "name": "Chetana Hospital",
        "payment:app": "yes",
        "payment:cards": "yes",
        "payment:cash": "yes",
        "wheelchair": "limited"
      },
      "geometry": {
        "type": "Point",
        "coordinates": [
          78.4832145,
          17.4360061
        ]
      },
      "id": "node/13707203217"
    },
    {
      "type": "Feature",
      "properties": {
        "@id": "node/13715414722",
        "amenity": "hospital",
        "check_date": "2026-04-08",
        "healthcare": "hospital",
        "internet_access": "wlan",
        "internet_access:fee": "customers",
        "name": "Hospital",
        "payment:cash": "yes",
        "payment:credit_cards": "yes",
        "payment:debit_cards": "yes",
        "wheelchair": "yes"
      },
      "geometry": {
        "type": "Point",
        "coordinates": [
          78.3910632,
          17.4915494
        ]
      },
      "id": "node/13715414722"
    },
    {
      "type": "Feature",
      "properties": {
        "@id": "node/13715482751",
        "amenity": "hospital",
        "check_date": "2026-04-08",
        "healthcare": "hospital",
        "name": "Jntu Hospital"
      },
      "geometry": {
        "type": "Point",
        "coordinates": [
          78.3910771,
          17.491566
        ]
      },
      "id": "node/13715482751"
    },
    {
      "type": "Feature",
      "properties": {
        "@id": "node/13845243023",
        "addr:city": "hyderabad",
        "addr:housenumber": "267",
        "addr:postcode": "500085",
        "addr:street": "Sardar Patel Nagar Road",
        "amenity": "hospital",
        "healthcare": "hospital",
        "healthcare:speciality": "family_medicine;surgery",
        "name": "Gokul Speciality Clinics"
      },
      "geometry": {
        "type": "Point",
        "coordinates": [
          78.3881636,
          17.4946528
        ]
      },
      "id": "node/13845243023"
    }
  ]
}