{
  "type": "FeatureCollection",
  "generator": "overpass-turbo",
  "copyright": "The data included in this document is from www.openstreetmap.org. The data is made available under ODbL.",
  "timestamp": "2026-05-30T04:49:26Z",
  "features": [
    {
      "type": "Feature",
      "properties": {
        "@id": "relation/11217580",
        "bench": "yes",
        "bin": "yes",
        "lit": "yes",
        "public_transport": "platform",
        "railway": "platform",
        "shelter": "yes",
        "type": "multipolygon",
        "@geometry": "center"
      },
      "geometry": {
        "type": "Point",
        "coordinates": [
          78.4674391,
          17.393677
        ]
      },
      "id": "relation/11217580"
    },
    {
      "type": "Feature",
      "properties": {
        "@id": "way/26423731",
        "alt_name": "Inner Ring Road",
        "bridge": "yes",
        "highway": "primary",
        "layer": "1",
        "lit": "yes",
        "maxspeed": "60",
        "name": "Begumpet Railway Flyover",
        "name:etymology:wikidata": "Q4880629",
        "oneway": "yes",
        "ref": "IRR",
        "surface": "asphalt",
        "@geometry": "center"
      },
      "geometry": {
        "type": "Point",
        "coordinates": [
          78.4566176,
          17.4370867
        ]
      },
      "id": "way/26423731"
    },
    {
      "type": "Feature",
      "properties": {
        "@id": "way/26454399",
        "highway": "primary",
        "lanes": "2",
        "lit": "yes",
        "name": "Telephone Bhavan Road",
        "oneway": "yes",
        "restrictions": "hour_off=22:00:00",
        "@geometry": "center"
      },
      "geometry": {
        "type": "Point",
        "coordinates": [
          78.464103,
          17.4051412
        ]
      },
      "id": "way/26454399"
    },
    {
      "type": "Feature",
      "properties": {
        "@id": "way/26539956",
        "alt_name": "Inner Ring Road",
        "highway": "primary",
        "lanes": "3",
        "lit": "yes",
        "locality": "Banjara Hills",
        "maxspeed": "60",
        "name": "Road Number 1",
        "oneway": "yes",
        "ref": "IRR",
        "surface": "asphalt",
        "@geometry": "center"
      },
      "geometry": {
        "type": "Point",
        "coordinates": [
          78.4503421,
          17.4115195
        ]
      },
      "id": "way/26539956"
    },
    {
      "type": "Feature",
      "properties": {
        "@id": "way/27934046",
        "highway": "trunk",
        "lit": "yes",
        "maxspeed": "50",
        "name": "Darul Shifa Road",
        "@geometry": "center"
      },
      "geometry": {
        "type": "Point",
        "coordinates": [
          78.4758536,
          17.3544559
        ]
      },
      "id": "way/27934046"
    },
    {
      "type": "Feature",
      "properties": {
        "@id": "way/27934047",
        "highway": "primary",
        "junction": "roundabout",
        "lit": "yes",
        "oneway": "yes",
        "@geometry": "center"
      },
      "geometry": {
        "type": "Point",
        "coordinates": [
          78.4828687,
          17.3734474
        ]
      },
      "id": "way/27934047"
    },
    {
      "type": "Feature",
      "properties": {
        "@id": "way/27934048",
        "highway": "primary",
        "lit": "yes",
        "maxspeed": "60",
        "oneway": "yes",
        "@geometry": "center"
      },
      "geometry": {
        "type": "Point",
        "coordinates": [
          78.482817,
          17.3736676
        ]
      },
      "id": "way/27934048"
    },
    {
      "type": "Feature",
      "properties": {
        "@id": "way/27934049",
        "highway": "primary",
        "lit": "yes",
        "maxspeed": "60",
        "oneway": "yes",
        "@geometry": "center"
      },
      "geometry": {
        "type": "Point",
        "coordinates": [
          78.4827199,
          17.3736016
        ]
      },
      "id": "way/27934049"
    },
    {
      "type": "Feature",
      "properties": {
        "@id": "way/27934050",
        "highway": "primary",
        "lit": "yes",
        "name": "Darul Shifa Road",
        "oneway": "yes",
        "@geometry": "center"
      },
      "geometry": {
        "type": "Point",
        "coordinates": [
          78.4828277,
          17.3731919
        ]
      },
      "id": "way/27934050"
    },
    {
      "type": "Feature",
      "properties": {
        "@id": "way/27934051",
        "highway": "primary",
        "lit": "yes",
        "maxspeed": "60",
        "name": "Chaderghat Road",
        "oneway": "yes",
        "@geometry": "center"
      },
      "geometry": {
        "type": "Point",
        "coordinates": [
          78.4908574,
          17.3773249
        ]
      },
      "id": "way/27934051"
    },
    {
      "type": "Feature",
      "properties": {
        "@id": "way/27934052",
        "highway": "primary",
        "lit": "yes",
        "maxspeed": "60",
        "name": "Chaderghat Road",
        "oneway": "yes",
        "@geometry": "center"
      },
      "geometry": {
        "type": "Point",
        "coordinates": [
          78.4833297,
          17.3738011
        ]
      },
      "id": "way/27934052"
    },
    {
      "type": "Feature",
      "properties": {
        "@id": "way/27934054",
        "highway": "primary",
        "lit": "yes",
        "maxspeed": "60",
        "name": "Chaderghat Road",
        "oneway": "yes",
        "@geometry": "center"
      },
      "geometry": {
        "type": "Point",
        "coordinates": [
          78.4833751,
          17.3737387
        ]
      },
      "id": "way/27934054"
    },
    {
      "type": "Feature",
      "properties": {
        "@id": "way/27934059",
        "highway": "primary",
        "lit": "yes",
        "maxspeed": "60",
        "name": "Sayeedabad Road",
        "oneway": "yes",
        "ref": "SH19",
        "@geometry": "center"
      },
      "geometry": {
        "type": "Point",
        "coordinates": [
          78.5020953,
          17.3639531
        ]
      },
      "id": "way/27934059"
    },
    {
      "type": "Feature",
      "properties": {
        "@id": "way/27934517",
        "alt_name": "Inner Ring Road",
        "highway": "primary",
        "lit": "yes",
        "maxspeed": "50",
        "name": "Sayeedabad Main Road",
        "name:en": "Sayeedabad Road",
        "ref": "SH19",
        "@geometry": "center"
      },
      "geometry": {
        "type": "Point",
        "coordinates": [
          78.5045295,
          17.3604266
        ]
      },
      "id": "way/27934517"
    },
    {
      "type": "Feature",
      "properties": {
        "@id": "way/27936315",
        "highway": "primary",
        "lit": "yes",
        "maxspeed": "60",
        "name": "Shah Ali Banda New Road",
        "oneway": "yes",
        "@geometry": "center"
      },
      "geometry": {
        "type": "Point",
        "coordinates": [
          78.471783,
          17.3547757
        ]
      },
      "id": "way/27936315"
    },
    {
      "type": "Feature",
      "properties": {
        "@id": "way/27936329",
        "bridge": "yes",
        "highway": "primary",
        "historic": "yes",
        "layer": "1",
        "lit": "yes",
        "maxspeed": "60",
        "name": "مسلم جنگ پل۔",
        "name:en": "Muslim Jung Pul",
        "oneway": "yes",
        "@geometry": "center"
      },
      "geometry": {
        "type": "Point",
        "coordinates": [
          78.4689471,
          17.3699495
        ]
      },
      "id": "way/27936329"
    },
    {
      "type": "Feature",
      "properties": {
        "@id": "way/27953001",
        "bridge": "yes",
        "highway": "trunk",
        "lanes": "2",
        "layer": "1",
        "lit": "yes",
        "maxspeed": "60",
        "name": "Inner Ring Road",
        "oneway": "yes",
        "ref": "IRR",
        "surface": "concrete",
        "@geometry": "center"
      },
      "geometry": {
        "type": "Point",
        "coordinates": [
          78.5583611,
          17.3832839
        ]
      },
      "id": "way/27953001"
    },
    {
      "type": "Feature",
      "properties": {
        "@id": "way/27953002",
        "alt_name:en": "Inner Ring Road",
        "bridge": "yes",
        "highway": "trunk",
        "lanes": "3",
        "layer": "1",
        "lit": "yes",
        "maxspeed": "60",
        "name": "Nagole Flyover",
        "name:etymology:wikidata": "Q6958903",
        "oneway": "yes",
        "ref": "IRR",
        "surface": "asphalt",
        "@geometry": "center"
      },
      "geometry": {
        "type": "Point",
        "coordinates": [
          78.5580018,
          17.3775186
        ]
      },
      "id": "way/27953002"
    },
    {
      "type": "Feature",
      "properties": {
        "@id": "way/27953004",
        "bridge": "yes",
        "highway": "trunk",
        "lanes": "3",
        "layer": "1",
        "lit": "yes",
        "maxspeed": "60",
        "name": "Inner Ring Road",
        "oneway": "yes",
        "ref": "IRR",
        "surface": "asphalt",
        "@geometry": "center"
      },
      "geometry": {
        "type": "Point",
        "coordinates": [
          78.5589603,
          17.3916791
        ]
      },
      "id": "way/27953004"
    },
    {
      "type": "Feature",
      "properties": {
        "@id": "way/27953006",
        "highway": "trunk",
        "lanes": "3",
        "lit": "yes",
        "maxspeed": "60",
        "name": "Inner Ring Road",
        "oneway": "yes",
        "ref": "IRR",
        "surface": "asphalt",
        "@geometry": "center"
      },
      "geometry": {
        "type": "Point",
        "coordinates": [
          78.5585661,
          17.3862348
        ]
      },
      "id": "way/27953006"
    },
    {
      "type": "Feature",
      "properties": {
        "@id": "way/27953017",
        "highway": "trunk",
        "lit": "yes",
        "maxspeed": "60",
        "name": "Inner Ring Road",
        "oneway": "yes",
        "ref": "IRR",
        "sidewalk": "right",
        "@geometry": "center"
      },
      "geometry": {
        "type": "Point",
        "coordinates": [
          78.5591175,
          17.4026177
        ]
      },
      "id": "way/27953017"
    },
    {
      "type": "Feature",
      "properties": {
        "@id": "way/27953020",
        "highway": "trunk",
        "lanes": "3",
        "lit": "yes",
        "maxspeed": "60",
        "name": "Inner Ring Road",
        "oneway": "yes",
        "ref": "IRR",
        "surface": "asphalt",
        "@geometry": "center"
      },
      "geometry": {
        "type": "Point",
        "coordinates": [
          78.5594798,
          17.3965943
        ]
      },
      "id": "way/27953020"
    },
    {
      "type": "Feature",
      "properties": {
        "@id": "way/27955564",
        "highway": "primary",
        "layer": "1",
        "lit": "yes",
        "maxspeed": "60",
        "name:en": "Salar Jung Pul",
        "oneway": "yes",
        "@geometry": "center"
      },
      "geometry": {
        "type": "Point",
        "coordinates": [
          78.4816199,
          17.3745547
        ]
      },
      "id": "way/27955564"
    },
    {
      "type": "Feature",
      "properties": {
        "@id": "way/27955565",
        "bridge": "yes",
        "highway": "primary",
        "layer": "1",
        "lit": "yes",
        "maxspeed": "60",
        "name": "سالار جنگ پل۔",
        "name:en": "Salar Jung Pul",
        "oneway": "yes",
        "@geometry": "center"
      },
      "geometry": {
        "type": "Point",
        "coordinates": [
          78.4822497,
          17.3740451
        ]
      },
      "id": "way/27955565"
    },
    {
      "type": "Feature",
      "properties": {
        "@id": "way/28092343",
        "access": "yes",
        "bicycle": "yes",
        "cycleway": "no",
        "foot": "yes",
        "highway": "primary",
        "lanes": "2",
        "lit": "yes",
        "maxspeed": "60",
        "name": "Old Bombay Highway",
        "oneway": "yes",
        "surface": "asphalt",
        "@geometry": "center"
      },
      "geometry": {
        "type": "Point",
        "coordinates": [
          78.4108988,
          17.4022982
        ]
      },
      "id": "way/28092343"
    },
    {
      "type": "Feature",
      "properties": {
        "@id": "way/28093136",
        "alt_name": "Jail Road",
        "highway": "primary",
        "lit": "yes",
        "maxspeed": "60",
        "name": "Govt Press Road",
        "name:ur": "گورنمنٹ پریس روڈ",
        "oneway": "yes",
        "ref": "SH19",
        "@geometry": "center"
      },
      "geometry": {
        "type": "Point",
        "coordinates": [
          78.5005082,
          17.3687379
        ]
      },
      "id": "way/28093136"
    },
    {
      "type": "Feature",
      "properties": {
        "@id": "way/28094112",
        "highway": "primary",
        "lit": "yes",
        "maxspeed": "50",
        "name": "Khilwat Road",
        "@geometry": "center"
      },
      "geometry": {
        "type": "Point",
        "coordinates": [
          78.470873,
          17.3574488
        ]
      },
      "id": "way/28094112"
    },
    {
      "type": "Feature",
      "properties": {
        "@id": "way/28095662",
        "alt_name": "Inner Ring Road",
        "highway": "primary",
        "lit": "yes",
        "maxspeed": "60",
        "name": "Krishna Deva Raya Road",
        "name:etymology:wikidata": "Q121235",
        "name:te": "కృష్ణ దేవరాయ రోడ్",
        "oneway": "yes",
        "ref": "IRR",
        "@geometry": "center"
      },
      "geometry": {
        "type": "Point",
        "coordinates": [
          78.5241913,
          17.4320342
        ]
      },
      "id": "way/28095662"
    },
    {
      "type": "Feature",
      "properties": {
        "@id": "way/28095671",
        "bridge": "yes",
        "highway": "primary",
        "layer": "1",
        "lit": "yes",
        "maxspeed": "50",
        "name": "Adikmet Flyover",
        "name:etymology:wikidata": "Q4682781",
        "@geometry": "center"
      },
      "geometry": {
        "type": "Point",
        "coordinates": [
          78.5179907,
          17.4102496
        ]
      },
      "id": "way/28095671"
    },
    {
      "type": "Feature",
      "properties": {
        "@id": "way/28095672",
        "highway": "primary",
        "lit": "yes",
        "maxspeed": "50",
        "name": "Adikmet Main Road",
        "@geometry": "center"
      },
      "geometry": {
        "type": "Point",
        "coordinates": [
          78.5147835,
          17.4085054
        ]
      },
      "id": "way/28095672"
    },
    {
      "type": "Feature",
      "properties": {
        "@id": "way/28095673",
        "bridge": "yes",
        "highway": "primary",
        "layer": "1",
        "lit": "yes",
        "maxspeed": "60",
        "name": "Barkhatpura Bridge",
        "oneway": "yes",
        "@geometry": "center"
      },
      "geometry": {
        "type": "Point",
        "coordinates": [
          78.5015284,
          17.3951476
        ]
      },
      "id": "way/28095673"
    },
    {
      "type": "Feature",
      "properties": {
        "@id": "way/28095674",
        "highway": "primary",
        "lit": "yes",
        "maxspeed": "60",
        "name": "Barkhatpura Road",
        "oneway": "yes",
        "@geometry": "center"
      },
      "geometry": {
        "type": "Point",
        "coordinates": [
          78.4999016,
          17.3947335
        ]
      },
      "id": "way/28095674"
    },
    {
      "type": "Feature",
      "properties": {
        "@id": "way/28095679",
        "highway": "primary",
        "lit": "yes",
        "maxspeed": "60",
        "name": "Tilak Nagar Main Road",
        "oneway": "yes",
        "@geometry": "center"
      },
      "geometry": {
        "type": "Point",
        "coordinates": [
          78.5069641,
          17.3950628
        ]
      },
      "id": "way/28095679"
    },
    {
      "type": "Feature",
      "properties": {
        "@id": "way/28109211",
        "highway": "primary",
        "lanes": "2",
        "lit": "yes",
        "maxspeed": "60",
        "oneway": "yes",
        "source": "Yahoo hires",
        "@geometry": "center"
      },
      "geometry": {
        "type": "Point",
        "coordinates": [
          78.478434,
          17.3828504
        ]
      },
      "id": "way/28109211"
    },
    {
      "type": "Feature",
      "properties": {
        "@id": "way/28109213",
        "highway": "primary",
        "lanes": "2",
        "lit": "yes",
        "maxspeed": "50",
        "name": "turrebhaz khan road",
        "name:etymology:wikidata": "Q7856221",
        "oneway": "no",
        "@geometry": "center"
      },
      "geometry": {
        "type": "Point",
        "coordinates": [
          78.4843681,
          17.384931
        ]
      },
      "id": "way/28109213"
    },
    {
      "type": "Feature",
      "properties": {
        "@id": "way/28109219",
        "highway": "primary",
        "lit": "yes",
        "maxspeed": "60",
        "name": "Abids Road",
        "name:etymology:wikidata": "Q4667611",
        "name:kn": "ಅಬಿಡ್ಸ್ ರಸ್ತೆ",
        "oneway": "yes",
        "ref": "Old NH7",
        "ref:old": "NH7",
        "@geometry": "center"
      },
      "geometry": {
        "type": "Point",
        "coordinates": [
          78.4758354,
          17.3942011
        ]
      },
      "id": "way/28109219"
    },
    {
      "type": "Feature",
      "properties": {
        "@id": "way/28109255",
        "highway": "primary_link",
        "lit": "yes",
        "oneway": "yes",
        "ref": "Old NH7",
        "ref:old": "NH7",
        "@geometry": "center"
      },
      "geometry": {
        "type": "Point",
        "coordinates": [
          78.4743512,
          17.3983805
        ]
      },
      "id": "way/28109255"
    },
    {
      "type": "Feature",
      "properties": {
        "@id": "way/28109257",
        "highway": "primary",
        "lit": "yes",
        "maxspeed": "60",
        "oneway": "yes",
        "@geometry": "center"
      },
      "geometry": {
        "type": "Point",
        "coordinates": [
          78.4730986,
          17.3984283
        ]
      },
      "id": "way/28109257"
    },
    {
      "type": "Feature",
      "properties": {
        "@id": "way/28110149",
        "bridge": "yes",
        "highway": "primary",
        "layer": "1",
        "lit": "yes",
        "maxspeed": "60",
        "name": "Basheer Bagh Flyover",
        "name:etymology:wikidata": "Q4866790",
        "name:te": "బషీర్ బాగ్ ఫ్లైఓవర్",
        "oneway": "yes",
        "ref": "Old NH7",
        "ref:old": "NH7",
        "@geometry": "center"
      },
      "geometry": {
        "type": "Point",
        "coordinates": [
          78.4755998,
          17.4016914
        ]
      },
      "id": "way/28110149"
    },
    {
      "type": "Feature",
      "properties": {
        "@id": "way/28110151",
        "highway": "primary",
        "lanes": "3",
        "lit": "yes",
        "maxspeed": "60",
        "name": "Bade Ustad Ghulam Ali Khan Marg",
        "name:etymology:wikidata": "Q2745300",
        "oneway": "yes",
        "ref": "Old NH7",
        "ref:old": "NH7",
        "surface": "asphalt",
        "@geometry": "center"
      },
      "geometry": {
        "type": "Point",
        "coordinates": [
          78.4766906,
          17.4051809
        ]
      },
      "id": "way/28110151"
    },
    {
      "type": "Feature",
      "properties": {
        "@id": "way/28110313",
        "highway": "primary",
        "lanes": "2",
        "lit": "yes",
        "maxspeed": "60",
        "name": "Himayat Nagar Main Road",
        "name:etymology:wikidata": "Q125634736",
        "oneway": "yes",
        "surface": "asphalt",
        "@geometry": "center"
      },
      "geometry": {
        "type": "Point",
        "coordinates": [
          78.4826072,
          17.40353
        ]
      },
      "id": "way/28110313"
    },
    {
      "type": "Feature",
      "properties": {
        "@id": "way/28110314",
        "highway": "primary",
        "junction": "roundabout",
        "lanes": "2",
        "lit": "yes",
        "maxspeed": "60",
        "@geometry": "center"
      },
      "geometry": {
        "type": "Point",
        "coordinates": [
          78.4903054,
          17.3953595
        ]
      },
      "id": "way/28110314"
    },
    {
      "type": "Feature",
      "properties": {
        "@id": "way/28110316",
        "highway": "primary",
        "lanes": "2",
        "lit": "yes",
        "name": "Narayanaguda Road",
        "name:etymology:wikidata": "Q6965556",
        "oneway": "yes",
        "@geometry": "center"
      },
      "geometry": {
        "type": "Point",
        "coordinates": [
          78.4906425,
          17.3956619
        ]
      },
      "id": "way/28110316"
    },
    {
      "type": "Feature",
      "properties": {
        "@id": "way/28110317",
        "foot": "yes",
        "highway": "primary",
        "lanes": "2",
        "lit": "yes",
        "maxspeed": "60",
        "name": "Narayanaguda Road",
        "name:etymology:wikidata": "Q6965556",
        "oneway": "yes",
        "@geometry": "center"
      },
      "geometry": {
        "type": "Point",
        "coordinates": [
          78.4920769,
          17.3970772
        ]
      },
      "id": "way/28110317"
    },
    {
      "type": "Feature",
      "properties": {
        "@id": "way/28110965",
        "foot": "yes",
        "highway": "primary",
        "lanes": "2",
        "lit": "yes",
        "maxspeed": "60",
        "name": "Chikkadapally Road",
        "oneway": "yes",
        "@geometry": "center"
      },
      "geometry": {
        "type": "Point",
        "coordinates": [
          78.4957045,
          17.4031014
        ]
      },
      "id": "way/28110965"
    },
    {
      "type": "Feature",
      "properties": {
        "@id": "way/28110968",
        "alt_name": "Narayanguda Road",
        "bridge": "yes",
        "highway": "primary",
        "layer": "1",
        "lit": "yes",
        "maxspeed": "60",
        "name": "Narayanguda Flyover",
        "name:etymology:wikidata": "Q6965556",
        "oneway": "yes",
        "@geometry": "center"
      },
      "geometry": {
        "type": "Point",
        "coordinates": [
          78.4939726,
          17.397992
        ]
      },
      "id": "way/28110968"
    },
    {
      "type": "Feature",
      "properties": {
        "@id": "way/28110969",
        "alt_name": "Narayanguda Road",
        "highway": "primary",
        "lit": "yes",
        "maxspeed": "60",
        "name": "Narayanguda Flyover",
        "name:etymology:wikidata": "Q6965556",
        "oneway": "yes",
        "@geometry": "center"
      },
      "geometry": {
        "type": "Point",
        "coordinates": [
          78.4960148,
          17.3966465
        ]
      },
      "id": "way/28110969"
    },
    {
      "type": "Feature",
      "properties": {
        "@id": "way/28110970",
        "highway": "primary",
        "lit": "yes",
        "maxspeed": "60",
        "oneway": "yes",
        "@geometry": "center"
      },
      "geometry": {
        "type": "Point",
        "coordinates": [
          78.4962886,
          17.3963741
        ]
      },
      "id": "way/28110970"
    },
    {
      "type": "Feature",
      "properties": {
        "@id": "way/28111599",
        "highway": "primary",
        "lit": "yes",
        "maxspeed": "60",
        "name": "Lower Tank Bund Road",
        "oneway": "yes",
        "@geometry": "center"
      },
      "geometry": {
        "type": "Point",
        "coordinates": [
          78.4781196,
          17.4125492
        ]
      },
      "id": "way/28111599"
    },
    {
      "type": "Feature",
      "properties": {
        "@id": "way/28111890",
        "alt_name": "RTC X Road",
        "highway": "primary",
        "lit": "yes",
        "maxspeed": "60",
        "name": "Indira Park Road",
        "name:etymology:wikidata": "Q11219005",
        "oneway": "yes",
        "@geometry": "center"
      },
      "geometry": {
        "type": "Point",
        "coordinates": [
          78.4815674,
          17.4118471
        ]
      },
      "id": "way/28111890"
    },
    {
      "type": "Feature",
      "properties": {
        "@id": "way/28111892",
        "alt_name": "RTC X Road",
        "highway": "primary",
        "lit": "yes",
        "maxspeed": "60",
        "name": "Indira Park Road",
        "name:etymology:wikidata": "Q11219005",
        "oneway": "yes",
        "@geometry": "center"
      },
      "geometry": {
        "type": "Point",
        "coordinates": [
          78.4890781,
          17.4094096
        ]
      },
      "id": "way/28111892"
    },
    {
      "type": "Feature",
      "properties": {
        "@id": "way/28111897",
        "highway": "primary",
        "junction": "roundabout",
        "lit": "yes",
        "name": "Chilakalaguda circle",
        "@geometry": "center"
      },
      "geometry": {
        "type": "Point",
        "coordinates": [
          78.5061494,
          17.4331041
        ]
      },
      "id": "way/28111897"
    },
    {
      "type": "Feature",
      "properties": {
        "@id": "way/28111899",
        "highway": "primary",
        "lit": "yes",
        "maxspeed": "60",
        "oneway": "yes",
        "@geometry": "center"
      },
      "geometry": {
        "type": "Point",
        "coordinates": [
          78.5060472,
          17.4326259
        ]
      },
      "id": "way/28111899"
    },
    {
      "type": "Feature",
      "properties": {
        "@id": "way/28111901",
        "alt_name": "St Johns Road",
        "highway": "primary",
        "lit": "yes",
        "maxspeed": "60",
        "name": "St Johns Road Underpass",
        "oneway": "yes",
        "@geometry": "center"
      },
      "geometry": {
        "type": "Point",
        "coordinates": [
          78.5059519,
          17.4335801
        ]
      },
      "id": "way/28111901"
    },
    {
      "type": "Feature",
      "properties": {
        "@id": "way/28111902",
        "alt_name": "St Johns Road",
        "highway": "primary",
        "lit": "yes",
        "maxspeed": "60",
        "name": "St Johns Road Underpass",
        "oneway": "yes",
        "@geometry": "center"
      },
      "geometry": {
        "type": "Point",
        "coordinates": [
          78.5061197,
          17.4336024
        ]
      },
      "id": "way/28111902"
    },
    {
      "type": "Feature",
      "properties": {
        "@id": "way/28111908",
        "highway": "primary",
        "lit": "yes",
        "maxspeed": "60",
        "name": "Rashtrapati Road",
        "name:te": "రాష్ట్రపతి రోడ్డు",
        "oneway": "yes",
        "ref": "SH1",
        "@geometry": "center"
      },
      "geometry": {
        "type": "Point",
        "coordinates": [
          78.4926169,
          17.4310104
        ]
      },
      "id": "way/28111908"
    },
    {
      "type": "Feature",
      "properties": {
        "@id": "way/28111909",
        "alt_name": "Rashtrapati Road",
        "highway": "primary",
        "lit": "yes",
        "maxspeed": "60",
        "name": "Rashtrapati Road",
        "name:te": "రాష్ట్రపతి రోడ్డు",
        "oneway": "yes",
        "ref": "SH1",
        "@geometry": "center"
      },
      "geometry": {
        "type": "Point",
        "coordinates": [
          78.4926531,
          17.431346
        ]
      },
      "id": "way/28111909"
    },
    {
      "type": "Feature",
      "properties": {
        "@id": "way/28111910",
        "highway": "primary",
        "lit": "yes",
        "maxspeed": "60",
        "name": "Rashtrapati Road",
        "name:te": "రాష్ట్రపతి రోడ్డు",
        "oneway": "yes",
        "ref": "SH1",
        "@geometry": "center"
      },
      "geometry": {
        "type": "Point",
        "coordinates": [
          78.4929358,
          17.4324189
        ]
      },
      "id": "way/28111910"
    },
    {
      "type": "Feature",
      "properties": {
        "@id": "way/28127442",
        "bridge": "yes",
        "highway": "primary",
        "layer": "1",
        "lit": "yes",
        "maxspeed": "60",
        "name": "Lalaguda Flyover",
        "oneway": "yes",
        "@geometry": "center"
      },
      "geometry": {
        "type": "Point",
        "coordinates": [
          78.5383328,
          17.4332878
        ]
      },
      "id": "way/28127442"
    },
    {
      "type": "Feature",
      "properties": {
        "@id": "way/28127443",
        "foot": "yes",
        "highway": "primary",
        "lit": "yes",
        "maxspeed": "60",
        "name": "Maula Ali Road",
        "oneway": "yes",
        "@geometry": "center"
      },
      "geometry": {
        "type": "Point",
        "coordinates": [
          78.5326846,
          17.4284299
        ]
      },
      "id": "way/28127443"
    },
    {
      "type": "Feature",
      "properties": {
        "@id": "way/28129855",
        "alt_name": "Inner Ring Road",
        "highway": "primary",
        "lit": "yes",
        "maxspeed": "60",
        "name": "Sardar Patel Road",
        "name:etymology:wikidata": "Q9455",
        "oneway": "yes",
        "ref": "IRR",
        "@geometry": "center"
      },
      "geometry": {
        "type": "Point",
        "coordinates": [
          78.5035523,
          17.4426379
        ]
      },
      "id": "way/28129855"
    },
    {
      "type": "Feature",
      "properties": {
        "@id": "way/28129857",
        "alt_name": "Inner Ring Road",
        "highway": "primary",
        "lit": "yes",
        "maxspeed": "60",
        "name": "St Johns Road",
        "name:etymology:wikidata": "Q9455",
        "oneway": "yes",
        "ref": "IRR",
        "@geometry": "center"
      },
      "geometry": {
        "type": "Point",
        "coordinates": [
          78.5055822,
          17.4416789
        ]
      },
      "id": "way/28129857"
    },
    {
      "type": "Feature",
      "properties": {
        "@id": "way/28129864",
        "alt_name": "Inner Ring Road",
        "highway": "primary",
        "lit": "yes",
        "maxspeed": "60",
        "name": "Sardar Patel Road",
        "name:etymology:wikidata": "Q9455",
        "oneway": "yes",
        "ref": "IRR",
        "@geometry": "center"
      },
      "geometry": {
        "type": "Point",
        "coordinates": [
          78.493206,
          17.4432797
        ]
      },
      "id": "way/28129864"
    },
    {
      "type": "Feature",
      "properties": {
        "@id": "way/28129873",
        "alt_name": "Inner Ring Road",
        "highway": "primary",
        "lit": "yes",
        "name": "Sardar Patel Road",
        "name:etymology:wikidata": "Q9455",
        "oneway": "yes",
        "ref": "IRR",
        "@geometry": "center"
      },
      "geometry": {
        "type": "Point",
        "coordinates": [
          78.4888198,
          17.4431922
        ]
      },
      "id": "way/28129873"
    },
    {
      "type": "Feature",
      "properties": {
        "@id": "way/28129874",
        "alt_name": "Inner Ring Road",
        "highway": "primary",
        "lit": "yes",
        "name": "Sardar Patel Road",
        "name:etymology:wikidata": "Q9455",
        "oneway": "yes",
        "ref": "IRR",
        "@geometry": "center"
      },
      "geometry": {
        "type": "Point",
        "coordinates": [
          78.485022,
          17.4434453
        ]
      },
      "id": "way/28129874"
    },
    {
      "type": "Feature",
      "properties": {
        "@id": "way/28129877",
        "highway": "trunk_link",
        "lanes": "1",
        "lit": "yes",
        "oneway": "yes",
        "ref": "NH44",
        "sidewalk": "no",
        "smoothness": "excellent",
        "surface": "asphalt",
        "@geometry": "center"
      },
      "geometry": {
        "type": "Point",
        "coordinates": [
          78.48711,
          17.443587
        ]
      },
      "id": "way/28129877"
    },
    {
      "type": "Feature",
      "properties": {
        "@id": "way/28129879",
        "alt_name": "Inner Ring Road",
        "highway": "primary",
        "lit": "yes",
        "maxspeed": "60",
        "name": "Sardar Patel Road",
        "name:etymology:wikidata": "Q9455",
        "oneway": "yes",
        "ref": "IRR",
        "@geometry": "center"
      },
      "geometry": {
        "type": "Point",
        "coordinates": [
          78.4775238,
          17.4436386
        ]
      },
      "id": "way/28129879"
    },
    {
      "type": "Feature",
      "properties": {
        "@id": "way/28131038",
        "highway": "primary",
        "lit": "yes",
        "maxspeed": "60",
        "name": "Old Bombay Highway",
        "oneway": "yes",
        "@geometry": "center"
      },
      "geometry": {
        "type": "Point",
        "coordinates": [
          78.4232275,
          17.3972404
        ]
      },
      "id": "way/28131038"
    },
    {
      "type": "Feature",
      "properties": {
        "@id": "way/28131493",
        "highway": "primary",
        "lit": "yes",
        "name": "Moosarambagh Road",
        "name:etymology:wikidata": "Q17074477",
        "oneway": "yes",
        "@geometry": "center"
      },
      "geometry": {
        "type": "Point",
        "coordinates": [
          78.5155187,
          17.3745725
        ]
      },
      "id": "way/28131493"
    },
    {
      "type": "Feature",
      "properties": {
        "@id": "way/28131495",
        "bridge": "yes",
        "highway": "construction",
        "layer": "1",
        "lit": "yes",
        "oneway": "yes",
        "@geometry": "center"
      },
      "geometry": {
        "type": "Point",
        "coordinates": [
          78.5168233,
          17.3797381
        ]
      },
      "id": "way/28131495"
    },
    {
      "type": "Feature",
      "properties": {
        "@id": "way/28197084",
        "highway": "primary",
        "lanes": "2",
        "lit": "yes",
        "maxspeed": "60",
        "name": "Road No. 10",
        "oneway": "yes",
        "surface": "asphalt",
        "@geometry": "center"
      },
      "geometry": {
        "type": "Point",
        "coordinates": [
          78.4278427,
          17.4202119
        ]
      },
      "id": "way/28197084"
    },
    {
      "type": "Feature",
      "properties": {
        "@id": "way/28197087",
        "highway": "primary",
        "lanes": "3",
        "lit": "yes",
        "maxspeed": "50",
        "name": "Masab Tank Road",
        "name:etymology:wikidata": "Q6782272",
        "oneway": "yes",
        "ref": "IRR;SH4",
        "surface": "asphalt",
        "@geometry": "center"
      },
      "geometry": {
        "type": "Point",
        "coordinates": [
          78.4517432,
          17.4013585
        ]
      },
      "id": "way/28197087"
    },
    {
      "type": "Feature",
      "properties": {
        "@id": "way/28197094",
        "highway": "primary_link",
        "lit": "yes",
        "oneway": "yes",
        "@geometry": "center"
      },
      "geometry": {
        "type": "Point",
        "coordinates": [
          78.4534189,
          17.403351
        ]
      },
      "id": "way/28197094"
    },
    {
      "type": "Feature",
      "properties": {
        "@id": "way/28197096",
        "highway": "primary_link",
        "lit": "yes",
        "oneway": "yes",
        "ref": "SH4",
        "@geometry": "center"
      },
      "geometry": {
        "type": "Point",
        "coordinates": [
          78.4528954,
          17.4036719
        ]
      },
      "id": "way/28197096"
    },
    {
      "type": "Feature",
      "properties": {
        "@id": "way/28209578",
        "alt_name": "Inner Ring Road",
        "highway": "primary",
        "junction": "roundabout",
        "lit": "yes",
        "name": "Nagarjuna Circle",
        "ref": "IRR",
        "@geometry": "center"
      },
      "geometry": {
        "type": "Point",
        "coordinates": [
          78.4488695,
          17.4257661
        ]
      },
      "id": "way/28209578"
    },
    {
      "type": "Feature",
      "properties": {
        "@id": "way/28268980",
        "alt_name": "Maula Ali Road",
        "bridge": "yes",
        "highway": "primary",
        "layer": "1",
        "lit": "yes",
        "maxspeed": "60",
        "name": "Maula Ali Flyover",
        "oneway": "yes",
        "@geometry": "center"
      },
      "geometry": {
        "type": "Point",
        "coordinates": [
          78.5476237,
          17.4437603
        ]
      },
      "id": "way/28268980"
    },
    {
      "type": "Feature",
      "properties": {
        "@id": "way/28268981",
        "highway": "primary",
        "lit": "yes",
        "maxspeed": "50",
        "name": "Maula Ali Road",
        "@geometry": "center"
      },
      "geometry": {
        "type": "Point",
        "coordinates": [
          78.5428589,
          17.4366119
        ]
      },
      "id": "way/28268981"
    },
    {
      "type": "Feature",
      "properties": {
        "@id": "way/28269085",
        "alt_name": "Beerappagadda Road",
        "highway": "secondary",
        "lit": "yes",
        "maxspeed": "50",
        "name": "Meher Garden Road",
        "@geometry": "center"
      },
      "geometry": {
        "type": "Point",
        "coordinates": [
          78.5594452,
          17.40356
        ]
      },
      "id": "way/28269085"
    },
    {
      "type": "Feature",
      "properties": {
        "@id": "way/28475977",
        "alt_name": "Inner Ring Road",
        "highway": "primary",
        "lit": "yes",
        "maxspeed": "60",
        "name": "Road Number 1",
        "oneway": "yes",
        "ref": "IRR",
        "@geometry": "center"
      },
      "geometry": {
        "type": "Point",
        "coordinates": [
          78.4485839,
          17.4245624
        ]
      },
      "id": "way/28475977"
    },
    {
      "type": "Feature",
      "properties": {
        "@id": "way/28476313",
        "alt_name": "Inner Ring Road",
        "highway": "primary",
        "lit": "yes",
        "maxspeed": "60",
        "name": "Sardar Patel Road",
        "name:etymology:wikidata": "Q9455",
        "oneway": "yes",
        "ref": "IRR",
        "surface": "asphalt",
        "@geometry": "center"
      },
      "geometry": {
        "type": "Point",
        "coordinates": [
          78.4594536,
          17.4430505
        ]
      },
      "id": "way/28476313"
    },
    {
      "type": "Feature",
      "properties": {
        "@id": "way/28670433",
        "alt_name": "Inner Ring Road",
        "highway": "primary",
        "lit": "yes",
        "maxspeed": "60",
        "name": "Sardar Patel Road",
        "name:etymology:wikidata": "Q9455",
        "oneway": "yes",
        "ref": "IRR",
        "@geometry": "center"
      },
      "geometry": {
        "type": "Point",
        "coordinates": [
          78.4718307,
          17.4440527
        ]
      },
      "id": "way/28670433"
    },
    {
      "type": "Feature",
      "properties": {
        "@id": "way/28670434",
        "alt_name": "Inner Ring Road",
        "highway": "primary",
        "lit": "yes",
        "maxspeed": "60",
        "name": "Sardar Patel Road",
        "name:etymology:wikidata": "Q9455",
        "oneway": "yes",
        "ref": "IRR",
        "@geometry": "center"
      },
      "geometry": {
        "type": "Point",
        "coordinates": [
          78.4749731,
          17.4439032
        ]
      },
      "id": "way/28670434"
    },
    {
      "type": "Feature",
      "properties": {
        "@id": "way/28670435",
        "alt_name": "Inner Ring Road",
        "bridge": "yes",
        "highway": "primary",
        "layer": "1",
        "lit": "yes",
        "maxspeed": "60",
        "name": "Begumpet Airport Flyover",
        "oneway": "yes",
        "ref": "IRR",
        "@geometry": "center"
      },
      "geometry": {
        "type": "Point",
        "coordinates": [
          78.4694968,
          17.4444163
        ]
      },
      "id": "way/28670435"
    },
    {
      "type": "Feature",
      "properties": {
        "@id": "way/28847506",
        "highway": "primary_link",
        "lanes": "2",
        "lit": "yes",
        "maxspeed": "40",
        "oneway": "yes",
        "surface": "paved",
        "@geometry": "center"
      },
      "geometry": {
        "type": "Point",
        "coordinates": [
          78.3732041,
          17.4305172
        ]
      },
      "id": "way/28847506"
    },
    {
      "type": "Feature",
      "properties": {
        "@id": "way/28908542",
        "alt_name": "Inner Ring Road",
        "foot": "yes",
        "highway": "primary",
        "lit": "yes",
        "maxspeed": "60",
        "name": "Rail Nilayam Road",
        "oneway": "yes",
        "ref": "IRR",
        "@geometry": "center"
      },
      "geometry": {
        "type": "Point",
        "coordinates": [
          78.5084454,
          17.4392118
        ]
      },
      "id": "way/28908542"
    },
    {
      "type": "Feature",
      "properties": {
        "@id": "way/29101571",
        "alt_name": "Inner Ring Road",
        "bridge": "yes",
        "highway": "primary",
        "lanes": "2",
        "layer": "1",
        "lit": "yes",
        "maxspeed": "60",
        "name": "Punjagutta Flyover",
        "name:etymology:wikidata": "Q7260358",
        "oneway": "yes",
        "ref": "IRR",
        "@geometry": "center"
      },
      "geometry": {
        "type": "Point",
        "coordinates": [
          78.4528095,
          17.4285618
        ]
      },
      "id": "way/29101571"
    },
    {
      "type": "Feature",
      "properties": {
        "@id": "way/29252348",
        "alt_name": "Inner Ring Road",
        "highway": "primary",
        "lit": "yes",
        "maxspeed": "60",
        "name": "Nagarjuna Circle Road",
        "name:te": "నాగార్జున సర్కిల్ రోడ్డు",
        "oneway": "yes",
        "ref": "IRR",
        "@geometry": "center"
      },
      "geometry": {
        "type": "Point",
        "coordinates": [
          78.4495651,
          17.4259944
        ]
      },
      "id": "way/29252348"
    },
    {
      "type": "Feature",
      "properties": {
        "@id": "way/29252354",
        "highway": "primary",
        "lit": "yes",
        "maxspeed": "60",
        "name": "Punjagutta Flyover",
        "name:etymology:wikidata": "Q7260358",
        "oneway": "yes",
        "ref": "IRR",
        "@geometry": "center"
      },
      "geometry": {
        "type": "Point",
        "coordinates": [
          78.454312,
          17.4287585
        ]
      },
      "id": "way/29252354"
    },
    {
      "type": "Feature",
      "properties": {
        "@id": "way/29252503",
        "alt_name": "St Johns Road",
        "highway": "primary",
        "layer": "-1",
        "lit": "yes",
        "maxspeed": "60",
        "name": "St Johns Road Underpass",
        "oneway": "yes",
        "tunnel": "yes",
        "@geometry": "center"
      },
      "geometry": {
        "type": "Point",
        "coordinates": [
          78.5059175,
          17.4341406
        ]
      },
      "id": "way/29252503"
    },
    {
      "type": "Feature",
      "properties": {
        "@id": "way/29253113",
        "highway": "primary",
        "lanes": "4",
        "lit": "yes",
        "name": "HITEC City Road",
        "name:etymology:wikidata": "Q3322188",
        "oneway": "yes",
        "@geometry": "center"
      },
      "geometry": {
        "type": "Point",
        "coordinates": [
          78.3810594,
          17.4513363
        ]
      },
      "id": "way/29253113"
    },
    {
      "type": "Feature",
      "properties": {
        "@id": "way/29473388",
        "highway": "primary",
        "lit": "yes",
        "maxspeed": "60",
        "name": "rp road",
        "oneway": "yes",
        "ref": "SH1",
        "@geometry": "center"
      },
      "geometry": {
        "type": "Point",
        "coordinates": [
          78.4954647,
          17.4417146
        ]
      },
      "id": "way/29473388"
    },
    {
      "type": "Feature",
      "properties": {
        "@id": "way/29475191",
        "highway": "primary",
        "lit": "yes",
        "maxspeed": "60",
        "name": "Habsiguda Main Road",
        "oneway": "yes",
        "ref": "IRR",
        "@geometry": "center"
      },
      "geometry": {
        "type": "Point",
        "coordinates": [
          78.5489049,
          17.4121634
        ]
      },
      "id": "way/29475191"
    },
    {
      "type": "Feature",
      "properties": {
        "@id": "way/29475338",
        "highway": "primary",
        "lit": "yes",
        "maxspeed": "60",
        "name": "Adikmet Road",
        "name:etymology:wikidata": "Q4682781",
        "oneway": "yes",
        "@geometry": "center"
      },
      "geometry": {
        "type": "Point",
        "coordinates": [
          78.5230506,
          17.4173332
        ]
      },
      "id": "way/29475338"
    },
    {
      "type": "Feature",
      "properties": {
        "@id": "way/30179617",
        "highway": "residential",
        "lanes": "2",
        "lit": "yes",
        "sidewalk": "no",
        "surface": "concrete",
        "@geometry": "center"
      },
      "geometry": {
        "type": "Point",
        "coordinates": [
          78.4524811,
          17.4384323
        ]
      },
      "id": "way/30179617"
    },
    {
      "type": "Feature",
      "properties": {
        "@id": "way/30877301",
        "highway": "tertiary",
        "lanes": "2",
        "lit": "yes",
        "name": "Leela Nagar Road",
        "surface": "asphalt",
        "@geometry": "center"
      },
      "geometry": {
        "type": "Point",
        "coordinates": [
          78.4538433,
          17.43981
        ]
      },
      "id": "way/30877301"
    },
    {
      "type": "Feature",
      "properties": {
        "@id": "way/31521787",
        "highway": "residential",
        "lit": "yes",
        "sidewalk": "no",
        "surface": "concrete",
        "@geometry": "center"
      },
      "geometry": {
        "type": "Point",
        "coordinates": [
          78.3842225,
          17.4429636
        ]
      },
      "id": "way/31521787"
    },
    {
      "type": "Feature",
      "properties": {
        "@id": "way/31521789",
        "highway": "residential",
        "lit": "yes",
        "surface": "concrete",
        "@geometry": "center"
      },
      "geometry": {
        "type": "Point",
        "coordinates": [
          78.3833572,
          17.4433157
        ]
      },
      "id": "way/31521789"
    },
    {
      "type": "Feature",
      "properties": {
        "@id": "way/31521797",
        "created_by": "Merkaartor 0.12",
        "highway": "residential",
        "lit": "yes",
        "surface": "concrete",
        "@geometry": "center"
      },
      "geometry": {
        "type": "Point",
        "coordinates": [
          78.3833716,
          17.4408549
        ]
      },
      "id": "way/31521797"
    },
    {
      "type": "Feature",
      "properties": {
        "@id": "way/31615973",
        "created_by": "Merkaartor 0.12",
        "highway": "residential",
        "lit": "yes",
        "@geometry": "center"
      },
      "geometry": {
        "type": "Point",
        "coordinates": [
          78.4545623,
          17.4396003
        ]
      },
      "id": "way/31615973"
    },
    {
      "type": "Feature",
      "properties": {
        "@id": "way/31615980",
        "highway": "residential",
        "lane_markings": "no",
        "lit": "yes",
        "name": "Park Avenue Road",
        "sidewalk": "no",
        "surface": "asphalt",
        "width": "6.29",
        "@geometry": "center"
      },
      "geometry": {
        "type": "Point",
        "coordinates": [
          78.4533735,
          17.4385856
        ]
      },
      "id": "way/31615980"
    },
    {
      "type": "Feature",
      "properties": {
        "@id": "way/31615981",
        "highway": "residential",
        "lit": "yes",
        "@geometry": "center"
      },
      "geometry": {
        "type": "Point",
        "coordinates": [
          78.4540202,
          17.4391006
        ]
      },
      "id": "way/31615981"
    },
    {
      "type": "Feature",
      "properties": {
        "@id": "way/31615982",
        "highway": "residential",
        "lane_markings": "no",
        "lit": "yes",
        "name": "Park Avenue Road",
        "sidewalk": "no",
        "surface": "asphalt",
        "width": "6.29",
        "@geometry": "center"
      },
      "geometry": {
        "type": "Point",
        "coordinates": [
          78.4533302,
          17.4380142
        ]
      },
      "id": "way/31615982"
    },
    {
      "type": "Feature",
      "properties": {
        "@id": "way/31615984",
        "created_by": "Merkaartor 0.12",
        "highway": "residential",
        "lane_markings": "no",
        "lit": "yes",
        "surface": "asphalt",
        "@geometry": "center"
      },
      "geometry": {
        "type": "Point",
        "coordinates": [
          78.4530956,
          17.4374692
        ]
      },
      "id": "way/31615984"
    },
    {
      "type": "Feature",
      "properties": {
        "@id": "way/31692897",
        "alt_name": "Ameerpet-FatehNagar Road",
        "highway": "secondary",
        "lit": "yes",
        "maxspeed": "50",
        "name": "Balkampet road",
        "oneway": "yes",
        "sidewalk": "both",
        "surface": "concrete",
        "@geometry": "center"
      },
      "geometry": {
        "type": "Point",
        "coordinates": [
          78.4481201,
          17.4356305
        ]
      },
      "id": "way/31692897"
    },
    {
      "type": "Feature",
      "properties": {
        "@id": "way/32002539",
        "highway": "primary",
        "lit": "yes",
        "maxspeed": "60",
        "name": "HITEC City–Kondapur Main Road",
        "oneway": "yes",
        "@geometry": "center"
      },
      "geometry": {
        "type": "Point",
        "coordinates": [
          78.3810718,
          17.4514891
        ]
      },
      "id": "way/32002539"
    },
    {
      "type": "Feature",
      "properties": {
        "@id": "way/42127914",
        "highway": "tertiary",
        "lit": "yes",
        "name": "Narayanguda Road",
        "oneway": "yes",
        "@geometry": "center"
      },
      "geometry": {
        "type": "Point",
        "coordinates": [
          78.4925906,
          17.3989597
        ]
      },
      "id": "way/42127914"
    },
    {
      "type": "Feature",
      "properties": {
        "@id": "way/49896143",
        "alt_name": "RTC X Road",
        "highway": "primary",
        "lit": "yes",
        "maxspeed": "60",
        "name": "RTC X Road",
        "oneway": "yes",
        "@geometry": "center"
      },
      "geometry": {
        "type": "Point",
        "coordinates": [
          78.4992713,
          17.405897
        ]
      },
      "id": "way/49896143"
    },
    {
      "type": "Feature",
      "properties": {
        "@id": "way/50108261",
        "alt_name": "Road No 8",
        "highway": "primary",
        "lit": "yes",
        "maxspeed": "60",
        "name": "Shivam Road",
        "oneway": "yes",
        "@geometry": "center"
      },
      "geometry": {
        "type": "Point",
        "coordinates": [
          78.5109099,
          17.3927121
        ]
      },
      "id": "way/50108261"
    },
    {
      "type": "Feature",
      "properties": {
        "@id": "way/53436664",
        "foot": "yes",
        "highway": "primary",
        "lanes": "2",
        "lit": "yes",
        "maxspeed": "60",
        "name": "Golconda X Roads",
        "oneway": "yes",
        "@geometry": "center"
      },
      "geometry": {
        "type": "Point",
        "coordinates": [
          78.497353,
          17.4089649
        ]
      },
      "id": "way/53436664"
    },
    {
      "type": "Feature",
      "properties": {
        "@id": "way/53740699",
        "alt_name": "RTC X Road",
        "highway": "primary",
        "lit": "yes",
        "maxspeed": "60",
        "name": "RTC X Road",
        "oneway": "yes",
        "@geometry": "center"
      },
      "geometry": {
        "type": "Point",
        "coordinates": [
          78.5081762,
          17.4021906
        ]
      },
      "id": "way/53740699"
    },
    {
      "type": "Feature",
      "properties": {
        "@id": "way/55821285",
        "bicycle": "yes",
        "foot": "no",
        "highway": "motorway",
        "horse": "no",
        "lanes": "4",
        "lit": "yes",
        "maxspeed": "40",
        "motor_vehicle": "yes",
        "motorcycle": "yes",
        "name": "Outer Ring Road",
        "name:hi": "आउटर रिंग रोड",
        "name:te": "ఔటర్ రింగు రోడ్డు",
        "official_name": "Nehru Outer Ring Road",
        "official_name:hi": "नेहरू आउटर रिंग रोड",
        "official_name:te": "నెహ్రూ ఔటర్ రింగ్ రోడ్",
        "oneway": "yes",
        "operator": "Hyderabad Metropolitan Development Authority",
        "ref": "ORR",
        "smoothness": "excellent",
        "source": "GPS",
        "start_date": "2008-11-14",
        "surface": "asphalt",
        "toll": "no",
        "@geometry": "center"
      },
      "geometry": {
        "type": "Point",
        "coordinates": [
          78.3618793,
          17.4355193
        ]
      },
      "id": "way/55821285"
    },
    {
      "type": "Feature",
      "properties": {
        "@id": "way/58681963",
        "highway": "primary",
        "lit": "yes",
        "maxspeed": "60",
        "oneway": "yes",
        "ref": "Old NH7",
        "ref:old": "NH7",
        "@geometry": "center"
      },
      "geometry": {
        "type": "Point",
        "coordinates": [
          78.4747938,
          17.3990608
        ]
      },
      "id": "way/58681963"
    },
    {
      "type": "Feature",
      "properties": {
        "@id": "way/58682124",
        "highway": "primary",
        "lit": "yes",
        "maxspeed": "60",
        "oneway": "yes",
        "@geometry": "center"
      },
      "geometry": {
        "type": "Point",
        "coordinates": [
          78.472746,
          17.3987228
        ]
      },
      "id": "way/58682124"
    },
    {
      "type": "Feature",
      "properties": {
        "@id": "way/59742354",
        "highway": "primary",
        "lit": "yes",
        "maxspeed": "60",
        "name": "Khairatabad Flyover",
        "oneway": "yes",
        "@geometry": "center"
      },
      "geometry": {
        "type": "Point",
        "coordinates": [
          78.4603364,
          17.4133237
        ]
      },
      "id": "way/59742354"
    },
    {
      "type": "Feature",
      "properties": {
        "@id": "way/59742364",
        "highway": "primary",
        "lit": "yes",
        "maxspeed": "60",
        "name": "Khairatabad Flyover",
        "oneway": "yes",
        "@geometry": "center"
      },
      "geometry": {
        "type": "Point",
        "coordinates": [
          78.4651521,
          17.4150981
        ]
      },
      "id": "way/59742364"
    },
    {
      "type": "Feature",
      "properties": {
        "@id": "way/61574402",
        "agricultural": "no",
        "alt_name": "Hyderabad Elevated Expressway \"P.V. Narasimha Rao\"",
        "bicycle": "no",
        "foot": "no",
        "hgv": "no",
        "highway": "motorway",
        "horse": "no",
        "lanes": "2",
        "lit": "yes",
        "maxspeed": "80",
        "motorcar": "designated",
        "motorcycle": "no",
        "name": "P.V. Narasimha Rao Flyover",
        "name:etymology:wikidata": "Q275146",
        "noref": "yes",
        "oneway": "yes",
        "shoulder": "no",
        "smoothness": "excellent",
        "source": "Bing (2015-10-17)",
        "surface": "asphalt",
        "@geometry": "center"
      },
      "geometry": {
        "type": "Point",
        "coordinates": [
          78.4289188,
          17.3198224
        ]
      },
      "id": "way/61574402"
    },
    {
      "type": "Feature",
      "properties": {
        "@id": "way/71932260",
        "access": "customers",
        "hoops": "2",
        "leisure": "pitch",
        "lit": "yes",
        "name": "YMCA Basketball court",
        "sport": "basketball",
        "surface": "concrete",
        "@geometry": "center"
      },
      "geometry": {
        "type": "Point",
        "coordinates": [
          78.4988223,
          17.4425945
        ]
      },
      "id": "way/71932260"
    },
    {
      "type": "Feature",
      "properties": {
        "@id": "way/72823186",
        "alt_name": "Inner Ring Road",
        "bridge": "yes",
        "highway": "primary",
        "layer": "1",
        "lit": "yes",
        "maxspeed": "60",
        "name": "Sardar Patel Road",
        "name:etymology:wikidata": "Q9455",
        "oneway": "yes",
        "ref": "IRR",
        "@geometry": "center"
      },
      "geometry": {
        "type": "Point",
        "coordinates": [
          78.479213,
          17.4435332
        ]
      },
      "id": "way/72823186"
    },
    {
      "type": "Feature",
      "properties": {
        "@id": "way/89918952",
        "highway": "residential",
        "lit": "yes",
        "maxspeed:type": "IN:urban",
        "noname": "yes",
        "surface": "concrete",
        "@geometry": "center"
      },
      "geometry": {
        "type": "Point",
        "coordinates": [
          78.3876355,
          17.4453846
        ]
      },
      "id": "way/89918952"
    },
    {
      "type": "Feature",
      "properties": {
        "@id": "way/115105784",
        "highway": "residential",
        "lit": "yes",
        "sidewalk": "no",
        "@geometry": "center"
      },
      "geometry": {
        "type": "Point",
        "coordinates": [
          78.3663696,
          17.4657133
        ]
      },
      "id": "way/115105784"
    },
    {
      "type": "Feature",
      "properties": {
        "@id": "way/116612967",
        "highway": "residential",
        "lit": "yes",
        "maxspeed": "20",
        "@geometry": "center"
      },
      "geometry": {
        "type": "Point",
        "coordinates": [
          78.4322405,
          17.393346
        ]
      },
      "id": "way/116612967"
    },
    {
      "type": "Feature",
      "properties": {
        "@id": "way/116683153",
        "embankment": "yes",
        "highway": "primary",
        "layer": "1",
        "lit": "yes",
        "maxspeed": "60",
        "name": "Punjagutta Flyover",
        "name:etymology:wikidata": "Q7260358",
        "oneway": "yes",
        "@geometry": "center"
      },
      "geometry": {
        "type": "Point",
        "coordinates": [
          78.4481972,
          17.4260444
        ]
      },
      "id": "way/116683153"
    },
    {
      "type": "Feature",
      "properties": {
        "@id": "way/119282528",
        "highway": "residential",
        "lit": "yes",
        "sidewalk": "no",
        "surface": "asphalt",
        "@geometry": "center"
      },
      "geometry": {
        "type": "Point",
        "coordinates": [
          78.552289,
          17.3619504
        ]
      },
      "id": "way/119282528"
    },
    {
      "type": "Feature",
      "properties": {
        "@id": "way/119283608",
        "highway": "residential",
        "lit": "yes",
        "name": "Haripuri Colony Road No.3",
        "sidewalk": "no",
        "surface": "concrete",
        "@geometry": "center"
      },
      "geometry": {
        "type": "Point",
        "coordinates": [
          78.5543158,
          17.3624304
        ]
      },
      "id": "way/119283608"
    },
    {
      "type": "Feature",
      "properties": {
        "@id": "way/134824335",
        "highway": "primary",
        "lit": "yes",
        "name": "Darul Shifa Road",
        "oneway": "yes",
        "@geometry": "center"
      },
      "geometry": {
        "type": "Point",
        "coordinates": [
          78.4829055,
          17.3731717
        ]
      },
      "id": "way/134824335"
    },
    {
      "type": "Feature",
      "properties": {
        "@id": "way/146312778",
        "bridge": "yes",
        "highway": "trunk",
        "lanes": "2",
        "layer": "1",
        "lit": "yes",
        "maxspeed": "60",
        "name": "Inner Ring Road",
        "oneway": "yes",
        "ref": "IRR",
        "surface": "concrete",
        "@geometry": "center"
      },
      "geometry": {
        "type": "Point",
        "coordinates": [
          78.5582665,
          17.3830812
        ]
      },
      "id": "way/146312778"
    },
    {
      "type": "Feature",
      "properties": {
        "@id": "way/146312779",
        "highway": "trunk",
        "lanes": "2",
        "lit": "yes",
        "maxspeed": "60",
        "name": "Inner Ring Road",
        "oneway": "yes",
        "ref": "IRR",
        "surface": "asphalt",
        "@geometry": "center"
      },
      "geometry": {
        "type": "Point",
        "coordinates": [
          78.5581875,
          17.3820758
        ]
      },
      "id": "way/146312779"
    },
    {
      "type": "Feature",
      "properties": {
        "@id": "way/146312782",
        "highway": "trunk",
        "lanes": "3",
        "lit": "yes",
        "maxspeed": "60",
        "name": "Inner Ring Road",
        "oneway": "yes",
        "ref": "IRR",
        "surface": "asphalt",
        "@geometry": "center"
      },
      "geometry": {
        "type": "Point",
        "coordinates": [
          78.558538,
          17.387773
        ]
      },
      "id": "way/146312782"
    },
    {
      "type": "Feature",
      "properties": {
        "@id": "way/146312783",
        "bridge": "yes",
        "highway": "trunk",
        "lanes": "3",
        "layer": "1",
        "lit": "yes",
        "maxspeed": "60",
        "name": "Inner Ring Road",
        "oneway": "yes",
        "ref": "IRR",
        "sidewalk": "no",
        "surface": "asphalt",
        "@geometry": "center"
      },
      "geometry": {
        "type": "Point",
        "coordinates": [
          78.5588138,
          17.3917052
        ]
      },
      "id": "way/146312783"
    },
    {
      "type": "Feature",
      "properties": {
        "@id": "way/146397038",
        "highway": "residential",
        "lit": "yes",
        "name": "Haripuri Colony Road No.4/1",
        "sidewalk": "no",
        "surface": "concrete",
        "@geometry": "center"
      },
      "geometry": {
        "type": "Point",
        "coordinates": [
          78.5546983,
          17.3619393
        ]
      },
      "id": "way/146397038"
    },
    {
      "type": "Feature",
      "properties": {
        "@id": "way/146534366",
        "highway": "residential",
        "lit": "yes",
        "name": "Ramakrishna Puram Main Road",
        "@geometry": "center"
      },
      "geometry": {
        "type": "Point",
        "coordinates": [
          78.5472517,
          17.363901
        ]
      },
      "id": "way/146534366"
    },
    {
      "type": "Feature",
      "properties": {
        "@id": "way/147252877",
        "foot": "yes",
        "highway": "primary",
        "lanes": "2",
        "lit": "yes",
        "name": "Inner Ring Road",
        "oneway": "yes",
        "ref": "IRR",
        "@geometry": "center"
      },
      "geometry": {
        "type": "Point",
        "coordinates": [
          78.4304804,
          17.3905685
        ]
      },
      "id": "way/147252877"
    },
    {
      "type": "Feature",
      "properties": {
        "@id": "way/157047739",
        "leisure": "pitch",
        "lit": "yes",
        "name": "BB Ground",
        "sport": "basketball",
        "surface": "concrete",
        "@geometry": "center"
      },
      "geometry": {
        "type": "Point",
        "coordinates": [
          78.3481119,
          17.4476758
        ]
      },
      "id": "way/157047739"
    },
    {
      "type": "Feature",
      "properties": {
        "@id": "way/158331258",
        "highway": "residential",
        "lit": "yes",
        "sidewalk": "both",
        "surface": "paved",
        "surface:note": "some stones and potholes",
        "@geometry": "center"
      },
      "geometry": {
        "type": "Point",
        "coordinates": [
          78.3378187,
          17.5082824
        ]
      },
      "id": "way/158331258"
    },
    {
      "type": "Feature",
      "properties": {
        "@id": "way/163681781",
        "highway": "residential",
        "lit": "yes",
        "noname": "yes",
        "sidewalk": "no",
        "surface": "concrete",
        "@geometry": "center"
      },
      "geometry": {
        "type": "Point",
        "coordinates": [
          78.3567624,
          17.4423324
        ]
      },
      "id": "way/163681781"
    },
    {
      "type": "Feature",
      "properties": {
        "@id": "way/164618574",
        "highway": "secondary",
        "lanes": "3",
        "lit": "yes",
        "maxspeed": "50",
        "name": "Raj Bhavan Road",
        "name:etymology:wikidata": "Q12449221",
        "name:te": "రాజ్ భవన్ రోడ్డు",
        "oneway": "yes",
        "surface": "asphalt",
        "@geometry": "center"
      },
      "geometry": {
        "type": "Point",
        "coordinates": [
          78.4591635,
          17.4212795
        ]
      },
      "id": "way/164618574"
    },
    {
      "type": "Feature",
      "properties": {
        "@id": "way/164619761",
        "highway": "primary",
        "lit": "yes",
        "maxspeed": "60",
        "name": "Khairatabad Flyover",
        "oneway": "yes",
        "@geometry": "center"
      },
      "geometry": {
        "type": "Point",
        "coordinates": [
          78.4650748,
          17.4148874
        ]
      },
      "id": "way/164619761"
    },
    {
      "type": "Feature",
      "properties": {
        "@id": "way/164619768",
        "highway": "primary_link",
        "lit": "yes",
        "name": "Khairatabad Flyover",
        "oneway": "yes",
        "@geometry": "center"
      },
      "geometry": {
        "type": "Point",
        "coordinates": [
          78.4603314,
          17.4137029
        ]
      },
      "id": "way/164619768"
    },
    {
      "type": "Feature",
      "properties": {
        "@id": "way/164619771",
        "highway": "primary",
        "lit": "yes",
        "maxspeed": "60",
        "name": "Khairatabad Flyover",
        "oneway": "yes",
        "@geometry": "center"
      },
      "geometry": {
        "type": "Point",
        "coordinates": [
          78.4603038,
          17.4134382
        ]
      },
      "id": "way/164619771"
    },
    {
      "type": "Feature",
      "properties": {
        "@id": "way/166455893",
        "alt_name": "Inner Ring Road",
        "highway": "tertiary",
        "lit": "yes",
        "name": "Greenlands Road",
        "oneway": "yes",
        "ref": "IRR",
        "surface": "asphalt",
        "@geometry": "center"
      },
      "geometry": {
        "type": "Point",
        "coordinates": [
          78.455691,
          17.4337838
        ]
      },
      "id": "way/166455893"
    },
    {
      "type": "Feature",
      "properties": {
        "@id": "way/166455895",
        "alt_name": "Inner Ring Road",
        "highway": "primary",
        "lit": "yes",
        "maxspeed": "60",
        "name": "Greenlands Road",
        "oneway": "yes",
        "ref": "IRR",
        "surface": "asphalt",
        "@geometry": "center"
      },
      "geometry": {
        "type": "Point",
        "coordinates": [
          78.4559207,
          17.4311277
        ]
      },
      "id": "way/166455895"
    },
    {
      "type": "Feature",
      "properties": {
        "@id": "way/166456717",
        "alt_name": "Inner Ring Road",
        "bridge": "yes",
        "highway": "primary_link",
        "layer": "1",
        "lit": "yes",
        "name": "Begumpet Railway Flyover",
        "name:etymology:wikidata": "Q4880629",
        "oneway": "yes",
        "ref": "IRR",
        "surface": "asphalt",
        "@geometry": "center"
      },
      "geometry": {
        "type": "Point",
        "coordinates": [
          78.4563814,
          17.4370615
        ]
      },
      "id": "way/166456717"
    },
    {
      "type": "Feature",
      "properties": {
        "@id": "way/166456720",
        "alt_name": "Inner Ring Road",
        "bridge": "yes",
        "highway": "primary",
        "layer": "1",
        "lit": "yes",
        "maxspeed": "60",
        "name": "Begumpet Railway Flyover",
        "name:etymology:wikidata": "Q4880629",
        "oneway": "yes",
        "ref": "IRR",
        "@geometry": "center"
      },
      "geometry": {
        "type": "Point",
        "coordinates": [
          78.4570839,
          17.4390293
        ]
      },
      "id": "way/166456720"
    },
    {
      "type": "Feature",
      "properties": {
        "@id": "way/166456956",
        "alt_name": "Inner Ring Road",
        "highway": "primary",
        "lit": "yes",
        "maxspeed": "60",
        "name": "Sardar Patel Road",
        "name:etymology:wikidata": "Q9455",
        "oneway": "yes",
        "ref": "IRR",
        "@geometry": "center"
      },
      "geometry": {
        "type": "Point",
        "coordinates": [
          78.4595525,
          17.4429205
        ]
      },
      "id": "way/166456956"
    },
    {
      "type": "Feature",
      "properties": {
        "@id": "way/166457605",
        "alt_name": "Inner Ring Road",
        "bridge": "yes",
        "highway": "primary",
        "lanes": "4",
        "layer": "1",
        "lit": "yes",
        "maxspeed": "60",
        "name": "Begumpet Airport Flyover",
        "oneway": "yes",
        "ref": "IRR",
        "@geometry": "center"
      },
      "geometry": {
        "type": "Point",
        "coordinates": [
          78.4695935,
          17.4443355
        ]
      },
      "id": "way/166457605"
    },
    {
      "type": "Feature",
      "properties": {
        "@id": "way/166457608",
        "alt_name": "Inner Ring Road",
        "bridge": "yes",
        "highway": "primary",
        "layer": "1",
        "lit": "yes",
        "maxspeed": "60",
        "name": "Begumpet Airport Flyover",
        "oneway": "yes",
        "ref": "IRR",
        "@geometry": "center"
      },
      "geometry": {
        "type": "Point",
        "coordinates": [
          78.4673913,
          17.444595
        ]
      },
      "id": "way/166457608"
    },
    {
      "type": "Feature",
      "properties": {
        "@id": "way/166457611",
        "alt_name": "Inner Ring Road",
        "highway": "primary",
        "lit": "yes",
        "maxspeed": "60",
        "name": "Sardar Patel Road",
        "name:etymology:wikidata": "Q9455",
        "oneway": "yes",
        "ref": "IRR",
        "@geometry": "center"
      },
      "geometry": {
        "type": "Point",
        "coordinates": [
          78.4684736,
          17.4445292
        ]
      },
      "id": "way/166457611"
    },
    {
      "type": "Feature",
      "properties": {
        "@id": "way/166505544",
        "alt_name": "Inner Ring Road",
        "bridge": "yes",
        "highway": "primary",
        "layer": "1",
        "lit": "yes",
        "maxspeed": "60",
        "name": "Sardar Patel Flyover",
        "name:etymology:wikidata": "Q9455",
        "oneway": "yes",
        "ref": "IRR",
        "@geometry": "center"
      },
      "geometry": {
        "type": "Point",
        "coordinates": [
          78.4958768,
          17.443105
        ]
      },
      "id": "way/166505544"
    },
    {
      "type": "Feature",
      "properties": {
        "@id": "way/166505546",
        "alt_name": "Inner Ring Road",
        "bridge": "yes",
        "highway": "primary",
        "layer": "1",
        "lit": "yes",
        "maxspeed": "60",
        "name": "Paradise Flyover",
        "oneway": "yes",
        "ref": "IRR",
        "@geometry": "center"
      },
      "geometry": {
        "type": "Point",
        "coordinates": [
          78.48666,
          17.4432958
        ]
      },
      "id": "way/166505546"
    },
    {
      "type": "Feature",
      "properties": {
        "@id": "way/166505547",
        "alt_name": "Inner Ring Road",
        "highway": "primary",
        "lit": "yes",
        "maxspeed": "60",
        "name": "Sardar Patel Flyover",
        "name:etymology:wikidata": "Q9455",
        "oneway": "yes",
        "ref": "IRR",
        "@geometry": "center"
      },
      "geometry": {
        "type": "Point",
        "coordinates": [
          78.491003,
          17.4433132
        ]
      },
      "id": "way/166505547"
    },
    {
      "type": "Feature",
      "properties": {
        "@id": "way/166505548",
        "alt_name": "Inner Ring Road",
        "highway": "primary",
        "lit": "yes",
        "maxspeed": "60",
        "name": "Sardar Patel Road",
        "name:etymology:wikidata": "Q9455",
        "oneway": "yes",
        "ref": "IRR",
        "@geometry": "center"
      },
      "geometry": {
        "type": "Point",
        "coordinates": [
          78.4819076,
          17.4433571
        ]
      },
      "id": "way/166505548"
    },
    {
      "type": "Feature",
      "properties": {
        "@id": "way/166505549",
        "alt_name": "Inner Ring Road",
        "bridge": "yes",
        "highway": "primary",
        "layer": "1",
        "lit": "yes",
        "maxspeed": "60",
        "name": "Paradise Flyover",
        "oneway": "yes",
        "ref": "IRR",
        "@geometry": "center"
      },
      "geometry": {
        "type": "Point",
        "coordinates": [
          78.4866734,
          17.4433809
        ]
      },
      "id": "way/166505549"
    },
    {
      "type": "Feature",
      "properties": {
        "@id": "way/166505907",
        "alt_name": "Inner Ring Road",
        "highway": "primary",
        "lit": "yes",
        "maxspeed": "60",
        "name": "Sardar Patel Flyover",
        "name:etymology:wikidata": "Q9455",
        "oneway": "yes",
        "ref": "IRR",
        "@geometry": "center"
      },
      "geometry": {
        "type": "Point",
        "coordinates": [
          78.4909038,
          17.4432219
        ]
      },
      "id": "way/166505907"
    },
    {
      "type": "Feature",
      "properties": {
        "@id": "way/166505908",
        "alt_name": "Inner Ring Road",
        "bridge": "yes",
        "highway": "primary",
        "layer": "1",
        "lit": "yes",
        "maxspeed": "60",
        "name": "Sardar Patel Flyover",
        "name:etymology:wikidata": "Q9455",
        "oneway": "yes",
        "ref": "IRR",
        "@geometry": "center"
      },
      "geometry": {
        "type": "Point",
        "coordinates": [
          78.4958771,
          17.4430541
        ]
      },
      "id": "way/166505908"
    },
    {
      "type": "Feature",
      "properties": {
        "@id": "way/166505909",
        "alt_name": "Inner Ring Road",
        "highway": "primary",
        "lit": "yes",
        "maxspeed": "60",
        "name": "Paradise Flyover",
        "oneway": "yes",
        "ref": "IRR",
        "@geometry": "center"
      },
      "geometry": {
        "type": "Point",
        "coordinates": [
          78.4898586,
          17.4432193
        ]
      },
      "id": "way/166505909"
    },
    {
      "type": "Feature",
      "properties": {
        "@id": "way/166506766",
        "highway": "primary",
        "lit": "yes",
        "maxspeed": "60",
        "oneway": "yes",
        "ref": "SH1",
        "@geometry": "center"
      },
      "geometry": {
        "type": "Point",
        "coordinates": [
          78.4957044,
          17.4430927
        ]
      },
      "id": "way/166506766"
    },
    {
      "type": "Feature",
      "properties": {
        "@id": "way/166507695",
        "alt_name": "Inner Ring Road",
        "highway": "primary",
        "lit": "yes",
        "maxspeed": "60",
        "name": "Sardar Patel Road",
        "name:etymology:wikidata": "Q9455",
        "oneway": "yes",
        "ref": "IRR",
        "@geometry": "center"
      },
      "geometry": {
        "type": "Point",
        "coordinates": [
          78.5033614,
          17.4425619
        ]
      },
      "id": "way/166507695"
    },
    {
      "type": "Feature",
      "properties": {
        "@id": "way/166507990",
        "alt_name": "Inner Ring Road",
        "highway": "primary",
        "lit": "yes",
        "maxspeed": "60",
        "name": "Sardar Patel Road",
        "name:etymology:wikidata": "Q9455",
        "oneway": "yes",
        "ref": "IRR",
        "@geometry": "center"
      },
      "geometry": {
        "type": "Point",
        "coordinates": [
          78.5057353,
          17.4425799
        ]
      },
      "id": "way/166507990"
    },
    {
      "type": "Feature",
      "properties": {
        "@id": "way/166508194",
        "alt_name": "Inner Ring Road",
        "foot": "yes",
        "highway": "primary",
        "lit": "yes",
        "maxspeed": "60",
        "name": "Rail Nilayam Road",
        "oneway": "yes",
        "ref": "IRR",
        "@geometry": "center"
      },
      "geometry": {
        "type": "Point",
        "coordinates": [
          78.5085726,
          17.4384748
        ]
      },
      "id": "way/166508194"
    },
    {
      "type": "Feature",
      "properties": {
        "@id": "way/166508942",
        "highway": "primary",
        "lit": "yes",
        "maxspeed": "60",
        "name": "St Johns Road",
        "name:etymology:wikidata": "Q9455",
        "oneway": "yes",
        "ref": "IRR",
        "@geometry": "center"
      },
      "geometry": {
        "type": "Point",
        "coordinates": [
          78.5053873,
          17.4407962
        ]
      },
      "id": "way/166508942"
    },
    {
      "type": "Feature",
      "properties": {
        "@id": "way/166508945",
        "alt_name": "Inner Ring Road",
        "highway": "primary_link",
        "lit": "yes",
        "name": "Rail Nilayam Road",
        "oneway": "yes",
        "ref": "IRR",
        "@geometry": "center"
      },
      "geometry": {
        "type": "Point",
        "coordinates": [
          78.5058657,
          17.4410381
        ]
      },
      "id": "way/166508945"
    },
    {
      "type": "Feature",
      "properties": {
        "@id": "way/166508947",
        "highway": "primary",
        "lit": "yes",
        "maxspeed": "60",
        "name": "St Johns Road",
        "name:etymology:wikidata": "Q9455",
        "oneway": "yes",
        "@geometry": "center"
      },
      "geometry": {
        "type": "Point",
        "coordinates": [
          78.5054929,
          17.4407803
        ]
      },
      "id": "way/166508947"
    },
    {
      "type": "Feature",
      "properties": {
        "@id": "way/166510403",
        "alt_name": "Inner Ring Road",
        "highway": "primary",
        "lit": "yes",
        "maxspeed": "60",
        "name": "Krishna Deva Raya Road",
        "name:etymology:wikidata": "Q121235",
        "name:te": "కృష్ణ దేవరాయ రోడ్",
        "oneway": "yes",
        "ref": "IRR",
        "@geometry": "center"
      },
      "geometry": {
        "type": "Point",
        "coordinates": [
          78.5249247,
          17.4311952
        ]
      },
      "id": "way/166510403"
    },
    {
      "type": "Feature",
      "properties": {
        "@id": "way/166510404",
        "alt_name": "Inner Ring Road",
        "highway": "primary",
        "lit": "yes",
        "maxspeed": "60",
        "name": "Rail Nilayam Road",
        "oneway": "yes",
        "ref": "IRR",
        "@geometry": "center"
      },
      "geometry": {
        "type": "Point",
        "coordinates": [
          78.5125182,
          17.4348586
        ]
      },
      "id": "way/166510404"
    },
    {
      "type": "Feature",
      "properties": {
        "@id": "way/166510713",
        "alt_name": "Inner Ring Road",
        "highway": "primary",
        "lit": "yes",
        "maxspeed": "60",
        "name": "Krishna Deva Raya Road",
        "name:etymology:wikidata": "Q121235",
        "name:te": "కృష్ణ దేవరాయ రోడ్",
        "oneway": "yes",
        "ref": "IRR",
        "@geometry": "center"
      },
      "geometry": {
        "type": "Point",
        "coordinates": [
          78.5166104,
          17.4362906
        ]
      },
      "id": "way/166510713"
    },
    {
      "type": "Feature",
      "properties": {
        "@id": "way/166512367",
        "foot": "yes",
        "highway": "primary",
        "lit": "yes",
        "maxspeed": "60",
        "oneway": "yes",
        "@geometry": "center"
      },
      "geometry": {
        "type": "Point",
        "coordinates": [
          78.528641,
          17.4248661
        ]
      },
      "id": "way/166512367"
    },
    {
      "type": "Feature",
      "properties": {
        "@id": "way/166512368",
        "alt_name": "Inner Ring Road",
        "highway": "primary",
        "lit": "yes",
        "name": "Krishna Deva Raya Road",
        "name:etymology:wikidata": "Q121235",
        "oneway": "yes",
        "sidewalk": "both",
        "surface": "asphalt",
        "@geometry": "center"
      },
      "geometry": {
        "type": "Point",
        "coordinates": [
          78.5301769,
          17.4272482
        ]
      },
      "id": "way/166512368"
    },
    {
      "type": "Feature",
      "properties": {
        "@id": "way/166513063",
        "highway": "primary",
        "lit": "yes",
        "maxspeed": "60",
        "name": "Habsiguda Main Road",
        "oneway": "yes",
        "ref": "IRR",
        "@geometry": "center"
      },
      "geometry": {
        "type": "Point",
        "coordinates": [
          78.5378941,
          17.4220183
        ]
      },
      "id": "way/166513063"
    },
    {
      "type": "Feature",
      "properties": {
        "@id": "way/166515796",
        "highway": "primary_link",
        "lit": "yes",
        "sidewalk": "no",
        "surface": "asphalt",
        "@geometry": "center"
      },
      "geometry": {
        "type": "Point",
        "coordinates": [
          78.5484258,
          17.4129086
        ]
      },
      "id": "way/166515796"
    },
    {
      "type": "Feature",
      "properties": {
        "@id": "way/166515797",
        "highway": "secondary",
        "lit": "yes",
        "maxspeed": "50",
        "name": "Prashanthinagar Main Road",
        "@geometry": "center"
      },
      "geometry": {
        "type": "Point",
        "coordinates": [
          78.556175,
          17.4052263
        ]
      },
      "id": "way/166515797"
    },
    {
      "type": "Feature",
      "properties": {
        "@id": "way/172812915",
        "highway": "primary",
        "lanes": "3",
        "lit": "yes",
        "maxspeed": "60",
        "oneway": "yes",
        "surface": "asphalt",
        "@geometry": "center"
      },
      "geometry": {
        "type": "Point",
        "coordinates": [
          78.3808781,
          17.4518726
        ]
      },
      "id": "way/172812915"
    },
    {
      "type": "Feature",
      "properties": {
        "@id": "way/172813072",
        "highway": "primary_link",
        "lit": "yes",
        "name": "HITEC City Road",
        "name:etymology:wikidata": "Q3322188",
        "oneway": "yes",
        "@geometry": "center"
      },
      "geometry": {
        "type": "Point",
        "coordinates": [
          78.3815516,
          17.4516934
        ]
      },
      "id": "way/172813072"
    },
    {
      "type": "Feature",
      "properties": {
        "@id": "way/172813236",
        "highway": "primary_link",
        "lit": "yes",
        "oneway": "yes",
        "surface": "asphalt",
        "@geometry": "center"
      },
      "geometry": {
        "type": "Point",
        "coordinates": [
          78.3806379,
          17.4517982
        ]
      },
      "id": "way/172813236"
    },
    {
      "type": "Feature",
      "properties": {
        "@id": "way/176414370",
        "highway": "primary",
        "junction": "roundabout",
        "lit": "yes",
        "maxspeed": "60",
        "oneway": "yes",
        "@geometry": "center"
      },
      "geometry": {
        "type": "Point",
        "coordinates": [
          78.4658982,
          17.4147795
        ]
      },
      "id": "way/176414370"
    },
    {
      "type": "Feature",
      "properties": {
        "@id": "way/176414373",
        "bridge": "yes",
        "highway": "primary",
        "lanes": "2",
        "layer": "1",
        "lit": "yes",
        "maxspeed": "60",
        "name": "Khairatabad Flyover",
        "oneway": "yes",
        "surface": "asphalt",
        "@geometry": "center"
      },
      "geometry": {
        "type": "Point",
        "coordinates": [
          78.4625348,
          17.4145557
        ]
      },
      "id": "way/176414373"
    },
    {
      "type": "Feature",
      "properties": {
        "@id": "way/176414375",
        "bridge": "yes",
        "highway": "primary",
        "lanes": "2",
        "layer": "1",
        "lit": "yes",
        "maxspeed": "60",
        "name": "Khairatabad Flyover",
        "oneway": "yes",
        "surface": "asphalt",
        "@geometry": "center"
      },
      "geometry": {
        "type": "Point",
        "coordinates": [
          78.462547,
          17.4146707
        ]
      },
      "id": "way/176414375"
    },
    {
      "type": "Feature",
      "properties": {
        "@id": "way/177615819",
        "alt_name": "Road No. 2",
        "highway": "primary",
        "lit": "yes",
        "maxspeed": "60",
        "name": "Punjagutta Flyover",
        "name:etymology:wikidata": "Q7260358",
        "oneway": "yes",
        "@geometry": "center"
      },
      "geometry": {
        "type": "Point",
        "coordinates": [
          78.4477336,
          17.4261239
        ]
      },
      "id": "way/177615819"
    },
    {
      "type": "Feature",
      "properties": {
        "@id": "way/177616025",
        "alt_name": "Inner Ring Road",
        "highway": "primary",
        "lit": "yes",
        "maxspeed": "60",
        "name": "Road Number 1",
        "name:te": "రోడ్డు నెంబర్ 1",
        "oneway": "yes",
        "ref": "IRR",
        "surface": "paved",
        "@geometry": "center"
      },
      "geometry": {
        "type": "Point",
        "coordinates": [
          78.4489166,
          17.4217477
        ]
      },
      "id": "way/177616025"
    },
    {
      "type": "Feature",
      "properties": {
        "@id": "way/177953384",
        "highway": "tertiary",
        "lanes": "2",
        "lit": "yes",
        "sidewalk": "left",
        "surface": "concrete",
        "@geometry": "center"
      },
      "geometry": {
        "type": "Point",
        "coordinates": [
          78.4528274,
          17.4382317
        ]
      },
      "id": "way/177953384"
    },
    {
      "type": "Feature",
      "properties": {
        "@id": "way/178598860",
        "highway": "primary",
        "lanes": "2",
        "lit": "yes",
        "name": "Inner Ring Road",
        "oneway": "yes",
        "ref": "IRR",
        "surface": "asphalt",
        "@geometry": "center"
      },
      "geometry": {
        "type": "Point",
        "coordinates": [
          78.5582337,
          17.3837857
        ]
      },
      "id": "way/178598860"
    },
    {
      "type": "Feature",
      "properties": {
        "@id": "way/178598861",
        "bridge": "yes",
        "highway": "primary",
        "lanes": "2",
        "layer": "1",
        "lit": "yes",
        "name": "Inner Ring Road",
        "oneway": "yes",
        "ref": "IRR",
        "sidewalk": "left",
        "surface": "asphalt",
        "@geometry": "center"
      },
      "geometry": {
        "type": "Point",
        "coordinates": [
          78.5581531,
          17.3830419
        ]
      },
      "id": "way/178598861"
    },
    {
      "type": "Feature",
      "properties": {
        "@id": "way/178598862",
        "highway": "primary",
        "lanes": "2",
        "lit": "yes",
        "name": "Inner Ring Road",
        "oneway": "yes",
        "ref": "IRR",
        "surface": "asphalt",
        "@geometry": "center"
      },
      "geometry": {
        "type": "Point",
        "coordinates": [
          78.5581069,
          17.3820515
        ]
      },
      "id": "way/178598862"
    },
    {
      "type": "Feature",
      "properties": {
        "@id": "way/180086459",
        "highway": "primary",
        "lit": "yes",
        "maxspeed": "60",
        "oneway": "yes",
        "@geometry": "center"
      },
      "geometry": {
        "type": "Point",
        "coordinates": [
          78.4481352,
          17.4258961
        ]
      },
      "id": "way/180086459"
    },
    {
      "type": "Feature",
      "properties": {
        "@id": "way/184281952",
        "alt_name": "Wellington Roadg",
        "highway": "primary",
        "lit": "yes",
        "maxspeed": "60",
        "name": "Hyderabad - Mancherial Highway",
        "oneway": "yes",
        "ref": "SH1",
        "surface": "asphalt",
        "@geometry": "center"
      },
      "geometry": {
        "type": "Point",
        "coordinates": [
          78.4971173,
          17.4526933
        ]
      },
      "id": "way/184281952"
    },
    {
      "type": "Feature",
      "properties": {
        "@id": "way/184322008",
        "highway": "primary",
        "lit": "yes",
        "maxspeed": "60",
        "name": "rp road",
        "oneway": "yes",
        "ref": "SH1",
        "surface": "asphalt",
        "@geometry": "center"
      },
      "geometry": {
        "type": "Point",
        "coordinates": [
          78.49558,
          17.441816
        ]
      },
      "id": "way/184322008"
    },
    {
      "type": "Feature",
      "properties": {
        "@id": "way/184330208",
        "highway": "primary",
        "lit": "yes",
        "maxspeed": "60",
        "name": "Rastrapathi Road (R.P Road)",
        "name:te": "రాష్ట్రపతి రోడ్డు",
        "oneway": "yes",
        "ref": "SH1",
        "@geometry": "center"
      },
      "geometry": {
        "type": "Point",
        "coordinates": [
          78.4902223,
          17.429771
        ]
      },
      "id": "way/184330208"
    },
    {
      "type": "Feature",
      "properties": {
        "@id": "way/184374778",
        "foot": "yes",
        "highway": "primary",
        "lanes": "3",
        "lit": "yes",
        "maxspeed": "60",
        "name": "Road No. 3",
        "name:te": "రోడ్డు నెంబర్ 3",
        "oneway": "yes",
        "surface": "asphalt",
        "@geometry": "center"
      },
      "geometry": {
        "type": "Point",
        "coordinates": [
          78.4445828,
          17.4266906
        ]
      },
      "id": "way/184374778"
    },
    {
      "type": "Feature",
      "properties": {
        "@id": "way/184376045",
        "foot": "yes",
        "highway": "primary",
        "lit": "yes",
        "maxspeed": "60",
        "name": "Road No 3",
        "oneway": "yes",
        "surface": "asphalt",
        "@geometry": "center"
      },
      "geometry": {
        "type": "Point",
        "coordinates": [
          78.4436739,
          17.4267504
        ]
      },
      "id": "way/184376045"
    },
    {
      "type": "Feature",
      "properties": {
        "@id": "way/184376046",
        "highway": "primary_link",
        "lit": "yes",
        "oneway": "yes",
        "surface": "asphalt",
        "@geometry": "center"
      },
      "geometry": {
        "type": "Point",
        "coordinates": [
          78.4268242,
          17.4230444
        ]
      },
      "id": "way/184376046"
    },
    {
      "type": "Feature",
      "properties": {
        "@id": "way/207472304",
        "highway": "primary",
        "lit": "yes",
        "name": "Inner Ring Road",
        "oneway": "yes",
        "ref": "IRR",
        "@geometry": "center"
      },
      "geometry": {
        "type": "Point",
        "coordinates": [
          78.4313541,
          17.3956159
        ]
      },
      "id": "way/207472304"
    },
    {
      "type": "Feature",
      "properties": {
        "@id": "way/207472308",
        "highway": "primary",
        "lit": "yes",
        "name": "Inner Ring Road",
        "oneway": "yes",
        "ref": "IRR",
        "@geometry": "center"
      },
      "geometry": {
        "type": "Point",
        "coordinates": [
          78.4295624,
          17.3877761
        ]
      },
      "id": "way/207472308"
    },
    {
      "type": "Feature",
      "properties": {
        "@id": "way/207472309",
        "highway": "primary",
        "lanes": "3",
        "lit": "yes",
        "maxspeed": "50",
        "name": "Masab Tank Road",
        "name:etymology:wikidata": "Q6782272",
        "oneway": "yes",
        "ref": "SH4",
        "surface": "asphalt",
        "@geometry": "center"
      },
      "geometry": {
        "type": "Point",
        "coordinates": [
          78.45474,
          17.4037837
        ]
      },
      "id": "way/207472309"
    },
    {
      "type": "Feature",
      "properties": {
        "@id": "way/207472310",
        "highway": "primary",
        "lit": "yes",
        "name": "Masab Tank Road",
        "name:etymology:wikidata": "Q6782272",
        "oneway": "yes",
        "ref": "IRR;SH4",
        "@geometry": "center"
      },
      "geometry": {
        "type": "Point",
        "coordinates": [
          78.4504069,
          17.3995697
        ]
      },
      "id": "way/207472310"
    },
    {
      "type": "Feature",
      "properties": {
        "@id": "way/207539091",
        "alt_name": "Inner Ring Road",
        "highway": "primary",
        "lit": "yes",
        "maxspeed": "60",
        "name": "Nagarjuna Circle Road",
        "oneway": "yes",
        "ref": "IRR",
        "@geometry": "center"
      },
      "geometry": {
        "type": "Point",
        "coordinates": [
          78.4510215,
          17.4264301
        ]
      },
      "id": "way/207539091"
    },
    {
      "type": "Feature",
      "properties": {
        "@id": "way/207539523",
        "highway": "primary_link",
        "lit": "yes",
        "oneway": "yes",
        "@geometry": "center"
      },
      "geometry": {
        "type": "Point",
        "coordinates": [
          78.4491869,
          17.416963
        ]
      },
      "id": "way/207539523"
    },
    {
      "type": "Feature",
      "properties": {
        "@id": "way/207568781",
        "highway": "primary",
        "lit": "yes",
        "maxspeed": "60",
        "name": "Jambagh Road",
        "oneway": "yes",
        "@geometry": "center"
      },
      "geometry": {
        "type": "Point",
        "coordinates": [
          78.4833391,
          17.3813428
        ]
      },
      "id": "way/207568781"
    },
    {
      "type": "Feature",
      "properties": {
        "@id": "way/207754661",
        "highway": "primary",
        "lit": "yes",
        "maxspeed": "60",
        "name": "Rastrapathi Road (R.P Road)",
        "oneway": "yes",
        "ref": "NH44",
        "sidewalk": "no",
        "@geometry": "center"
      },
      "geometry": {
        "type": "Point",
        "coordinates": [
          78.4878784,
          17.428544
        ]
      },
      "id": "way/207754661"
    },
    {
      "type": "Feature",
      "properties": {
        "@id": "way/207830810",
        "highway": "primary",
        "lit": "yes",
        "maxspeed": "60",
        "name": "Jambagh Road",
        "oneway": "yes",
        "@geometry": "center"
      },
      "geometry": {
        "type": "Point",
        "coordinates": [
          78.4834083,
          17.3813845
        ]
      },
      "id": "way/207830810"
    },
    {
      "type": "Feature",
      "properties": {
        "@id": "way/207830825",
        "highway": "primary",
        "lit": "yes",
        "maxspeed": "50",
        "@geometry": "center"
      },
      "geometry": {
        "type": "Point",
        "coordinates": [
          78.4684909,
          17.3678308
        ]
      },
      "id": "way/207830825"
    },
    {
      "type": "Feature",
      "properties": {
        "@id": "way/207889077",
        "highway": "primary",
        "lit": "yes",
        "maxspeed": "60",
        "oneway": "yes",
        "@geometry": "center"
      },
      "geometry": {
        "type": "Point",
        "coordinates": [
          78.4689664,
          17.3710602
        ]
      },
      "id": "way/207889077"
    },
    {
      "type": "Feature",
      "properties": {
        "@id": "way/207893837",
        "highway": "primary",
        "lit": "yes",
        "maxspeed": "60",
        "oneway": "yes",
        "ref": "SH19",
        "@geometry": "center"
      },
      "geometry": {
        "type": "Point",
        "coordinates": [
          78.4968243,
          17.3757579
        ]
      },
      "id": "way/207893837"
    },
    {
      "type": "Feature",
      "properties": {
        "@id": "way/207893838",
        "alt_name": "Nalgonda X Road Flyover",
        "bridge": "yes",
        "highway": "primary",
        "layer": "1",
        "lit": "yes",
        "maxspeed": "60",
        "name": "Sir Louis Flyover",
        "name:etymology:wikidata": "Q93182",
        "name:ur": "لوئس بریل فلائی اوور",
        "oneway": "yes",
        "ref": "SH19",
        "@geometry": "center"
      },
      "geometry": {
        "type": "Point",
        "coordinates": [
          78.4980536,
          17.3751875
        ]
      },
      "id": "way/207893838"
    },
    {
      "type": "Feature",
      "properties": {
        "@id": "way/207893840",
        "highway": "primary",
        "lit": "yes",
        "maxspeed": "60",
        "name": "Sir Louis Flyover",
        "name:etymology:wikidata": "Q93182",
        "oneway": "yes",
        "ref": "SH19",
        "@geometry": "center"
      },
      "geometry": {
        "type": "Point",
        "coordinates": [
          78.4980179,
          17.3755051
        ]
      },
      "id": "way/207893840"
    },
    {
      "type": "Feature",
      "properties": {
        "@id": "way/207898267",
        "highway": "primary",
        "lit": "yes",
        "maxspeed": "60",
        "oneway": "yes",
        "@geometry": "center"
      },
      "geometry": {
        "type": "Point",
        "coordinates": [
          78.4689781,
          17.3691054
        ]
      },
      "id": "way/207898267"
    },
    {
      "type": "Feature",
      "properties": {
        "@id": "way/208182981",
        "alt_name": "Inner Ring Road",
        "highway": "primary",
        "lit": "yes",
        "maxspeed": "60",
        "name": "Road Number 1",
        "name:te": "రోడ్డు నెంబర్ 1",
        "oneway": "yes",
        "ref": "IRR",
        "surface": "paved",
        "@geometry": "center"
      },
      "geometry": {
        "type": "Point",
        "coordinates": [
          78.4487965,
          17.4229758
        ]
      },
      "id": "way/208182981"
    },
    {
      "type": "Feature",
      "properties": {
        "@id": "way/208182982",
        "alt_name": "Inner Ring Road",
        "highway": "primary",
        "lanes": "2",
        "lit": "yes",
        "maxspeed": "60",
        "name": "Punjagutta Flyover",
        "name:etymology:wikidata": "Q7260358",
        "oneway": "yes",
        "ref": "IRR",
        "sidewalk": "no",
        "smoothness": "excellent",
        "source": "Bing (2016-07-22)",
        "surface": "asphalt",
        "@geometry": "center"
      },
      "geometry": {
        "type": "Point",
        "coordinates": [
          78.4483973,
          17.4237605
        ]
      },
      "id": "way/208182982"
    },
    {
      "type": "Feature",
      "properties": {
        "@id": "way/208182985",
        "alt_name": "Inner Ring Road",
        "highway": "primary",
        "lit": "yes",
        "maxspeed": "60",
        "name": "Road Number 1",
        "name:te": "రోడ్డు నెంబర్ 1",
        "oneway": "yes",
        "ref": "IRR",
        "surface": "paved",
        "@geometry": "center"
      },
      "geometry": {
        "type": "Point",
        "coordinates": [
          78.4480679,
          17.4190951
        ]
      },
      "id": "way/208182985"
    },
    {
      "type": "Feature",
      "properties": {
        "@id": "way/208566095",
        "bicycle": "no",
        "embankment": "left",
        "foot": "no",
        "highway": "motorway",
        "horse": "no",
        "lanes": "4",
        "lit": "yes",
        "maxspeed": "120",
        "maxspeed:advisory:lanes": "80|80|120|120",
        "motor_vehicle": "designated",
        "motorcycle": "no",
        "name": "Outer Ring Road",
        "name:hi": "आउटर रिंग रोड",
        "name:te": "ఔటర్ రింగు రోడ్డు",
        "official_name": "Nehru Outer Ring Road",
        "official_name:hi": "नेहरू आउटर रिंग रोड",
        "official_name:te": "నెహ్రూ ఔటర్ రింగ్ రోడ్",
        "oneway": "yes",
        "operator": "Hyderabad Metropolitan Development Authority",
        "ref": "ORR",
        "shoulder": "left",
        "smoothness": "excellent",
        "source": "Esri World Imagery (2023-10-08)",
        "start_date": "2008-11-14",
        "surface": "asphalt",
        "toll": "yes",
        "@geometry": "center"
      },
      "geometry": {
        "type": "Point",
        "coordinates": [
          78.3765693,
          17.3155354
        ]
      },
      "id": "way/208566095"
    },
    {
      "type": "Feature",
      "properties": {
        "@id": "way/209298782",
        "bridge": "yes",
        "highway": "footway",
        "layer": "1",
        "lit": "yes",
        "smoothness": "excellent",
        "surface": "paving_stones",
        "width": "2",
        "@geometry": "center"
      },
      "geometry": {
        "type": "Point",
        "coordinates": [
          78.4605393,
          17.4123398
        ]
      },
      "id": "way/209298782"
    },
    {
      "type": "Feature",
      "properties": {
        "@id": "way/209298786",
        "handrail:left": "yes",
        "handrail:right": "yes",
        "highway": "steps",
        "incline": "up",
        "lit": "yes",
        "ramp": "no",
        "@geometry": "center"
      },
      "geometry": {
        "type": "Point",
        "coordinates": [
          78.4603986,
          17.4124994
        ]
      },
      "id": "way/209298786"
    },
    {
      "type": "Feature",
      "properties": {
        "@id": "way/211066812",
        "highway": "primary",
        "lanes": "2",
        "lit": "yes",
        "maxspeed": "60",
        "name": "Gachibowli - Miyapur Highway",
        "oneway": "yes",
        "surface": "asphalt",
        "@geometry": "center"
      },
      "geometry": {
        "type": "Point",
        "coordinates": [
          78.3657405,
          17.4582454
        ]
      },
      "id": "way/211066812"
    },
    {
      "type": "Feature",
      "properties": {
        "@id": "way/211237574",
        "highway": "primary",
        "lit": "yes",
        "maxspeed": "60",
        "name": "St Johns Road",
        "name:etymology:wikidata": "Q9455",
        "oneway": "yes",
        "@geometry": "center"
      },
      "geometry": {
        "type": "Point",
        "coordinates": [
          78.505224,
          17.4372017
        ]
      },
      "id": "way/211237574"
    },
    {
      "type": "Feature",
      "properties": {
        "@id": "way/212725897",
        "highway": "residential",
        "lit": "yes",
        "name": "CyberZon Approach road",
        "surface": "asphalt",
        "@geometry": "center"
      },
      "geometry": {
        "type": "Point",
        "coordinates": [
          78.3100109,
          17.4726581
        ]
      },
      "id": "way/212725897"
    },
    {
      "type": "Feature",
      "properties": {
        "@id": "way/214620156",
        "highway": "residential",
        "lit": "yes",
        "surface": "asphalt",
        "@geometry": "center"
      },
      "geometry": {
        "type": "Point",
        "coordinates": [
          78.5215484,
          17.4374982
        ]
      },
      "id": "way/214620156"
    },
    {
      "type": "Feature",
      "properties": {
        "@id": "way/214620435",
        "highway": "residential",
        "lit": "yes",
        "surface": "asphalt",
        "@geometry": "center"
      },
      "geometry": {
        "type": "Point",
        "coordinates": [
          78.5217348,
          17.4374186
        ]
      },
      "id": "way/214620435"
    },
    {
      "type": "Feature",
      "properties": {
        "@id": "way/215348807",
        "highway": "residential",
        "lit": "yes",
        "name": "Street number 2",
        "name:te": "స్ట్రీట్ నంబరు 2",
        "sidewalk": "no",
        "surface": "asphalt",
        "@geometry": "center"
      },
      "geometry": {
        "type": "Point",
        "coordinates": [
          78.5717703,
          17.3533989
        ]
      },
      "id": "way/215348807"
    },
    {
      "type": "Feature",
      "properties": {
        "@id": "way/215348996",
        "highway": "residential",
        "lit": "yes",
        "name": "Street number 1",
        "sidewalk": "no",
        "surface": "asphalt",
        "@geometry": "center"
      },
      "geometry": {
        "type": "Point",
        "coordinates": [
          78.5721972,
          17.3533426
        ]
      },
      "id": "way/215348996"
    },
    {
      "type": "Feature",
      "properties": {
        "@id": "way/215349001",
        "highway": "residential",
        "lit": "yes",
        "maxspeed:type": "IN:urban",
        "name": "Street number 7",
        "name:te": "స్ట్రీట్ నంబరు 7",
        "sidewalk": "no",
        "surface": "asphalt",
        "@geometry": "center"
      },
      "geometry": {
        "type": "Point",
        "coordinates": [
          78.5704737,
          17.3543262
        ]
      },
      "id": "way/215349001"
    },
    {
      "type": "Feature",
      "properties": {
        "@id": "way/215349048",
        "highway": "residential",
        "lit": "yes",
        "maxspeed:type": "IN:urban",
        "name": "Street number 8",
        "name:te": "స్ట్రీట్ నంబరు 8",
        "sidewalk": "no",
        "surface": "asphalt",
        "@geometry": "center"
      },
      "geometry": {
        "type": "Point",
        "coordinates": [
          78.5701895,
          17.3544722
        ]
      },
      "id": "way/215349048"
    },
    {
      "type": "Feature",
      "properties": {
        "@id": "way/215349068",
        "highway": "residential",
        "lit": "yes",
        "name": "Street number 5",
        "name:te": "స్ట్రీట్ నంబరు 5",
        "sidewalk": "no",
        "surface": "asphalt",
        "@geometry": "center"
      },
      "geometry": {
        "type": "Point",
        "coordinates": [
          78.571101,
          17.3540734
        ]
      },
      "id": "way/215349068"
    },
    {
      "type": "Feature",
      "properties": {
        "@id": "way/215349074",
        "highway": "residential",
        "lit": "yes",
        "maxspeed:type": "IN:urban",
        "name": "Street number 6",
        "name:te": "స్ట్రీట్ నంబరు 6",
        "sidewalk": "no",
        "surface": "asphalt",
        "@geometry": "center"
      },
      "geometry": {
        "type": "Point",
        "coordinates": [
          78.5707636,
          17.354163
        ]
      },
      "id": "way/215349074"
    },
    {
      "type": "Feature",
      "properties": {
        "@id": "way/215349254",
        "highway": "residential",
        "lit": "yes",
        "name": "Street number 14/2",
        "name:te": "స్ట్రీట్ నంబరు 14/2",
        "sidewalk": "no",
        "surface": "asphalt",
        "@geometry": "center"
      },
      "geometry": {
        "type": "Point",
        "coordinates": [
          78.5682496,
          17.3545488
        ]
      },
      "id": "way/215349254"
    },
    {
      "type": "Feature",
      "properties": {
        "@id": "way/215349309",
        "highway": "residential",
        "lit": "yes",
        "surface": "asphalt",
        "@geometry": "center"
      },
      "geometry": {
        "type": "Point",
        "coordinates": [
          78.5679818,
          17.3533883
        ]
      },
      "id": "way/215349309"
    },
    {
      "type": "Feature",
      "properties": {
        "@id": "way/216485568",
        "designation": "Felicity Ground",
        "leisure": "pitch",
        "lit": "yes",
        "name": "Felicity Ground",
        "sport": "soccer",
        "surface": "earth",
        "@geometry": "center"
      },
      "geometry": {
        "type": "Point",
        "coordinates": [
          78.3464156,
          17.4461088
        ]
      },
      "id": "way/216485568"
    },
    {
      "type": "Feature",
      "properties": {
        "@id": "way/216811181",
        "alt_name": "JN Road",
        "foot": "yes",
        "highway": "primary",
        "lit": "yes",
        "maxspeed": "60",
        "name": "Abids to MJ Market Road",
        "oneway": "yes",
        "ref": "Old NH7",
        "ref:old": "NH7",
        "surface": "asphalt",
        "@geometry": "center"
      },
      "geometry": {
        "type": "Point",
        "coordinates": [
          78.476396,
          17.3888235
        ]
      },
      "id": "way/216811181"
    },
    {
      "type": "Feature",
      "properties": {
        "@id": "way/218867657",
        "highway": "primary",
        "lanes": "2",
        "lit": "yes",
        "maxspeed": "60",
        "oneway": "yes",
        "surface": "paved",
        "@geometry": "center"
      },
      "geometry": {
        "type": "Point",
        "coordinates": [
          78.3759918,
          17.4278159
        ]
      },
      "id": "way/218867657"
    },
    {
      "type": "Feature",
      "properties": {
        "@id": "way/218867658",
        "foot": "yes",
        "highway": "primary",
        "lanes": "3",
        "lit": "yes",
        "maxspeed": "60",
        "name": "Hi Tech City Main Road",
        "name:etymology:wikidata": "Q3322188",
        "oneway": "yes",
        "surface": "asphalt",
        "@geometry": "center"
      },
      "geometry": {
        "type": "Point",
        "coordinates": [
          78.3749544,
          17.4308406
        ]
      },
      "id": "way/218867658"
    },
    {
      "type": "Feature",
      "properties": {
        "@id": "way/229422268",
        "highway": "primary_link",
        "lit": "yes",
        "oneway": "yes",
        "@geometry": "center"
      },
      "geometry": {
        "type": "Point",
        "coordinates": [
          78.380891,
          17.452023
        ]
      },
      "id": "way/229422268"
    },
    {
      "type": "Feature",
      "properties": {
        "@id": "way/232017534",
        "highway": "residential",
        "lit": "yes",
        "sidewalk": "no",
        "surface": "asphalt",
        "@geometry": "center"
      },
      "geometry": {
        "type": "Point",
        "coordinates": [
          78.4149794,
          17.3671277
        ]
      },
      "id": "way/232017534"
    },
    {
      "type": "Feature",
      "properties": {
        "@id": "way/232038375",
        "highway": "residential",
        "lit": "yes",
        "name": "Shyam Karan road",
        "surface": "asphalt",
        "@geometry": "center"
      },
      "geometry": {
        "type": "Point",
        "coordinates": [
          78.4494696,
          17.4386731
        ]
      },
      "id": "way/232038375"
    },
    {
      "type": "Feature",
      "properties": {
        "@id": "way/233499589",
        "bridge": "yes",
        "highway": "footway",
        "layer": "1",
        "lit": "yes",
        "surface": "metal",
        "@geometry": "center"
      },
      "geometry": {
        "type": "Point",
        "coordinates": [
          78.4524482,
          17.4453759
        ]
      },
      "id": "way/233499589"
    },
    {
      "type": "Feature",
      "properties": {
        "@id": "way/233499590",
        "handrail": "yes",
        "highway": "steps",
        "incline": "up",
        "lit": "yes",
        "surface": "metal",
        "@geometry": "center"
      },
      "geometry": {
        "type": "Point",
        "coordinates": [
          78.4524979,
          17.4454923
        ]
      },
      "id": "way/233499590"
    },
    {
      "type": "Feature",
      "properties": {
        "@id": "way/233499591",
        "handrail": "yes",
        "highway": "steps",
        "incline": "up",
        "lit": "yes",
        "surface": "metal",
        "@geometry": "center"
      },
      "geometry": {
        "type": "Point",
        "coordinates": [
          78.4523356,
          17.4454296
        ]
      },
      "id": "way/233499591"
    },
    {
      "type": "Feature",
      "properties": {
        "@id": "way/238191969",
        "highway": "primary",
        "lit": "yes",
        "maxspeed": "50",
        "name": "Purana Pul Road",
        "name:te": "పురానా ఫుల్ రోడ్డు",
        "@geometry": "center"
      },
      "geometry": {
        "type": "Point",
        "coordinates": [
          78.4686862,
          17.3628164
        ]
      },
      "id": "way/238191969"
    },
    {
      "type": "Feature",
      "properties": {
        "@id": "way/238192673",
        "alt_name": "Nalgonda X Road Flyover",
        "bridge": "yes",
        "highway": "primary",
        "layer": "1",
        "lit": "yes",
        "maxspeed": "60",
        "name": "Sir Louis Flyover",
        "name:etymology:wikidata": "Q93182",
        "oneway": "yes",
        "ref": "SH19",
        "@geometry": "center"
      },
      "geometry": {
        "type": "Point",
        "coordinates": [
          78.4982787,
          17.3751207
        ]
      },
      "id": "way/238192673"
    },
    {
      "type": "Feature",
      "properties": {
        "@id": "way/238192674",
        "highway": "primary",
        "lit": "yes",
        "maxspeed": "60",
        "name": "Sir Louis Flyover",
        "name:etymology:wikidata": "Q93182",
        "oneway": "yes",
        "ref": "SH19",
        "@geometry": "center"
      },
      "geometry": {
        "type": "Point",
        "coordinates": [
          78.4990403,
          17.3734667
        ]
      },
      "id": "way/238192674"
    },
    {
      "type": "Feature",
      "properties": {
        "@id": "way/238304702",
        "highway": "primary",
        "lane_markings": "no",
        "lit": "yes",
        "name": "Langar House road",
        "oneway": "yes",
        "surface": "asphalt",
        "@geometry": "center"
      },
      "geometry": {
        "type": "Point",
        "coordinates": [
          78.4195174,
          17.3763427
        ]
      },
      "id": "way/238304702"
    },
    {
      "type": "Feature",
      "properties": {
        "@id": "way/238304703",
        "highway": "primary",
        "lit": "yes",
        "name": "Langar House road",
        "oneway": "yes",
        "@geometry": "center"
      },
      "geometry": {
        "type": "Point",
        "coordinates": [
          78.420111,
          17.3777063
        ]
      },
      "id": "way/238304703"
    },
    {
      "type": "Feature",
      "properties": {
        "@id": "way/240041399",
        "highway": "trunk_link",
        "lanes": "1",
        "lit": "yes",
        "oneway": "yes",
        "sidewalk": "no",
        "@geometry": "center"
      },
      "geometry": {
        "type": "Point",
        "coordinates": [
          78.4325843,
          17.321933
        ]
      },
      "id": "way/240041399"
    },
    {
      "type": "Feature",
      "properties": {
        "@id": "way/240041402",
        "highway": "trunk_link",
        "lanes": "1",
        "lit": "yes",
        "oneway": "yes",
        "sidewalk": "no",
        "@geometry": "center"
      },
      "geometry": {
        "type": "Point",
        "coordinates": [
          78.4322549,
          17.3221808
        ]
      },
      "id": "way/240041402"
    },
    {
      "type": "Feature",
      "properties": {
        "@id": "way/240041403",
        "highway": "tertiary",
        "lanes": "1",
        "lit": "yes",
        "name": "Service Road",
        "oneway": "yes",
        "sidewalk": "no",
        "@geometry": "center"
      },
      "geometry": {
        "type": "Point",
        "coordinates": [
          78.4298132,
          17.3205176
        ]
      },
      "id": "way/240041403"
    },
    {
      "type": "Feature",
      "properties": {
        "@id": "way/240041404",
        "foot": "yes",
        "highway": "tertiary",
        "lanes": "1",
        "lit": "yes",
        "name": "Service Road",
        "oneway": "yes",
        "sidewalk": "no",
        "@geometry": "center"
      },
      "geometry": {
        "type": "Point",
        "coordinates": [
          78.4299548,
          17.3200689
        ]
      },
      "id": "way/240041404"
    },
    {
      "type": "Feature",
      "properties": {
        "@id": "way/240775647",
        "leisure": "pitch",
        "lit": "yes",
        "name": "Football Ground",
        "sport": "soccer",
        "surface": "dirt",
        "@geometry": "center"
      },
      "geometry": {
        "type": "Point",
        "coordinates": [
          78.3484228,
          17.4468025
        ]
      },
      "id": "way/240775647"
    },
    {
      "type": "Feature",
      "properties": {
        "@id": "way/252417034",
        "highway": "trunk",
        "lanes": "2",
        "lit": "yes",
        "maxspeed": "60",
        "name": "Inner Ring Road",
        "oneway": "yes",
        "ref": "IRR",
        "surface": "asphalt",
        "@geometry": "center"
      },
      "geometry": {
        "type": "Point",
        "coordinates": [
          78.5583012,
          17.3838006
        ]
      },
      "id": "way/252417034"
    },
    {
      "type": "Feature",
      "properties": {
        "@id": "way/252420117",
        "highway": "primary",
        "lanes": "2",
        "lit": "yes",
        "name": "Inner Ring Road",
        "oneway": "yes",
        "ref": "IRR",
        "surface": "asphalt",
        "@geometry": "center"
      },
      "geometry": {
        "type": "Point",
        "coordinates": [
          78.5585,
          17.3844351
        ]
      },
      "id": "way/252420117"
    },
    {
      "type": "Feature",
      "properties": {
        "@id": "way/252420119",
        "highway": "primary",
        "lanes": "2",
        "lit": "yes",
        "name": "Inner Ring Road",
        "oneway": "yes",
        "ref": "IRR",
        "surface": "asphalt",
        "@geometry": "center"
      },
      "geometry": {
        "type": "Point",
        "coordinates": [
          78.5583203,
          17.381923
        ]
      },
      "id": "way/252420119"
    },
    {
      "type": "Feature",
      "properties": {
        "@id": "way/252420120",
        "bridge": "yes",
        "highway": "primary",
        "lanes": "2",
        "layer": "1",
        "lit": "yes",
        "name": "Inner Ring Road",
        "oneway": "yes",
        "ref": "IRR",
        "surface": "asphalt",
        "@geometry": "center"
      },
      "geometry": {
        "type": "Point",
        "coordinates": [
          78.5584266,
          17.3832066
        ]
      },
      "id": "way/252420120"
    },
    {
      "type": "Feature",
      "properties": {
        "@id": "way/253006381",
        "alt_name": "Inner Ring Road",
        "highway": "secondary",
        "lit": "yes",
        "name": "Greenlands Road",
        "oneway": "yes",
        "ref": "IRR",
        "@geometry": "center"
      },
      "geometry": {
        "type": "Point",
        "coordinates": [
          78.4555598,
          17.4294231
        ]
      },
      "id": "way/253006381"
    },
    {
      "type": "Feature",
      "properties": {
        "@id": "way/253006382",
        "highway": "primary_link",
        "lit": "yes",
        "oneway": "yes",
        "@geometry": "center"
      },
      "geometry": {
        "type": "Point",
        "coordinates": [
          78.4552907,
          17.4287888
        ]
      },
      "id": "way/253006382"
    },
    {
      "type": "Feature",
      "properties": {
        "@id": "way/253007402",
        "highway": "primary_link",
        "lit": "yes",
        "name": "Greenlands Road",
        "ref": "IRR",
        "@geometry": "center"
      },
      "geometry": {
        "type": "Point",
        "coordinates": [
          78.4530189,
          17.4279515
        ]
      },
      "id": "way/253007402"
    },
    {
      "type": "Feature",
      "properties": {
        "@id": "way/274564748",
        "highway": "primary",
        "lit": "yes",
        "maxspeed": "60",
        "name": "Malakunta Road",
        "oneway": "yes",
        "@geometry": "center"
      },
      "geometry": {
        "type": "Point",
        "coordinates": [
          78.4734822,
          17.3831151
        ]
      },
      "id": "way/274564748"
    },
    {
      "type": "Feature",
      "properties": {
        "@id": "way/274917261",
        "highway": "residential",
        "lit": "yes",
        "surface": "concrete",
        "@geometry": "center"
      },
      "geometry": {
        "type": "Point",
        "coordinates": [
          78.413866,
          17.4061148
        ]
      },
      "id": "way/274917261"
    },
    {
      "type": "Feature",
      "properties": {
        "@id": "way/275474298",
        "highway": "primary",
        "lit": "yes",
        "maxspeed": "60",
        "name": "Nallakunta Main Road",
        "name:etymology:wikidata": "Q15260865",
        "oneway": "yes",
        "@geometry": "center"
      },
      "geometry": {
        "type": "Point",
        "coordinates": [
          78.5059642,
          17.398815
        ]
      },
      "id": "way/275474298"
    },
    {
      "type": "Feature",
      "properties": {
        "@id": "way/280689946",
        "embankment": "yes",
        "highway": "primary",
        "lanes": "2",
        "lit": "yes",
        "maxspeed": "60",
        "name": "Telugu Talli Flyover",
        "oneway": "yes",
        "@geometry": "center"
      },
      "geometry": {
        "type": "Point",
        "coordinates": [
          78.4700715,
          17.4078293
        ]
      },
      "id": "way/280689946"
    },
    {
      "type": "Feature",
      "properties": {
        "@id": "way/281272310",
        "highway": "residential",
        "lanes": "2",
        "lit": "yes",
        "name": "Servo towers road",
        "surface": "asphalt",
        "@geometry": "center"
      },
      "geometry": {
        "type": "Point",
        "coordinates": [
          78.4513539,
          17.4380265
        ]
      },
      "id": "way/281272310"
    },
    {
      "type": "Feature",
      "properties": {
        "@id": "way/281760565",
        "highway": "primary",
        "lit": "yes",
        "oneway": "yes",
        "@geometry": "center"
      },
      "geometry": {
        "type": "Point",
        "coordinates": [
          78.4871596,
          17.4252595
        ]
      },
      "id": "way/281760565"
    },
    {
      "type": "Feature",
      "properties": {
        "@id": "way/282035378",
        "highway": "residential",
        "lit": "yes",
        "maxspeed:type": "IN-TG:urban",
        "name": "Sbi colony",
        "surface": "paved",
        "@geometry": "center"
      },
      "geometry": {
        "type": "Point",
        "coordinates": [
          78.439058,
          17.3834049
        ]
      },
      "id": "way/282035378"
    },
    {
      "type": "Feature",
      "properties": {
        "@id": "way/282035411",
        "highway": "residential",
        "lit": "yes",
        "maxspeed:type": "IN-TG:urban",
        "name": "Sbi colony",
        "surface": "paved",
        "@geometry": "center"
      },
      "geometry": {
        "type": "Point",
        "coordinates": [
          78.4396799,
          17.3833834
        ]
      },
      "id": "way/282035411"
    },
    {
      "type": "Feature",
      "properties": {
        "@id": "way/282035463",
        "highway": "residential",
        "lit": "yes",
        "maxspeed:type": "IN-TG:urban",
        "name": "Sarada nagar",
        "surface": "concrete",
        "@geometry": "center"
      },
      "geometry": {
        "type": "Point",
        "coordinates": [
          78.4399056,
          17.3823451
        ]
      },
      "id": "way/282035463"
    },
    {
      "type": "Feature",
      "properties": {
        "@id": "way/287682565",
        "highway": "trunk_link",
        "lit": "yes",
        "surface": "asphalt",
        "@geometry": "center"
      },
      "geometry": {
        "type": "Point",
        "coordinates": [
          78.5578898,
          17.4033763
        ]
      },
      "id": "way/287682565"
    },
    {
      "type": "Feature",
      "properties": {
        "@id": "way/288592791",
        "alt_name": "Inner Ring Road",
        "highway": "primary",
        "lit": "yes",
        "maxspeed": "60",
        "name": "Sardar Patel Road",
        "name:etymology:wikidata": "Q9455",
        "oneway": "yes",
        "ref": "IRR",
        "@geometry": "center"
      },
      "geometry": {
        "type": "Point",
        "coordinates": [
          78.490355,
          17.4431941
        ]
      },
      "id": "way/288592791"
    },
    {
      "type": "Feature",
      "properties": {
        "@id": "way/304614006",
        "access": "permissive",
        "description": "This ground is mainly used by locals for playing Footbal, Cricket. Very occupied during Sundays and daily evenings. People also use it for walking, jogging. \nFootball Association uses this for playing Tournaments.",
        "leisure": "pitch",
        "lit": "yes",
        "name": "Football Ground",
        "sport": "soccer;cricket",
        "surface": "sand",
        "@geometry": "center"
      },
      "geometry": {
        "type": "Point",
        "coordinates": [
          78.4519877,
          17.393506
        ]
      },
      "id": "way/304614006"
    },
    {
      "type": "Feature",
      "properties": {
        "@id": "way/305250935",
        "highway": "secondary",
        "lit": "yes",
        "oneway": "yes",
        "@geometry": "center"
      },
      "geometry": {
        "type": "Point",
        "coordinates": [
          78.4731637,
          17.4076404
        ]
      },
      "id": "way/305250935"
    },
    {
      "type": "Feature",
      "properties": {
        "@id": "way/305261394",
        "highway": "primary",
        "lanes": "2",
        "layer": "1",
        "lit": "yes",
        "maxspeed": "60",
        "name": "Telugu Talli Flyover",
        "oneway": "yes",
        "@geometry": "center"
      },
      "geometry": {
        "type": "Point",
        "coordinates": [
          78.4777072,
          17.4118994
        ]
      },
      "id": "way/305261394"
    },
    {
      "type": "Feature",
      "properties": {
        "@id": "way/305274293",
        "bridge": "yes",
        "highway": "primary",
        "layer": "1",
        "lit": "yes",
        "maxspeed": "60",
        "name": "Basheer Bagh Flyover",
        "name:etymology:wikidata": "Q4866790",
        "oneway": "yes",
        "ref": "Old NH7",
        "ref:old": "NH7",
        "@geometry": "center"
      },
      "geometry": {
        "type": "Point",
        "coordinates": [
          78.475673,
          17.4016711
        ]
      },
      "id": "way/305274293"
    },
    {
      "type": "Feature",
      "properties": {
        "@id": "way/309189807",
        "foot": "yes",
        "highway": "trunk",
        "lit": "yes",
        "maxspeed": "60",
        "oneway": "yes",
        "ref": "NH163",
        "ref:old": "SH4",
        "@geometry": "center"
      },
      "geometry": {
        "type": "Point",
        "coordinates": [
          78.4247395,
          17.3905805
        ]
      },
      "id": "way/309189807"
    },
    {
      "type": "Feature",
      "properties": {
        "@id": "way/309194759",
        "alt_name": "Inner Ring Road",
        "highway": "primary_link",
        "lit": "yes",
        "name": "Road Number 1",
        "oneway": "yes",
        "ref": "IRR",
        "@geometry": "center"
      },
      "geometry": {
        "type": "Point",
        "coordinates": [
          78.45261,
          17.4034113
        ]
      },
      "id": "way/309194759"
    },
    {
      "type": "Feature",
      "properties": {
        "@id": "way/309194763",
        "alt_name": "Inner Ring Road",
        "highway": "primary",
        "highway_1": "closed:primary",
        "lit": "yes",
        "maxspeed": "60",
        "name": "Road Number 1",
        "oneway": "yes",
        "ref": "IRR",
        "@geometry": "center"
      },
      "geometry": {
        "type": "Point",
        "coordinates": [
          78.4529564,
          17.4033296
        ]
      },
      "id": "way/309194763"
    },
    {
      "type": "Feature",
      "properties": {
        "@id": "way/309194764",
        "highway": "primary",
        "lit": "yes",
        "name": "Masab Tank Road",
        "name:etymology:wikidata": "Q6782272",
        "oneway": "yes",
        "ref": "SH4",
        "@geometry": "center"
      },
      "geometry": {
        "type": "Point",
        "coordinates": [
          78.4529086,
          17.4034314
        ]
      },
      "id": "way/309194764"
    },
    {
      "type": "Feature",
      "properties": {
        "@id": "way/309194766",
        "alt_name": "Inner Ring Road",
        "highway": "primary",
        "lit": "yes",
        "locality": "Banjara Hills",
        "maxspeed": "60",
        "name": "Road Number 1",
        "oneway": "yes",
        "ref": "IRR",
        "@geometry": "center"
      },
      "geometry": {
        "type": "Point",
        "coordinates": [
          78.4530458,
          17.4033957
        ]
      },
      "id": "way/309194766"
    },
    {
      "type": "Feature",
      "properties": {
        "@id": "way/309194767",
        "highway": "primary",
        "lanes": "3",
        "lit": "yes",
        "maxspeed": "50",
        "name": "Masab Tank Road",
        "name:etymology:wikidata": "Q6782272",
        "oneway": "yes",
        "ref": "SH4",
        "surface": "asphalt",
        "@geometry": "center"
      },
      "geometry": {
        "type": "Point",
        "coordinates": [
          78.4546691,
          17.4039486
        ]
      },
      "id": "way/309194767"
    },
    {
      "type": "Feature",
      "properties": {
        "@id": "way/309194768",
        "highway": "primary",
        "lit": "yes",
        "name": "Masab Tank Road",
        "name:etymology:wikidata": "Q6782272",
        "oneway": "yes",
        "ref": "IRR;SH4",
        "@geometry": "center"
      },
      "geometry": {
        "type": "Point",
        "coordinates": [
          78.4530936,
          17.4032938
        ]
      },
      "id": "way/309194768"
    },
    {
      "type": "Feature",
      "properties": {
        "@id": "way/309352552",
        "alt_name": "Inner Ring Road",
        "highway": "primary",
        "lanes": "3",
        "lit": "yes",
        "maxspeed": "60",
        "name": "Road Number 1",
        "oneway": "yes",
        "ref": "IRR",
        "surface": "asphalt",
        "@geometry": "center"
      },
      "geometry": {
        "type": "Point",
        "coordinates": [
          78.4515589,
          17.4057575
        ]
      },
      "id": "way/309352552"
    },
    {
      "type": "Feature",
      "properties": {
        "@id": "way/309352557",
        "alt_name": "Inner Ring Road",
        "highway": "primary",
        "lit": "yes",
        "locality": "Banjara Hills",
        "maxspeed": "60",
        "name": "Road Number 1",
        "oneway": "yes",
        "ref": "IRR",
        "@geometry": "center"
      },
      "geometry": {
        "type": "Point",
        "coordinates": [
          78.4513789,
          17.4068981
        ]
      },
      "id": "way/309352557"
    },
    {
      "type": "Feature",
      "properties": {
        "@id": "way/309352562",
        "alt_name": "Inner Ring Road",
        "highway": "primary",
        "lit": "yes",
        "maxspeed": "60",
        "name": "Road Number 1",
        "oneway": "yes",
        "ref": "IRR",
        "@geometry": "center"
      },
      "geometry": {
        "type": "Point",
        "coordinates": [
          78.449471,
          17.4159744
        ]
      },
      "id": "way/309352562"
    },
    {
      "type": "Feature",
      "properties": {
        "@id": "way/309352563",
        "highway": "primary_link",
        "lit": "yes",
        "oneway": "yes",
        "@geometry": "center"
      },
      "geometry": {
        "type": "Point",
        "coordinates": [
          78.4507191,
          17.408254
        ]
      },
      "id": "way/309352563"
    },
    {
      "type": "Feature",
      "properties": {
        "@id": "way/309354114",
        "alt_name": "Inner Ring Road",
        "highway": "primary",
        "lit": "yes",
        "maxspeed": "60",
        "name": "Road Number 1",
        "oneway": "yes",
        "ref": "IRR",
        "@geometry": "center"
      },
      "geometry": {
        "type": "Point",
        "coordinates": [
          78.4492283,
          17.4161158
        ]
      },
      "id": "way/309354114"
    },
    {
      "type": "Feature",
      "properties": {
        "@id": "way/309362730",
        "highway": "secondary",
        "lit": "yes",
        "oneway": "yes",
        "@geometry": "center"
      },
      "geometry": {
        "type": "Point",
        "coordinates": [
          78.4732243,
          17.4076548
        ]
      },
      "id": "way/309362730"
    },
    {
      "type": "Feature",
      "properties": {
        "@id": "way/309380203",
        "alt_name": "St Johns Road",
        "highway": "primary",
        "lit": "yes",
        "maxspeed": "60",
        "name": "St Johns Road Underpass",
        "oneway": "yes",
        "@geometry": "center"
      },
      "geometry": {
        "type": "Point",
        "coordinates": [
          78.5056773,
          17.43449
        ]
      },
      "id": "way/309380203"
    },
    {
      "type": "Feature",
      "properties": {
        "@id": "way/309380215",
        "highway": "primary",
        "lit": "yes",
        "maxspeed": "60",
        "name": "St Johns Road",
        "name:etymology:wikidata": "Q9455",
        "oneway": "yes",
        "@geometry": "center"
      },
      "geometry": {
        "type": "Point",
        "coordinates": [
          78.5051795,
          17.4400219
        ]
      },
      "id": "way/309380215"
    },
    {
      "type": "Feature",
      "properties": {
        "@id": "way/309380216",
        "highway": "primary",
        "lit": "yes",
        "maxspeed": "60",
        "name": "St Johns Road",
        "name:etymology:wikidata": "Q9455",
        "oneway": "yes",
        "@geometry": "center"
      },
      "geometry": {
        "type": "Point",
        "coordinates": [
          78.5057078,
          17.4349129
        ]
      },
      "id": "way/309380216"
    },
    {
      "type": "Feature",
      "properties": {
        "@id": "way/309390107",
        "highway": "primary",
        "lit": "yes",
        "maxspeed": "60",
        "oneway": "yes",
        "ref": "SH1",
        "@geometry": "center"
      },
      "geometry": {
        "type": "Point",
        "coordinates": [
          78.4954171,
          17.4403578
        ]
      },
      "id": "way/309390107"
    },
    {
      "type": "Feature",
      "properties": {
        "@id": "way/309390108",
        "highway": "primary_link",
        "lit": "yes",
        "name": "Sarojini Devi Road",
        "name:etymology:wikidata": "Q250165",
        "oneway": "yes",
        "@geometry": "center"
      },
      "geometry": {
        "type": "Point",
        "coordinates": [
          78.4955482,
          17.4405074
        ]
      },
      "id": "way/309390108"
    },
    {
      "type": "Feature",
      "properties": {
        "@id": "way/309390111",
        "highway": "primary",
        "lit": "yes",
        "maxspeed": "60",
        "name": "Rashtrapati Road",
        "oneway": "yes",
        "ref": "SH1",
        "@geometry": "center"
      },
      "geometry": {
        "type": "Point",
        "coordinates": [
          78.4953223,
          17.4403762
        ]
      },
      "id": "way/309390111"
    },
    {
      "type": "Feature",
      "properties": {
        "@id": "way/309390114",
        "highway": "primary",
        "lit": "yes",
        "maxspeed": "60",
        "name": "Rashtrapati Road",
        "oneway": "yes",
        "ref": "SH1",
        "@geometry": "center"
      },
      "geometry": {
        "type": "Point",
        "coordinates": [
          78.4953836,
          17.4401843
        ]
      },
      "id": "way/309390114"
    },
    {
      "type": "Feature",
      "properties": {
        "@id": "way/309390115",
        "highway": "primary_link",
        "lit": "yes",
        "name": "Sarojini Devi Road",
        "name:etymology:wikidata": "Q250165",
        "oneway": "yes",
        "@geometry": "center"
      },
      "geometry": {
        "type": "Point",
        "coordinates": [
          78.4955361,
          17.4401672
        ]
      },
      "id": "way/309390115"
    },
    {
      "type": "Feature",
      "properties": {
        "@id": "way/309390120",
        "highway": "primary",
        "lit": "yes",
        "maxspeed": "60",
        "oneway": "yes",
        "ref": "SH1",
        "@geometry": "center"
      },
      "geometry": {
        "type": "Point",
        "coordinates": [
          78.4958592,
          17.4445876
        ]
      },
      "id": "way/309390120"
    },
    {
      "type": "Feature",
      "properties": {
        "@id": "way/309390122",
        "highway": "primary",
        "lit": "yes",
        "maxspeed": "60",
        "oneway": "yes",
        "ref": "SH1",
        "@geometry": "center"
      },
      "geometry": {
        "type": "Point",
        "coordinates": [
          78.4956064,
          17.4430962
        ]
      },
      "id": "way/309390122"
    },
    {
      "type": "Feature",
      "properties": {
        "@id": "way/309390133",
        "highway": "primary_link",
        "lit": "yes",
        "oneway": "yes",
        "@geometry": "center"
      },
      "geometry": {
        "type": "Point",
        "coordinates": [
          78.4963287,
          17.4491596
        ]
      },
      "id": "way/309390133"
    },
    {
      "type": "Feature",
      "properties": {
        "@id": "way/309390134",
        "highway": "primary",
        "lit": "yes",
        "maxspeed": "60",
        "oneway": "yes",
        "ref": "SH1",
        "@geometry": "center"
      },
      "geometry": {
        "type": "Point",
        "coordinates": [
          78.4964523,
          17.4500709
        ]
      },
      "id": "way/309390134"
    },
    {
      "type": "Feature",
      "properties": {
        "@id": "way/309390135",
        "highway": "primary_link",
        "lit": "yes",
        "oneway": "yes",
        "@geometry": "center"
      },
      "geometry": {
        "type": "Point",
        "coordinates": [
          78.4963255,
          17.4510651
        ]
      },
      "id": "way/309390135"
    },
    {
      "type": "Feature",
      "properties": {
        "@id": "way/309393058",
        "highway": "primary",
        "lit": "yes",
        "maxspeed": "60",
        "name": "Hyderabad - Mancherial Highway",
        "oneway": "yes",
        "ref": "SH1",
        "@geometry": "center"
      },
      "geometry": {
        "type": "Point",
        "coordinates": [
          78.4963934,
          17.4512364
        ]
      },
      "id": "way/309393058"
    },
    {
      "type": "Feature",
      "properties": {
        "@id": "way/309393059",
        "highway": "primary",
        "lit": "yes",
        "maxspeed": "60",
        "name": "Wellington Road",
        "name:etymology:wikidata": "Q131691",
        "oneway": "yes",
        "ref": "SH1",
        "@geometry": "center"
      },
      "geometry": {
        "type": "Point",
        "coordinates": [
          78.496521,
          17.4500875
        ]
      },
      "id": "way/309393059"
    },
    {
      "type": "Feature",
      "properties": {
        "@id": "way/309507089",
        "highway": "primary_link",
        "lit": "yes",
        "oneway": "yes",
        "@geometry": "center"
      },
      "geometry": {
        "type": "Point",
        "coordinates": [
          78.4966586,
          17.4493791
        ]
      },
      "id": "way/309507089"
    },
    {
      "type": "Feature",
      "properties": {
        "@id": "way/309507094",
        "highway": "primary",
        "lit": "yes",
        "maxspeed": "60",
        "oneway": "yes",
        "ref": "SH1",
        "@geometry": "center"
      },
      "geometry": {
        "type": "Point",
        "coordinates": [
          78.4964101,
          17.448889
        ]
      },
      "id": "way/309507094"
    },
    {
      "type": "Feature",
      "properties": {
        "@id": "way/310065802",
        "alt_name": "RTC X Road",
        "foot": "yes",
        "highway": "primary",
        "lit": "yes",
        "maxspeed": "60",
        "name": "Indira Park Road",
        "name:etymology:wikidata": "Q11219005",
        "oneway": "yes",
        "@geometry": "center"
      },
      "geometry": {
        "type": "Point",
        "coordinates": [
          78.4864005,
          17.4103431
        ]
      },
      "id": "way/310065802"
    },
    {
      "type": "Feature",
      "properties": {
        "@id": "way/310065941",
        "highway": "primary",
        "lit": "yes",
        "maxspeed": "60",
        "name": "Bade Ustad Ghulam Ali Khan Marg",
        "name:etymology:wikidata": "Q2745300",
        "oneway": "yes",
        "ref": "Old NH7",
        "ref:old": "NH7",
        "@geometry": "center"
      },
      "geometry": {
        "type": "Point",
        "coordinates": [
          78.4772367,
          17.4065183
        ]
      },
      "id": "way/310065941"
    },
    {
      "type": "Feature",
      "properties": {
        "@id": "way/310065942",
        "alt_name": "Bade Ustad Ghulam Ali Khan Marg",
        "highway": "primary",
        "lit": "yes",
        "maxspeed": "60",
        "name": "Basheer Bagh Flyover",
        "name:etymology:wikidata": "Q4866790",
        "oneway": "yes",
        "ref": "Old NH7",
        "ref:old": "NH7",
        "@geometry": "center"
      },
      "geometry": {
        "type": "Point",
        "coordinates": [
          78.4762501,
          17.403765
        ]
      },
      "id": "way/310065942"
    },
    {
      "type": "Feature",
      "properties": {
        "@id": "way/310065943",
        "alt_name": "Bade Ustad Ghulam Ali Khan Marg",
        "highway": "primary",
        "lit": "yes",
        "maxspeed": "60",
        "name": "Basheer Bagh Flyover",
        "name:etymology:wikidata": "Q4866790",
        "oneway": "yes",
        "ref": "Old NH7",
        "ref:old": "NH7",
        "@geometry": "center"
      },
      "geometry": {
        "type": "Point",
        "coordinates": [
          78.4763333,
          17.4037619
        ]
      },
      "id": "way/310065943"
    },
    {
      "type": "Feature",
      "properties": {
        "@id": "way/310066492",
        "highway": "primary",
        "lit": "yes",
        "maxspeed": "60",
        "oneway": "yes",
        "ref": "Old NH7",
        "ref:old": "NH7",
        "surface": "asphalt",
        "@geometry": "center"
      },
      "geometry": {
        "type": "Point",
        "coordinates": [
          78.4753716,
          17.3965793
        ]
      },
      "id": "way/310066492"
    },
    {
      "type": "Feature",
      "properties": {
        "@id": "way/310175544",
        "highway": "primary",
        "lit": "yes",
        "maxspeed": "50",
        "name": "Abids Road",
        "name:etymology:wikidata": "Q4667611",
        "name:kn": "ಅಬಿಡ್ಸ್ ರಸ್ತೆ",
        "oneway": "yes",
        "ref": "Old NH7",
        "ref:old": "NH7",
        "surface": "asphalt",
        "@geometry": "center"
      },
      "geometry": {
        "type": "Point",
        "coordinates": [
          78.4761774,
          17.3924114
        ]
      },
      "id": "way/310175544"
    },
    {
      "type": "Feature",
      "properties": {
        "@id": "way/310175545",
        "highway": "primary",
        "lit": "yes",
        "maxspeed": "60",
        "oneway": "yes",
        "ref": "Old NH7",
        "ref:old": "NH7",
        "@geometry": "center"
      },
      "geometry": {
        "type": "Point",
        "coordinates": [
          78.4759547,
          17.3940987
        ]
      },
      "id": "way/310175545"
    },
    {
      "type": "Feature",
      "properties": {
        "@id": "way/310175548",
        "alt_name": "Womens College to Esamia Bazar Road",
        "highway": "primary",
        "lit": "yes",
        "maxspeed": "60",
        "name": "Main Road",
        "oneway": "yes",
        "@geometry": "center"
      },
      "geometry": {
        "type": "Point",
        "coordinates": [
          78.4898366,
          17.3831603
        ]
      },
      "id": "way/310175548"
    },
    {
      "type": "Feature",
      "properties": {
        "@id": "way/310175550",
        "foot": "yes",
        "highway": "primary",
        "lanes": "2",
        "lit": "yes",
        "maxspeed": "50",
        "name": "turrebhaz khan road",
        "name:etymology:wikidata": "Q7856221",
        "oneway": "yes",
        "@geometry": "center"
      },
      "geometry": {
        "type": "Point",
        "coordinates": [
          78.4830237,
          17.3834854
        ]
      },
      "id": "way/310175550"
    },
    {
      "type": "Feature",
      "properties": {
        "@id": "way/310183967",
        "alt_name": "Womens College to Esamia Bazar Road",
        "highway": "primary",
        "lit": "yes",
        "maxspeed": "60",
        "name": "Main Road",
        "oneway": "yes",
        "@geometry": "center"
      },
      "geometry": {
        "type": "Point",
        "coordinates": [
          78.489657,
          17.3830157
        ]
      },
      "id": "way/310183967"
    },
    {
      "type": "Feature",
      "properties": {
        "@id": "way/310185399",
        "highway": "primary",
        "lit": "yes",
        "oneway": "yes",
        "@geometry": "center"
      },
      "geometry": {
        "type": "Point",
        "coordinates": [
          78.5148747,
          17.3698462
        ]
      },
      "id": "way/310185399"
    },
    {
      "type": "Feature",
      "properties": {
        "@id": "way/310315927",
        "highway": "primary",
        "lit": "yes",
        "maxspeed": "60",
        "name": "Sayeedabad Road",
        "name:ur": "سعیدآباد روڈ",
        "oneway": "yes",
        "ref": "SH19",
        "@geometry": "center"
      },
      "geometry": {
        "type": "Point",
        "coordinates": [
          78.5031555,
          17.3632823
        ]
      },
      "id": "way/310315927"
    },
    {
      "type": "Feature",
      "properties": {
        "@id": "way/310315929",
        "highway": "primary",
        "lit": "yes",
        "maxspeed": "60",
        "oneway": "yes",
        "ref": "SH19",
        "@geometry": "center"
      },
      "geometry": {
        "type": "Point",
        "coordinates": [
          78.5014677,
          17.3658591
        ]
      },
      "id": "way/310315929"
    },
    {
      "type": "Feature",
      "properties": {
        "@id": "way/310315930",
        "alt_name": "Jail Road",
        "highway": "primary",
        "lit": "yes",
        "maxspeed": "60",
        "name": "گورنمنٹ پریس روڈ",
        "name:en": "Government Press Road",
        "oneway": "yes",
        "ref": "SH19",
        "@geometry": "center"
      },
      "geometry": {
        "type": "Point",
        "coordinates": [
          78.4999044,
          17.3711819
        ]
      },
      "id": "way/310315930"
    },
    {
      "type": "Feature",
      "properties": {
        "@id": "way/310316660",
        "highway": "primary",
        "lit": "yes",
        "maxspeed": "60",
        "oneway": "yes",
        "ref": "SH19",
        "@geometry": "center"
      },
      "geometry": {
        "type": "Point",
        "coordinates": [
          78.4992198,
          17.3731425
        ]
      },
      "id": "way/310316660"
    },
    {
      "type": "Feature",
      "properties": {
        "@id": "way/310316661",
        "highway": "primary",
        "lit": "yes",
        "maxspeed": "60",
        "oneway": "yes",
        "ref": "SH19",
        "@geometry": "center"
      },
      "geometry": {
        "type": "Point",
        "coordinates": [
          78.5013072,
          17.3642854
        ]
      },
      "id": "way/310316661"
    },
    {
      "type": "Feature",
      "properties": {
        "@id": "way/310316663",
        "highway": "primary",
        "lit": "yes",
        "maxspeed": "60",
        "oneway": "yes",
        "ref": "SH19",
        "@geometry": "center"
      },
      "geometry": {
        "type": "Point",
        "coordinates": [
          78.5014939,
          17.3643619
        ]
      },
      "id": "way/310316663"
    },
    {
      "type": "Feature",
      "properties": {
        "@id": "way/310320024",
        "alt_name": "Champapet Road",
        "highway": "primary",
        "lit": "yes",
        "name": "Bairamalguda Road",
        "name:etymology:wikidata": "Q4848592",
        "oneway": "yes",
        "ref": "SH19",
        "@geometry": "center"
      },
      "geometry": {
        "type": "Point",
        "coordinates": [
          78.511401,
          17.350202
        ]
      },
      "id": "way/310320024"
    },
    {
      "type": "Feature",
      "properties": {
        "@id": "way/310320626",
        "alt_name:en": "Inner Ring Road",
        "bridge": "yes",
        "highway": "trunk",
        "lanes": "3",
        "layer": "1",
        "lit": "yes",
        "maxspeed": "60",
        "name": "Nagole Flyover",
        "name:etymology:wikidata": "Q6958903",
        "oneway": "yes",
        "ref": "IRR",
        "sidewalk": "no",
        "surface": "asphalt",
        "@geometry": "center"
      },
      "geometry": {
        "type": "Point",
        "coordinates": [
          78.5578777,
          17.3775239
        ]
      },
      "id": "way/310320626"
    },
    {
      "type": "Feature",
      "properties": {
        "@id": "way/310320627",
        "highway": "trunk",
        "lit": "yes",
        "maxspeed": "60",
        "name": "Inner Ring Road",
        "oneway": "yes",
        "ref": "IRR",
        "sidewalk": "no",
        "@geometry": "center"
      },
      "geometry": {
        "type": "Point",
        "coordinates": [
          78.5581139,
          17.381068
        ]
      },
      "id": "way/310320627"
    },
    {
      "type": "Feature",
      "properties": {
        "@id": "way/310333132",
        "alt_name": "Champapet Road",
        "highway": "primary",
        "lit": "yes",
        "name": "Bairamalguda Road",
        "name:etymology:wikidata": "Q4848592",
        "oneway": "yes",
        "ref": "SH19",
        "@geometry": "center"
      },
      "geometry": {
        "type": "Point",
        "coordinates": [
          78.5114578,
          17.3502784
        ]
      },
      "id": "way/310333132"
    },
    {
      "type": "Feature",
      "properties": {
        "@id": "way/310333136",
        "alt_name:en": "Inner Ring Road",
        "bicycle": "no",
        "bridge": "yes",
        "foot": "no",
        "highway": "trunk",
        "lanes": "2",
        "layer": "1",
        "lit": "yes",
        "maxspeed": "60",
        "name": "Chandrayangutta Flyover",
        "oneway": "yes",
        "ref": "IRR",
        "sidewalk": "no",
        "smoothness": "excellent",
        "surface": "asphalt",
        "@geometry": "center"
      },
      "geometry": {
        "type": "Point",
        "coordinates": [
          78.4792618,
          17.3277875
        ]
      },
      "id": "way/310333136"
    },
    {
      "type": "Feature",
      "properties": {
        "@id": "way/310333142",
        "alt_name": "Champapet Road",
        "highway": "primary",
        "lit": "yes",
        "name": "Bairamalguda Road",
        "name:etymology:wikidata": "Q4848592",
        "oneway": "yes",
        "ref": "SH19",
        "@geometry": "center"
      },
      "geometry": {
        "type": "Point",
        "coordinates": [
          78.5066994,
          17.3522406
        ]
      },
      "id": "way/310333142"
    },
    {
      "type": "Feature",
      "properties": {
        "@id": "way/310333805",
        "alt_name:en": "Inner Ring Road",
        "bicycle": "no",
        "bridge": "yes",
        "foot": "no",
        "highway": "trunk",
        "lanes": "2",
        "layer": "1",
        "lit": "yes",
        "maxspeed": "60",
        "name": "Chandrayangutta Flyover",
        "oneway": "yes",
        "ref": "IRR",
        "sidewalk": "no",
        "smoothness": "excellent",
        "surface": "asphalt",
        "@geometry": "center"
      },
      "geometry": {
        "type": "Point",
        "coordinates": [
          78.4792899,
          17.3277071
        ]
      },
      "id": "way/310333805"
    },
    {
      "type": "Feature",
      "properties": {
        "@id": "way/310459315",
        "highway": "primary",
        "lit": "yes",
        "maxspeed": "60",
        "name": "Salarjung Bridge",
        "oneway": "yes",
        "@geometry": "center"
      },
      "geometry": {
        "type": "Point",
        "coordinates": [
          78.4805337,
          17.3751475
        ]
      },
      "id": "way/310459315"
    },
    {
      "type": "Feature",
      "properties": {
        "@id": "way/310459317",
        "bridge": "yes",
        "highway": "primary",
        "layer": "1",
        "lit": "yes",
        "maxspeed": "60",
        "name": "Salarjung Pul",
        "oneway": "yes",
        "@geometry": "center"
      },
      "geometry": {
        "type": "Point",
        "coordinates": [
          78.4810326,
          17.3748885
        ]
      },
      "id": "way/310459317"
    },
    {
      "type": "Feature",
      "properties": {
        "@id": "way/310459320",
        "highway": "primary",
        "lit": "yes",
        "maxspeed": "60",
        "name": "Salarjung Bridge",
        "oneway": "yes",
        "@geometry": "center"
      },
      "geometry": {
        "type": "Point",
        "coordinates": [
          78.480395,
          17.3752831
        ]
      },
      "id": "way/310459320"
    },
    {
      "type": "Feature",
      "properties": {
        "@id": "way/310459324",
        "highway": "primary",
        "lit": "yes",
        "maxspeed": "60",
        "name": "Salarjung Bridge",
        "oneway": "yes",
        "@geometry": "center"
      },
      "geometry": {
        "type": "Point",
        "coordinates": [
          78.480376,
          17.3752494
        ]
      },
      "id": "way/310459324"
    },
    {
      "type": "Feature",
      "properties": {
        "@id": "way/310459325",
        "bridge": "yes",
        "highway": "primary",
        "layer": "1",
        "lit": "yes",
        "maxspeed": "60",
        "name": "Salarjung Pul",
        "oneway": "yes",
        "@geometry": "center"
      },
      "geometry": {
        "type": "Point",
        "coordinates": [
          78.4810661,
          17.3749469
        ]
      },
      "id": "way/310459325"
    },
    {
      "type": "Feature",
      "properties": {
        "@id": "way/310459326",
        "highway": "primary",
        "lit": "yes",
        "maxspeed": "60",
        "name:en": "Salar Jung Pul",
        "oneway": "yes",
        "@geometry": "center"
      },
      "geometry": {
        "type": "Point",
        "coordinates": [
          78.4816632,
          17.3746158
        ]
      },
      "id": "way/310459326"
    },
    {
      "type": "Feature",
      "properties": {
        "@id": "way/310459328",
        "bridge": "yes",
        "highway": "primary",
        "layer": "1",
        "lit": "yes",
        "maxspeed": "60",
        "name": "سالار جنگ پل۔",
        "name:en": "Salar Jung Pul",
        "oneway": "yes",
        "@geometry": "center"
      },
      "geometry": {
        "type": "Point",
        "coordinates": [
          78.4823085,
          17.3740971
        ]
      },
      "id": "way/310459328"
    },
    {
      "type": "Feature",
      "properties": {
        "@id": "way/310459342",
        "highway": "primary",
        "lit": "yes",
        "maxspeed": "60",
        "name": "Salarjung Bridge",
        "oneway": "yes",
        "@geometry": "center"
      },
      "geometry": {
        "type": "Point",
        "coordinates": [
          78.4805695,
          17.3752061
        ]
      },
      "id": "way/310459342"
    },
    {
      "type": "Feature",
      "properties": {
        "@id": "way/310460501",
        "bridge": "yes",
        "highway": "primary",
        "layer": "1",
        "lit": "yes",
        "maxspeed": "60",
        "name": "مسلم جنگ پل۔",
        "name:en": "Muslim Jung Pul",
        "oneway": "yes",
        "@geometry": "center"
      },
      "geometry": {
        "type": "Point",
        "coordinates": [
          78.4687805,
          17.3699456
        ]
      },
      "id": "way/310460501"
    },
    {
      "type": "Feature",
      "properties": {
        "@id": "way/310460502",
        "highway": "primary",
        "lit": "yes",
        "maxspeed": "60",
        "oneway": "yes",
        "@geometry": "center"
      },
      "geometry": {
        "type": "Point",
        "coordinates": [
          78.4687079,
          17.3710742
        ]
      },
      "id": "way/310460502"
    },
    {
      "type": "Feature",
      "properties": {
        "@id": "way/310460505",
        "highway": "primary",
        "lit": "yes",
        "maxspeed": "60",
        "oneway": "yes",
        "@geometry": "center"
      },
      "geometry": {
        "type": "Point",
        "coordinates": [
          78.4687574,
          17.3688294
        ]
      },
      "id": "way/310460505"
    },
    {
      "type": "Feature",
      "properties": {
        "@id": "way/310462103",
        "highway": "primary",
        "lit": "yes",
        "oneway": "yes",
        "@geometry": "center"
      },
      "geometry": {
        "type": "Point",
        "coordinates": [
          78.4762667,
          17.3886783
        ]
      },
      "id": "way/310462103"
    },
    {
      "type": "Feature",
      "properties": {
        "@id": "way/310462104",
        "alt_name": "JN Road",
        "highway": "primary",
        "lit": "yes",
        "maxspeed": "60",
        "name": "Abids to MJ Market Road",
        "oneway": "yes",
        "ref": "Old NH7",
        "ref:old": "NH7",
        "@geometry": "center"
      },
      "geometry": {
        "type": "Point",
        "coordinates": [
          78.4751943,
          17.3839144
        ]
      },
      "id": "way/310462104"
    },
    {
      "type": "Feature",
      "properties": {
        "@id": "way/310462109",
        "highway": "primary",
        "lit": "yes",
        "maxspeed": "60",
        "name": "Jambagh Road",
        "oneway": "yes",
        "@geometry": "center"
      },
      "geometry": {
        "type": "Point",
        "coordinates": [
          78.4798904,
          17.3826686
        ]
      },
      "id": "way/310462109"
    },
    {
      "type": "Feature",
      "properties": {
        "@id": "way/310463298",
        "highway": "primary",
        "lit": "yes",
        "@geometry": "center"
      },
      "geometry": {
        "type": "Point",
        "coordinates": [
          78.4800083,
          17.4053505
        ]
      },
      "id": "way/310463298"
    },
    {
      "type": "Feature",
      "properties": {
        "@id": "way/310463661",
        "highway": "primary",
        "lit": "yes",
        "maxspeed": "60",
        "name": "Himayat Nagar Road",
        "name:etymology:wikidata": "Q125634736",
        "oneway": "yes",
        "@geometry": "center"
      },
      "geometry": {
        "type": "Point",
        "coordinates": [
          78.4898868,
          17.4001542
        ]
      },
      "id": "way/310463661"
    },
    {
      "type": "Feature",
      "properties": {
        "@id": "way/310463664",
        "highway": "primary",
        "lit": "yes",
        "maxspeed": "60",
        "oneway": "yes",
        "@geometry": "center"
      },
      "geometry": {
        "type": "Point",
        "coordinates": [
          78.4771722,
          17.4065627
        ]
      },
      "id": "way/310463664"
    },
    {
      "type": "Feature",
      "properties": {
        "@id": "way/310463665",
        "highway": "primary",
        "lit": "yes",
        "oneway": "yes",
        "@geometry": "center"
      },
      "geometry": {
        "type": "Point",
        "coordinates": [
          78.4773257,
          17.4066196
        ]
      },
      "id": "way/310463665"
    },
    {
      "type": "Feature",
      "properties": {
        "@id": "way/310473525",
        "highway": "primary",
        "lit": "yes",
        "maxspeed": "60",
        "name": "Himayat Nagar Road",
        "oneway": "yes",
        "@geometry": "center"
      },
      "geometry": {
        "type": "Point",
        "coordinates": [
          78.489884,
          17.4000662
        ]
      },
      "id": "way/310473525"
    },
    {
      "type": "Feature",
      "properties": {
        "@id": "way/310473526",
        "alt_name": "Narayanguda Road",
        "highway": "primary",
        "lit": "yes",
        "maxspeed": "60",
        "name": "Narayanguda Flyover",
        "name:etymology:wikidata": "Q6965556",
        "oneway": "yes",
        "@geometry": "center"
      },
      "geometry": {
        "type": "Point",
        "coordinates": [
          78.4918304,
          17.3994091
        ]
      },
      "id": "way/310473526"
    },
    {
      "type": "Feature",
      "properties": {
        "@id": "way/310473529",
        "highway": "primary",
        "lit": "yes",
        "maxspeed": "60",
        "oneway": "yes",
        "@geometry": "center"
      },
      "geometry": {
        "type": "Point",
        "coordinates": [
          78.4881374,
          17.4006304
        ]
      },
      "id": "way/310473529"
    },
    {
      "type": "Feature",
      "properties": {
        "@id": "way/310473530",
        "alt_name": "Narayanguda Road",
        "bridge": "yes",
        "highway": "primary",
        "layer": "1",
        "lit": "yes",
        "maxspeed": "60",
        "name": "Narayanguda Flyover",
        "name:etymology:wikidata": "Q6965556",
        "oneway": "yes",
        "@geometry": "center"
      },
      "geometry": {
        "type": "Point",
        "coordinates": [
          78.4939283,
          17.3979365
        ]
      },
      "id": "way/310473530"
    },
    {
      "type": "Feature",
      "properties": {
        "@id": "way/310473532",
        "alt_name": "Narayanguda Road",
        "highway": "primary",
        "lit": "yes",
        "maxspeed": "60",
        "name": "Narayanguda Flyover",
        "name:etymology:wikidata": "Q6965556",
        "oneway": "yes",
        "@geometry": "center"
      },
      "geometry": {
        "type": "Point",
        "coordinates": [
          78.4959693,
          17.3965844
        ]
      },
      "id": "way/310473532"
    },
    {
      "type": "Feature",
      "properties": {
        "@id": "way/310473589",
        "alt_name": "Narayanguda Road",
        "highway": "primary",
        "lit": "yes",
        "maxspeed": "60",
        "name": "Narayanguda Flyover",
        "name:etymology:wikidata": "Q6965556",
        "oneway": "yes",
        "@geometry": "center"
      },
      "geometry": {
        "type": "Point",
        "coordinates": [
          78.4917897,
          17.3993518
        ]
      },
      "id": "way/310473589"
    },
    {
      "type": "Feature",
      "properties": {
        "@id": "way/310474521",
        "highway": "tertiary",
        "lit": "yes",
        "name": "Narayanguda Road",
        "oneway": "yes",
        "@geometry": "center"
      },
      "geometry": {
        "type": "Point",
        "coordinates": [
          78.4924926,
          17.3988564
        ]
      },
      "id": "way/310474521"
    },
    {
      "type": "Feature",
      "properties": {
        "@id": "way/310474524",
        "highway": "tertiary",
        "lit": "yes",
        "name": "Narayanguda Road",
        "oneway": "yes",
        "@geometry": "center"
      },
      "geometry": {
        "type": "Point",
        "coordinates": [
          78.4947518,
          17.3975273
        ]
      },
      "id": "way/310474524"
    },
    {
      "type": "Feature",
      "properties": {
        "@id": "way/310474525",
        "highway": "primary",
        "lanes": "2",
        "lit": "yes",
        "maxspeed": "60",
        "name": "Narayanaguda Road",
        "name:etymology:wikidata": "Q6965556",
        "oneway": "yes",
        "@geometry": "center"
      },
      "geometry": {
        "type": "Point",
        "coordinates": [
          78.4938882,
          17.3987217
        ]
      },
      "id": "way/310474525"
    },
    {
      "type": "Feature",
      "properties": {
        "@id": "way/310474530",
        "highway": "tertiary",
        "lit": "yes",
        "name": "Baghlingmpally Cross Road",
        "oneway": "yes",
        "@geometry": "center"
      },
      "geometry": {
        "type": "Point",
        "coordinates": [
          78.496385,
          17.3963566
        ]
      },
      "id": "way/310474530"
    },
    {
      "type": "Feature",
      "properties": {
        "@id": "way/310474531",
        "highway": "primary",
        "lit": "yes",
        "maxspeed": "60",
        "oneway": "yes",
        "@geometry": "center"
      },
      "geometry": {
        "type": "Point",
        "coordinates": [
          78.496438,
          17.3963622
        ]
      },
      "id": "way/310474531"
    },
    {
      "type": "Feature",
      "properties": {
        "@id": "way/310474532",
        "highway": "primary",
        "lit": "yes",
        "maxspeed": "60",
        "oneway": "yes",
        "@geometry": "center"
      },
      "geometry": {
        "type": "Point",
        "coordinates": [
          78.4976559,
          17.3954114
        ]
      },
      "id": "way/310474532"
    },
    {
      "type": "Feature",
      "properties": {
        "@id": "way/310898119",
        "highway": "primary",
        "lit": "yes",
        "name": "Inner Ring Road",
        "oneway": "yes",
        "ref": "IRR",
        "@geometry": "center"
      },
      "geometry": {
        "type": "Point",
        "coordinates": [
          78.4286977,
          17.3672904
        ]
      },
      "id": "way/310898119"
    },
    {
      "type": "Feature",
      "properties": {
        "@id": "way/310901560",
        "highway": "primary_link",
        "lanes": "1",
        "lit": "yes",
        "oneway": "yes",
        "surface": "asphalt",
        "@geometry": "center"
      },
      "geometry": {
        "type": "Point",
        "coordinates": [
          78.3665632,
          17.4599367
        ]
      },
      "id": "way/310901560"
    },
    {
      "type": "Feature",
      "properties": {
        "@id": "way/310919302",
        "access": "yes",
        "bicycle": "yes",
        "cycleway": "no",
        "foot": "yes",
        "highway": "trunk",
        "lanes": "2",
        "lit": "yes",
        "maxspeed": "60",
        "motorroad": "no",
        "name": "Miyapur - Allwyn Cross Road Mumbai Highway",
        "oneway": "yes",
        "ref": "NH65",
        "ref:old": "NH9",
        "sidewalk": "no",
        "surface": "asphalt",
        "@geometry": "center"
      },
      "geometry": {
        "type": "Point",
        "coordinates": [
          78.3563694,
          17.4954419
        ]
      },
      "id": "way/310919302"
    },
    {
      "type": "Feature",
      "properties": {
        "@id": "way/311062260",
        "alt_name": "Rashtrapati Road",
        "highway": "primary",
        "lit": "yes",
        "maxspeed": "60",
        "name": "Rashtrapati Road",
        "name:te": "రాష్ట్రపతి రోడ్డు",
        "oneway": "yes",
        "ref": "SH1",
        "@geometry": "center"
      },
      "geometry": {
        "type": "Point",
        "coordinates": [
          78.4925785,
          17.431129
        ]
      },
      "id": "way/311062260"
    },
    {
      "type": "Feature",
      "properties": {
        "@id": "way/311062261",
        "alt_name": "Rashtrapati Road",
        "highway": "primary",
        "lit": "yes",
        "maxspeed": "60",
        "name": "Rashtrapati Road",
        "name:te": "రాష్ట్రపతి రోడ్డు",
        "oneway": "yes",
        "ref": "SH1",
        "@geometry": "center"
      },
      "geometry": {
        "type": "Point",
        "coordinates": [
          78.4927439,
          17.4313236
        ]
      },
      "id": "way/311062261"
    },
    {
      "type": "Feature",
      "properties": {
        "@id": "way/311062263",
        "highway": "primary",
        "lit": "yes",
        "maxspeed": "60",
        "name": "Rashtrapati Road",
        "name:te": "రాష్ట్రపతి రోడ్డు",
        "oneway": "yes",
        "ref": "SH1",
        "@geometry": "center"
      },
      "geometry": {
        "type": "Point",
        "coordinates": [
          78.493526,
          17.4348443
        ]
      },
      "id": "way/311062263"
    },
    {
      "type": "Feature",
      "properties": {
        "@id": "way/311079343",
        "highway": "primary",
        "lit": "yes",
        "name": "Rail Nilayam Road",
        "oneway": "yes",
        "ref": "IRR",
        "@geometry": "center"
      },
      "geometry": {
        "type": "Point",
        "coordinates": [
          78.5054284,
          17.440741
        ]
      },
      "id": "way/311079343"
    },
    {
      "type": "Feature",
      "properties": {
        "@id": "way/311079347",
        "highway": "primary",
        "lit": "yes",
        "name": "Rail Nilayam Road",
        "oneway": "yes",
        "@geometry": "center"
      },
      "geometry": {
        "type": "Point",
        "coordinates": [
          78.5054517,
          17.4408354
        ]
      },
      "id": "way/311079347"
    },
    {
      "type": "Feature",
      "properties": {
        "@id": "way/311211078",
        "highway": "primary_link",
        "lit": "yes",
        "oneway": "yes",
        "@geometry": "center"
      },
      "geometry": {
        "type": "Point",
        "coordinates": [
          78.4263408,
          17.4232126
        ]
      },
      "id": "way/311211078"
    },
    {
      "type": "Feature",
      "properties": {
        "@id": "way/311212184",
        "highway": "primary",
        "lit": "yes",
        "maxspeed": "60",
        "oneway": "yes",
        "@geometry": "center"
      },
      "geometry": {
        "type": "Point",
        "coordinates": [
          78.5105472,
          17.4036031
        ]
      },
      "id": "way/311212184"
    },
    {
      "type": "Feature",
      "properties": {
        "@id": "way/311212185",
        "highway": "primary_link",
        "lit": "yes",
        "oneway": "yes",
        "@geometry": "center"
      },
      "geometry": {
        "type": "Point",
        "coordinates": [
          78.5106348,
          17.4035038
        ]
      },
      "id": "way/311212185"
    },
    {
      "type": "Feature",
      "properties": {
        "@id": "way/311212186",
        "alt_name": "Vidyanagar Main Road",
        "highway": "primary",
        "lit": "yes",
        "maxspeed": "60",
        "name": "Osmania University Road",
        "oneway": "yes",
        "@geometry": "center"
      },
      "geometry": {
        "type": "Point",
        "coordinates": [
          78.5093086,
          17.4019685
        ]
      },
      "id": "way/311212186"
    },
    {
      "type": "Feature",
      "properties": {
        "@id": "way/311212217",
        "highway": "primary",
        "lit": "yes",
        "maxspeed": "60",
        "oneway": "yes",
        "@geometry": "center"
      },
      "geometry": {
        "type": "Point",
        "coordinates": [
          78.5105969,
          17.4034179
        ]
      },
      "id": "way/311212217"
    },
    {
      "type": "Feature",
      "properties": {
        "@id": "way/311215067",
        "highway": "primary",
        "lit": "yes",
        "oneway": "yes",
        "@geometry": "center"
      },
      "geometry": {
        "type": "Point",
        "coordinates": [
          78.4746188,
          17.3841923
        ]
      },
      "id": "way/311215067"
    },
    {
      "type": "Feature",
      "properties": {
        "@id": "way/311215928",
        "highway": "primary_link",
        "lit": "yes",
        "ref": "Old NH7",
        "ref:old": "NH7",
        "@geometry": "center"
      },
      "geometry": {
        "type": "Point",
        "coordinates": [
          78.4763109,
          17.3884384
        ]
      },
      "id": "way/311215928"
    },
    {
      "type": "Feature",
      "properties": {
        "@id": "way/311521832",
        "highway": "primary",
        "lit": "yes",
        "oneway": "yes",
        "@geometry": "center"
      },
      "geometry": {
        "type": "Point",
        "coordinates": [
          78.3812097,
          17.451443
        ]
      },
      "id": "way/311521832"
    },
    {
      "type": "Feature",
      "properties": {
        "@id": "way/311521833",
        "highway": "primary",
        "lit": "yes",
        "oneway": "yes",
        "@geometry": "center"
      },
      "geometry": {
        "type": "Point",
        "coordinates": [
          78.3810365,
          17.4516169
        ]
      },
      "id": "way/311521833"
    },
    {
      "type": "Feature",
      "properties": {
        "@id": "way/311522764",
        "alt_name": "HITEC City Road",
        "highway": "primary",
        "lit": "yes",
        "maxspeed": "60",
        "name": "Cyber Towers–Madhapur Main Road",
        "oneway": "yes",
        "@geometry": "center"
      },
      "geometry": {
        "type": "Point",
        "coordinates": [
          78.3814102,
          17.4513318
        ]
      },
      "id": "way/311522764"
    },
    {
      "type": "Feature",
      "properties": {
        "@id": "way/311522765",
        "highway": "primary",
        "lit": "yes",
        "maxspeed": "60",
        "oneway": "yes",
        "@geometry": "center"
      },
      "geometry": {
        "type": "Point",
        "coordinates": [
          78.3811744,
          17.4515708
        ]
      },
      "id": "way/311522765"
    },
    {
      "type": "Feature",
      "properties": {
        "@id": "way/311684374",
        "highway": "primary_link",
        "lit": "yes",
        "name": "HITEC City Road",
        "name:etymology:wikidata": "Q3322188",
        "oneway": "yes",
        "@geometry": "center"
      },
      "geometry": {
        "type": "Point",
        "coordinates": [
          78.3812966,
          17.4511362
        ]
      },
      "id": "way/311684374"
    },
    {
      "type": "Feature",
      "properties": {
        "@id": "way/312034205",
        "highway": "primary",
        "lit": "yes",
        "maxspeed": "60",
        "oneway": "yes",
        "@geometry": "center"
      },
      "geometry": {
        "type": "Point",
        "coordinates": [
          78.477174,
          17.4064863
        ]
      },
      "id": "way/312034205"
    },
    {
      "type": "Feature",
      "properties": {
        "@id": "way/312034206",
        "highway": "primary",
        "lanes": "3",
        "lit": "yes",
        "maxspeed": "60",
        "name": "Bade Ustad Ghulam Ali Khan Marg",
        "name:etymology:wikidata": "Q2745300",
        "oneway": "yes",
        "ref": "Old NH7",
        "ref:old": "NH7",
        "surface": "asphalt",
        "@geometry": "center"
      },
      "geometry": {
        "type": "Point",
        "coordinates": [
          78.4767957,
          17.4051797
        ]
      },
      "id": "way/312034206"
    },
    {
      "type": "Feature",
      "properties": {
        "@id": "way/312034594",
        "highway": "primary_link",
        "lit": "yes",
        "oneway": "yes",
        "@geometry": "center"
      },
      "geometry": {
        "type": "Point",
        "coordinates": [
          78.4757429,
          17.4085816
        ]
      },
      "id": "way/312034594"
    },
    {
      "type": "Feature",
      "properties": {
        "@id": "way/312174235",
        "highway": "primary",
        "lit": "yes",
        "maxspeed": "60",
        "name": "Narayanaguda Road",
        "oneway": "yes",
        "@geometry": "center"
      },
      "geometry": {
        "type": "Point",
        "coordinates": [
          78.4933949,
          17.3983508
        ]
      },
      "id": "way/312174235"
    },
    {
      "type": "Feature",
      "properties": {
        "@id": "way/312174790",
        "highway": "primary",
        "lit": "yes",
        "maxspeed": "60",
        "oneway": "yes",
        "@geometry": "center"
      },
      "geometry": {
        "type": "Point",
        "coordinates": [
          78.4963943,
          17.3962978
        ]
      },
      "id": "way/312174790"
    },
    {
      "type": "Feature",
      "properties": {
        "@id": "way/312174791",
        "highway": "tertiary",
        "lit": "yes",
        "name": "Baghlingmpally Cross Road",
        "oneway": "yes",
        "@geometry": "center"
      },
      "geometry": {
        "type": "Point",
        "coordinates": [
          78.4964473,
          17.3963035
        ]
      },
      "id": "way/312174791"
    },
    {
      "type": "Feature",
      "properties": {
        "@id": "way/312177076",
        "highway": "trunk",
        "lanes": "3",
        "lit": "yes",
        "maxspeed": "60",
        "name": "Inner Ring Road",
        "oneway": "yes",
        "ref": "IRR",
        "surface": "asphalt",
        "@geometry": "center"
      },
      "geometry": {
        "type": "Point",
        "coordinates": [
          78.5572979,
          17.3675141
        ]
      },
      "id": "way/312177076"
    },
    {
      "type": "Feature",
      "properties": {
        "@id": "way/312177077",
        "highway": "trunk",
        "lanes": "3",
        "lit": "yes",
        "maxspeed": "60",
        "name": "Inner Ring Road",
        "oneway": "yes",
        "ref": "IRR",
        "surface": "asphalt",
        "@geometry": "center"
      },
      "geometry": {
        "type": "Point",
        "coordinates": [
          78.5571677,
          17.3674762
        ]
      },
      "id": "way/312177077"
    },
    {
      "type": "Feature",
      "properties": {
        "@id": "way/312181716",
        "highway": "primary",
        "lanes": "3",
        "lit": "yes",
        "name": "Inner Ring Road",
        "oneway": "yes",
        "ref": "IRR",
        "surface": "asphalt",
        "@geometry": "center"
      },
      "geometry": {
        "type": "Point",
        "coordinates": [
          78.5510661,
          17.3468278
        ]
      },
      "id": "way/312181716"
    },
    {
      "type": "Feature",
      "properties": {
        "@id": "way/312181731",
        "alt_name": "Inner Ring Road",
        "bridge": "yes",
        "highway": "trunk",
        "lanes": "3",
        "layer": "1",
        "lit": "yes",
        "maxspeed": "60",
        "name": "Kamineni Flyover",
        "oneway": "yes",
        "ref": "IRR",
        "surface": "asphalt",
        "@geometry": "center"
      },
      "geometry": {
        "type": "Point",
        "coordinates": [
          78.5558635,
          17.353582
        ]
      },
      "id": "way/312181731"
    },
    {
      "type": "Feature",
      "properties": {
        "@id": "way/312353814",
        "alt_name": "Inner Ring Road",
        "highway": "primary",
        "lit": "yes",
        "maxspeed": "60",
        "name": "Road Number 1",
        "oneway": "yes",
        "ref": "IRR",
        "@geometry": "center"
      },
      "geometry": {
        "type": "Point",
        "coordinates": [
          78.4509798,
          17.408053
        ]
      },
      "id": "way/312353814"
    },
    {
      "type": "Feature",
      "properties": {
        "@id": "way/312353928",
        "alt_name": "Inner Ring Road",
        "highway": "primary",
        "lanes": "3",
        "lit": "yes",
        "maxspeed": "60",
        "name": "Road Number 1",
        "oneway": "yes",
        "ref": "IRR",
        "surface": "asphalt",
        "@geometry": "center"
      },
      "geometry": {
        "type": "Point",
        "coordinates": [
          78.450249,
          17.4115018
        ]
      },
      "id": "way/312353928"
    },
    {
      "type": "Feature",
      "properties": {
        "@id": "way/312361185",
        "alt_name": "Inner Ring Road",
        "highway": "primary",
        "lit": "yes",
        "maxspeed": "60",
        "name": "Road Number 1",
        "oneway": "yes",
        "ref": "IRR",
        "@geometry": "center"
      },
      "geometry": {
        "type": "Point",
        "coordinates": [
          78.4497691,
          17.4150237
        ]
      },
      "id": "way/312361185"
    },
    {
      "type": "Feature",
      "properties": {
        "@id": "way/312362150",
        "bridge": "yes",
        "highway": "primary",
        "lanes": "2",
        "layer": "1",
        "lit": "yes",
        "maxspeed": "60",
        "name": "Punjagutta Flyover",
        "name:etymology:wikidata": "Q7260358",
        "oneway": "yes",
        "ref": "IRR",
        "@geometry": "center"
      },
      "geometry": {
        "type": "Point",
        "coordinates": [
          78.4522496,
          17.4274755
        ]
      },
      "id": "way/312362150"
    },
    {
      "type": "Feature",
      "properties": {
        "@id": "way/312362518",
        "alt_name": "Inner Ring Road",
        "highway": "primary",
        "lit": "yes",
        "maxspeed": "60",
        "name": "Greenlands Road",
        "oneway": "yes",
        "ref": "IRR",
        "@geometry": "center"
      },
      "geometry": {
        "type": "Point",
        "coordinates": [
          78.4524299,
          17.4270008
        ]
      },
      "id": "way/312362518"
    },
    {
      "type": "Feature",
      "properties": {
        "@id": "way/312362565",
        "highway": "primary",
        "lit": "yes",
        "maxspeed": "60",
        "name": "Punjagutta Junction",
        "oneway": "yes",
        "ref": "IRR",
        "surface": "concrete",
        "@geometry": "center"
      },
      "geometry": {
        "type": "Point",
        "coordinates": [
          78.4524696,
          17.4267221
        ]
      },
      "id": "way/312362565"
    },
    {
      "type": "Feature",
      "properties": {
        "@id": "way/312362622",
        "highway": "primary",
        "lit": "yes",
        "maxspeed": "60",
        "name": "Punjagutta Junction",
        "oneway": "yes",
        "ref": "IRR",
        "@geometry": "center"
      },
      "geometry": {
        "type": "Point",
        "coordinates": [
          78.4523493,
          17.426921
        ]
      },
      "id": "way/312362622"
    },
    {
      "type": "Feature",
      "properties": {
        "@id": "way/312362774",
        "alt_name": "Inner Ring Road",
        "highway": "primary",
        "lit": "yes",
        "maxspeed": "60",
        "name": "Greenlands Road",
        "oneway": "yes",
        "ref": "IRR",
        "surface": "asphalt",
        "@geometry": "center"
      },
      "geometry": {
        "type": "Point",
        "coordinates": [
          78.4559227,
          17.4358457
        ]
      },
      "id": "way/312362774"
    },
    {
      "type": "Feature",
      "properties": {
        "@id": "way/312365019",
        "highway": "primary",
        "lit": "yes",
        "maxspeed": "60",
        "name": "Wellington Road",
        "name:etymology:wikidata": "Q131691",
        "oneway": "yes",
        "ref": "SH1",
        "@geometry": "center"
      },
      "geometry": {
        "type": "Point",
        "coordinates": [
          78.4963712,
          17.4474222
        ]
      },
      "id": "way/312365019"
    },
    {
      "type": "Feature",
      "properties": {
        "@id": "way/312365239",
        "highway": "tertiary",
        "lit": "yes",
        "oneway": "yes",
        "@geometry": "center"
      },
      "geometry": {
        "type": "Point",
        "coordinates": [
          78.496227,
          17.4485757
        ]
      },
      "id": "way/312365239"
    },
    {
      "type": "Feature",
      "properties": {
        "@id": "way/312366549",
        "alt_name": "Inner Ring Road",
        "highway": "primary",
        "lit": "yes",
        "name": "Sardar Patel Road",
        "name:etymology:wikidata": "Q9455",
        "oneway": "yes",
        "ref": "IRR",
        "@geometry": "center"
      },
      "geometry": {
        "type": "Point",
        "coordinates": [
          78.4875985,
          17.4433972
        ]
      },
      "id": "way/312366549"
    },
    {
      "type": "Feature",
      "properties": {
        "@id": "way/312366551",
        "alt_name": "Inner Ring Road",
        "highway": "primary",
        "lit": "yes",
        "name": "Sardar Patel Road",
        "name:etymology:wikidata": "Q9455",
        "oneway": "yes",
        "ref": "IRR",
        "@geometry": "center"
      },
      "geometry": {
        "type": "Point",
        "coordinates": [
          78.4852838,
          17.4432751
        ]
      },
      "id": "way/312366551"
    },
    {
      "type": "Feature",
      "properties": {
        "@id": "way/312366552",
        "alt_name": "Inner Ring Road",
        "highway": "primary",
        "lit": "yes",
        "name": "Sardar Patel Road",
        "name:etymology:wikidata": "Q9455",
        "oneway": "yes",
        "ref": "IRR",
        "@geometry": "center"
      },
      "geometry": {
        "type": "Point",
        "coordinates": [
          78.4874717,
          17.443203
        ]
      },
      "id": "way/312366552"
    },
    {
      "type": "Feature",
      "properties": {
        "@id": "way/312366553",
        "alt_name": "Inner Ring Road",
        "highway": "primary",
        "lit": "yes",
        "name": "Sardar Patel Road",
        "name:etymology:wikidata": "Q9455",
        "oneway": "yes",
        "ref": "IRR",
        "@geometry": "center"
      },
      "geometry": {
        "type": "Point",
        "coordinates": [
          78.4874631,
          17.4434002
        ]
      },
      "id": "way/312366553"
    },
    {
      "type": "Feature",
      "properties": {
        "@id": "way/312372447",
        "highway": "primary",
        "lanes": "3",
        "lit": "yes",
        "maxspeed": "60",
        "name": "Balanagar Cross Road",
        "oneway": "yes",
        "surface": "asphalt",
        "@geometry": "center"
      },
      "geometry": {
        "type": "Point",
        "coordinates": [
          78.4458033,
          17.4668284
        ]
      },
      "id": "way/312372447"
    },
    {
      "type": "Feature",
      "properties": {
        "@id": "way/312531784",
        "highway": "primary",
        "lit": "yes",
        "oneway": "yes",
        "ref": "Old NH7",
        "ref:old": "NH7",
        "@geometry": "center"
      },
      "geometry": {
        "type": "Point",
        "coordinates": [
          78.4751171,
          17.3837891
        ]
      },
      "id": "way/312531784"
    },
    {
      "type": "Feature",
      "properties": {
        "@id": "way/312537626",
        "highway": "primary",
        "lit": "yes",
        "name": "Moosarambagh Road",
        "name:etymology:wikidata": "Q17074477",
        "oneway": "yes",
        "@geometry": "center"
      },
      "geometry": {
        "type": "Point",
        "coordinates": [
          78.5155134,
          17.3746238
        ]
      },
      "id": "way/312537626"
    },
    {
      "type": "Feature",
      "properties": {
        "@id": "way/312537628",
        "highway": "primary",
        "lit": "yes",
        "oneway": "yes",
        "@geometry": "center"
      },
      "geometry": {
        "type": "Point",
        "coordinates": [
          78.5149627,
          17.3698335
        ]
      },
      "id": "way/312537628"
    },
    {
      "type": "Feature",
      "properties": {
        "@id": "way/312537629",
        "bridge": "yes",
        "highway": "construction",
        "layer": "1",
        "lit": "yes",
        "@geometry": "center"
      },
      "geometry": {
        "type": "Point",
        "coordinates": [
          78.5168396,
          17.3798884
        ]
      },
      "id": "way/312537629"
    },
    {
      "type": "Feature",
      "properties": {
        "@id": "way/312537630",
        "highway": "primary",
        "lit": "yes",
        "name": "Moosarambagh Road",
        "name:etymology:wikidata": "Q17074477",
        "oneway": "yes",
        "@geometry": "center"
      },
      "geometry": {
        "type": "Point",
        "coordinates": [
          78.5179969,
          17.3814753
        ]
      },
      "id": "way/312537630"
    },
    {
      "type": "Feature",
      "properties": {
        "@id": "way/312537632",
        "highway": "primary",
        "lit": "yes",
        "name": "Moosarambagh Road",
        "name:etymology:wikidata": "Q17074477",
        "oneway": "yes",
        "@geometry": "center"
      },
      "geometry": {
        "type": "Point",
        "coordinates": [
          78.5174478,
          17.3853156
        ]
      },
      "id": "way/312537632"
    },
    {
      "type": "Feature",
      "properties": {
        "@id": "way/312537767",
        "highway": "primary",
        "lit": "yes",
        "oneway": "yes",
        "@geometry": "center"
      },
      "geometry": {
        "type": "Point",
        "coordinates": [
          78.5182802,
          17.3820614
        ]
      },
      "id": "way/312537767"
    },
    {
      "type": "Feature",
      "properties": {
        "@id": "way/312537768",
        "highway": "tertiary",
        "lit": "yes",
        "oneway": "yes",
        "@geometry": "center"
      },
      "geometry": {
        "type": "Point",
        "coordinates": [
          78.5183512,
          17.3820004
        ]
      },
      "id": "way/312537768"
    },
    {
      "type": "Feature",
      "properties": {
        "@id": "way/312537769",
        "highway": "tertiary",
        "lit": "yes",
        "oneway": "yes",
        "@geometry": "center"
      },
      "geometry": {
        "type": "Point",
        "coordinates": [
          78.5183241,
          17.382113
        ]
      },
      "id": "way/312537769"
    },
    {
      "type": "Feature",
      "properties": {
        "@id": "way/312539653",
        "highway": "primary",
        "lit": "yes",
        "name": "Moosarambagh Road",
        "name:etymology:wikidata": "Q17074477",
        "oneway": "yes",
        "@geometry": "center"
      },
      "geometry": {
        "type": "Point",
        "coordinates": [
          78.5173423,
          17.3853229
        ]
      },
      "id": "way/312539653"
    },
    {
      "type": "Feature",
      "properties": {
        "@id": "way/312545128",
        "foot": "yes",
        "highway": "tertiary",
        "int_ref": "AH43",
        "lit": "yes",
        "oneway": "yes",
        "ref": "NH44",
        "ref:old": "NH7",
        "sidewalk": "no",
        "source": "GPS",
        "@geometry": "center"
      },
      "geometry": {
        "type": "Point",
        "coordinates": [
          78.4351027,
          17.3264432
        ]
      },
      "id": "way/312545128"
    },
    {
      "type": "Feature",
      "properties": {
        "@id": "way/312545130",
        "highway": "trunk",
        "int_ref": "AH43",
        "lit": "yes",
        "maxspeed": "60",
        "oneway": "yes",
        "ref": "NH44",
        "ref:old": "NH7",
        "sidewalk": "no",
        "source": "GPS",
        "@geometry": "center"
      },
      "geometry": {
        "type": "Point",
        "coordinates": [
          78.4303534,
          17.3205722
        ]
      },
      "id": "way/312545130"
    },
    {
      "type": "Feature",
      "properties": {
        "@id": "way/312713947",
        "highway": "trunk",
        "int_ref": "AH43",
        "lit": "yes",
        "oneway": "yes",
        "ref": "NH44",
        "ref:old": "NH7",
        "sidewalk": "no",
        "source": "GPS",
        "@geometry": "center"
      },
      "geometry": {
        "type": "Point",
        "coordinates": [
          78.4319431,
          17.3216931
        ]
      },
      "id": "way/312713947"
    },
    {
      "type": "Feature",
      "properties": {
        "@id": "way/312713948",
        "foot": "yes",
        "highway": "tertiary",
        "int_ref": "AH43",
        "lit": "yes",
        "oneway": "yes",
        "ref": "NH44",
        "ref:old": "NH7",
        "sidewalk": "no",
        "@geometry": "center"
      },
      "geometry": {
        "type": "Point",
        "coordinates": [
          78.4376471,
          17.3310745
        ]
      },
      "id": "way/312713948"
    },
    {
      "type": "Feature",
      "properties": {
        "@id": "way/313195124",
        "highway": "primary",
        "lit": "yes",
        "name": "Inner Ring Road",
        "oneway": "yes",
        "ref": "IRR",
        "@geometry": "center"
      },
      "geometry": {
        "type": "Point",
        "coordinates": [
          78.4295873,
          17.3821605
        ]
      },
      "id": "way/313195124"
    },
    {
      "type": "Feature",
      "properties": {
        "@id": "way/313195125",
        "bicycle": "no",
        "highway": "primary",
        "lit": "yes",
        "motor_vehicle": "no",
        "oneway": "yes",
        "@geometry": "center"
      },
      "geometry": {
        "type": "Point",
        "coordinates": [
          78.4296923,
          17.3878541
        ]
      },
      "id": "way/313195125"
    },
    {
      "type": "Feature",
      "properties": {
        "@id": "way/313195147",
        "highway": "primary",
        "lanes": "2",
        "lit": "yes",
        "name": "Inner Ring Road",
        "oneway": "yes",
        "ref": "IRR",
        "@geometry": "center"
      },
      "geometry": {
        "type": "Point",
        "coordinates": [
          78.4302871,
          17.3915359
        ]
      },
      "id": "way/313195147"
    },
    {
      "type": "Feature",
      "properties": {
        "@id": "way/313195148",
        "highway": "primary_link",
        "lit": "yes",
        "oneway": "yes",
        "@geometry": "center"
      },
      "geometry": {
        "type": "Point",
        "coordinates": [
          78.4297683,
          17.3873286
        ]
      },
      "id": "way/313195148"
    },
    {
      "type": "Feature",
      "properties": {
        "@id": "way/313195923",
        "highway": "primary",
        "lit": "yes",
        "name": "Inner Ring Road",
        "oneway": "yes",
        "ref": "IRR",
        "@geometry": "center"
      },
      "geometry": {
        "type": "Point",
        "coordinates": [
          78.4295378,
          17.3876708
        ]
      },
      "id": "way/313195923"
    },
    {
      "type": "Feature",
      "properties": {
        "@id": "way/313195924",
        "highway": "primary",
        "lit": "yes",
        "name": "Inner Ring Road",
        "oneway": "yes",
        "ref": "IRR",
        "@geometry": "center"
      },
      "geometry": {
        "type": "Point",
        "coordinates": [
          78.4297509,
          17.3876699
        ]
      },
      "id": "way/313195924"
    },
    {
      "type": "Feature",
      "properties": {
        "@id": "way/313201162",
        "alt_name": "JN Road",
        "highway": "primary",
        "lit": "yes",
        "maxspeed": "60",
        "name": "Abids to MJ Market Road",
        "oneway": "yes",
        "@geometry": "center"
      },
      "geometry": {
        "type": "Point",
        "coordinates": [
          78.4762073,
          17.3885115
        ]
      },
      "id": "way/313201162"
    },
    {
      "type": "Feature",
      "properties": {
        "@id": "way/313209564",
        "highway": "primary",
        "lanes": "3",
        "lit": "yes",
        "maxspeed": "60",
        "name": "Hi Tech City Main Road",
        "name:etymology:wikidata": "Q3322188",
        "oneway": "yes",
        "surface": "asphalt",
        "@geometry": "center"
      },
      "geometry": {
        "type": "Point",
        "coordinates": [
          78.3749969,
          17.4313265
        ]
      },
      "id": "way/313209564"
    },
    {
      "type": "Feature",
      "properties": {
        "@id": "way/313212114",
        "foot": "yes",
        "highway": "trunk",
        "int_ref": "AH43",
        "lanes": "2",
        "lit": "yes",
        "maxheight": "5",
        "maxspeed": "60",
        "name": "Mukharam Jahi Road",
        "oneway": "yes",
        "ref": "NH44;NH65;NH163",
        "ref:old": "NH7;NH9",
        "sidewalk": "no",
        "@geometry": "center"
      },
      "geometry": {
        "type": "Point",
        "coordinates": [
          78.4735266,
          17.3854815
        ]
      },
      "id": "way/313212114"
    },
    {
      "type": "Feature",
      "properties": {
        "@id": "way/313216338",
        "highway": "primary",
        "lit": "yes",
        "maxspeed": "60",
        "oneway": "yes",
        "surface": "asphalt",
        "@geometry": "center"
      },
      "geometry": {
        "type": "Point",
        "coordinates": [
          78.4689374,
          17.3685859
        ]
      },
      "id": "way/313216338"
    },
    {
      "type": "Feature",
      "properties": {
        "@id": "way/313219653",
        "highway": "primary",
        "lanes": "3",
        "lit": "yes",
        "maxspeed": "60",
        "name": "NTR Marg",
        "name:etymology:wikidata": "Q2646553",
        "name:te": "ఎన్టీఆర్ మార్",
        "oneway": "yes",
        "surface": "asphalt",
        "@geometry": "center"
      },
      "geometry": {
        "type": "Point",
        "coordinates": [
          78.4689872,
          17.4114407
        ]
      },
      "id": "way/313219653"
    },
    {
      "type": "Feature",
      "properties": {
        "@id": "way/313221553",
        "highway": "primary",
        "lanes": "2",
        "lit": "yes",
        "name": "Telephone Bhavan Road",
        "oneway": "yes",
        "restrictions": "hour_off=22:00:00",
        "surface": "asphalt",
        "@geometry": "center"
      },
      "geometry": {
        "type": "Point",
        "coordinates": [
          78.465401,
          17.4062029
        ]
      },
      "id": "way/313221553"
    },
    {
      "type": "Feature",
      "properties": {
        "@id": "way/313221554",
        "highway": "primary",
        "lanes": "2",
        "lit": "yes",
        "maxspeed": "40",
        "name": "Telephone Bhavan Road",
        "oneway": "yes",
        "restrictions": "hour_off=22:00:00",
        "@geometry": "center"
      },
      "geometry": {
        "type": "Point",
        "coordinates": [
          78.4664604,
          17.4068064
        ]
      },
      "id": "way/313221554"
    },
    {
      "type": "Feature",
      "properties": {
        "@id": "way/313222140",
        "highway": "primary",
        "lit": "yes",
        "maxspeed": "60",
        "name": "Bade Ustad Ghulam Ali Khan Marg",
        "name:etymology:wikidata": "Q2745300",
        "oneway": "yes",
        "ref": "Old NH7",
        "ref:old": "NH7",
        "@geometry": "center"
      },
      "geometry": {
        "type": "Point",
        "coordinates": [
          78.4770128,
          17.4068295
        ]
      },
      "id": "way/313222140"
    },
    {
      "type": "Feature",
      "properties": {
        "@id": "way/313222462",
        "highway": "primary",
        "lanes": "2",
        "lit": "yes",
        "maxspeed": "60",
        "name": "Himayath Nagar Main Road",
        "name:etymology:wikidata": "Q125634736",
        "oneway": "yes",
        "surface": "asphalt",
        "@geometry": "center"
      },
      "geometry": {
        "type": "Point",
        "coordinates": [
          78.4806334,
          17.4043184
        ]
      },
      "id": "way/313222462"
    },
    {
      "type": "Feature",
      "properties": {
        "@id": "way/313222465",
        "highway": "primary",
        "lanes": "3",
        "lit": "yes",
        "maxspeed": "60",
        "name": "Bade Ustad Ghulam Ali Khan Marg",
        "name:etymology:wikidata": "Q2745300",
        "oneway": "yes",
        "ref": "Old NH7",
        "ref:old": "NH7",
        "surface": "asphalt",
        "@geometry": "center"
      },
      "geometry": {
        "type": "Point",
        "coordinates": [
          78.4764511,
          17.407628
        ]
      },
      "id": "way/313222465"
    },
    {
      "type": "Feature",
      "properties": {
        "@id": "way/313328794",
        "highway": "tertiary",
        "lit": "yes",
        "name": "Narayanguda Road",
        "oneway": "yes",
        "@geometry": "center"
      },
      "geometry": {
        "type": "Point",
        "coordinates": [
          78.4944699,
          17.397522
        ]
      },
      "id": "way/313328794"
    },
    {
      "type": "Feature",
      "properties": {
        "@id": "way/313329253",
        "highway": "primary",
        "lit": "yes",
        "maxspeed": "60",
        "name": "Barkatpura Main Road",
        "oneway": "yes",
        "@geometry": "center"
      },
      "geometry": {
        "type": "Point",
        "coordinates": [
          78.4976295,
          17.3953284
        ]
      },
      "id": "way/313329253"
    },
    {
      "type": "Feature",
      "properties": {
        "@id": "way/313329254",
        "alt_name": "Vidyanagar Main Road",
        "highway": "primary",
        "lit": "yes",
        "maxspeed": "60",
        "name": "Osmania University Road",
        "name:etymology:wikidata": "Q7928205",
        "oneway": "yes",
        "@geometry": "center"
      },
      "geometry": {
        "type": "Point",
        "coordinates": [
          78.5097444,
          17.4023453
        ]
      },
      "id": "way/313329254"
    },
    {
      "type": "Feature",
      "properties": {
        "@id": "way/313330283",
        "highway": "primary",
        "lit": "yes",
        "maxspeed": "60",
        "name": "Himayat Nagar Road",
        "name:etymology:wikidata": "Q125634736",
        "oneway": "yes",
        "@geometry": "center"
      },
      "geometry": {
        "type": "Point",
        "coordinates": [
          78.4880196,
          17.400614
        ]
      },
      "id": "way/313330283"
    },
    {
      "type": "Feature",
      "properties": {
        "@id": "way/313333233",
        "highway": "primary",
        "lit": "yes",
        "maxspeed": "60",
        "name": "Bade Ustad Ghulam Ali Khan Marg",
        "name:etymology:wikidata": "Q2745300",
        "oneway": "yes",
        "ref": "Old NH7",
        "ref:old": "NH7",
        "@geometry": "center"
      },
      "geometry": {
        "type": "Point",
        "coordinates": [
          78.4771095,
          17.4065307
        ]
      },
      "id": "way/313333233"
    },
    {
      "type": "Feature",
      "properties": {
        "@id": "way/313335215",
        "highway": "primary",
        "lit": "yes",
        "maxspeed": "60",
        "name": "Abids Road",
        "name:etymology:wikidata": "Q4667611",
        "name:kn": "ಅಬಿಡ್ಸ್ ರಸ್ತೆ",
        "oneway": "yes",
        "ref": "Old NH7",
        "ref:old": "NH7",
        "@geometry": "center"
      },
      "geometry": {
        "type": "Point",
        "coordinates": [
          78.4751739,
          17.3965975
        ]
      },
      "id": "way/313335215"
    },
    {
      "type": "Feature",
      "properties": {
        "@id": "way/313336447",
        "alt_name": "JN Road",
        "foot": "yes",
        "highway": "primary",
        "lit": "yes",
        "maxspeed": "60",
        "name": "Abids to MJ Market Road",
        "oneway": "yes",
        "ref": "Old NH7",
        "ref:old": "NH7",
        "@geometry": "center"
      },
      "geometry": {
        "type": "Point",
        "coordinates": [
          78.4757246,
          17.3849846
        ]
      },
      "id": "way/313336447"
    },
    {
      "type": "Feature",
      "properties": {
        "@id": "way/313336448",
        "highway": "primary_link",
        "lit": "yes",
        "oneway": "yes",
        "@geometry": "center"
      },
      "geometry": {
        "type": "Point",
        "coordinates": [
          78.476579,
          17.3884597
        ]
      },
      "id": "way/313336448"
    },
    {
      "type": "Feature",
      "properties": {
        "@id": "way/313337231",
        "highway": "primary",
        "lit": "yes",
        "maxspeed": "50",
        "name": "Abids Road",
        "name:etymology:wikidata": "Q4667611",
        "oneway": "yes",
        "@geometry": "center"
      },
      "geometry": {
        "type": "Point",
        "coordinates": [
          78.4766235,
          17.3888018
        ]
      },
      "id": "way/313337231"
    },
    {
      "type": "Feature",
      "properties": {
        "@id": "way/313337232",
        "foot": "yes",
        "highway": "trunk",
        "int_ref": "AH43",
        "lanes": "1",
        "lit": "yes",
        "maxheight": "5",
        "maxspeed": "60",
        "name": "Mukharam Jahi Road",
        "oneway": "yes",
        "ref": "NH44;NH65;NH163",
        "ref:old": "NH7;NH9",
        "sidewalk": "no",
        "@geometry": "center"
      },
      "geometry": {
        "type": "Point",
        "coordinates": [
          78.4736892,
          17.3855062
        ]
      },
      "id": "way/313337232"
    },
    {
      "type": "Feature",
      "properties": {
        "@id": "way/313337280",
        "highway": "primary",
        "lit": "yes",
        "maxspeed": "50",
        "name": "Bank Street",
        "oneway": "yes",
        "@geometry": "center"
      },
      "geometry": {
        "type": "Point",
        "coordinates": [
          78.4806158,
          17.3867052
        ]
      },
      "id": "way/313337280"
    },
    {
      "type": "Feature",
      "properties": {
        "@id": "way/313338607",
        "highway": "primary_link",
        "lit": "yes",
        "oneway": "yes",
        "@geometry": "center"
      },
      "geometry": {
        "type": "Point",
        "coordinates": [
          78.4884371,
          17.4249047
        ]
      },
      "id": "way/313338607"
    },
    {
      "type": "Feature",
      "properties": {
        "@id": "way/313341435",
        "alt_name": "Wellington Road",
        "highway": "primary",
        "lit": "yes",
        "maxspeed": "60",
        "name": "Hyderabad - Mancherial Highway",
        "oneway": "yes",
        "ref": "SH1",
        "@geometry": "center"
      },
      "geometry": {
        "type": "Point",
        "coordinates": [
          78.4971996,
          17.4526774
        ]
      },
      "id": "way/313341435"
    },
    {
      "type": "Feature",
      "properties": {
        "@id": "way/313352846",
        "highway": "primary",
        "lanes": "4",
        "lit": "yes",
        "maxspeed": "60",
        "name": "HITEC City Road",
        "name:etymology:wikidata": "Q3322188",
        "oneway": "yes",
        "sidewalk": "separate",
        "smoothness": "good",
        "surface": "asphalt",
        "@geometry": "center"
      },
      "geometry": {
        "type": "Point",
        "coordinates": [
          78.3783524,
          17.44688
        ]
      },
      "id": "way/313352846"
    },
    {
      "type": "Feature",
      "properties": {
        "@id": "way/313355354",
        "highway": "primary",
        "lanes": "3",
        "lit": "yes",
        "maxspeed": "60",
        "name": "Hitec City - Kondapur Main Road",
        "oneway": "yes",
        "surface": "asphalt",
        "@geometry": "center"
      },
      "geometry": {
        "type": "Point",
        "coordinates": [
          78.3664899,
          17.4589715
        ]
      },
      "id": "way/313355354"
    },
    {
      "type": "Feature",
      "properties": {
        "@id": "way/313355356",
        "highway": "primary",
        "lanes": "2",
        "lit": "yes",
        "maxspeed": "60",
        "name": "Gachibowli - Miyapur Highway",
        "oneway": "yes",
        "surface": "asphalt",
        "@geometry": "center"
      },
      "geometry": {
        "type": "Point",
        "coordinates": [
          78.366539,
          17.4615083
        ]
      },
      "id": "way/313355356"
    },
    {
      "type": "Feature",
      "properties": {
        "@id": "way/313512531",
        "highway": "primary",
        "lit": "yes",
        "maxspeed": "40",
        "name": "Masab Tank Road",
        "name:etymology:wikidata": "Q6782272",
        "oneway": "yes",
        "ref": "IRR;SH4",
        "@geometry": "center"
      },
      "geometry": {
        "type": "Point",
        "coordinates": [
          78.4514938,
          17.4013986
        ]
      },
      "id": "way/313512531"
    },
    {
      "type": "Feature",
      "properties": {
        "@id": "way/313515789",
        "alt_name": "Inner Ring Road",
        "highway": "primary",
        "lit": "yes",
        "maxspeed": "60",
        "name": "Greenlands Road",
        "oneway": "yes",
        "ref": "IRR",
        "@geometry": "center"
      },
      "geometry": {
        "type": "Point",
        "coordinates": [
          78.4538191,
          17.4277764
        ]
      },
      "id": "way/313515789"
    },
    {
      "type": "Feature",
      "properties": {
        "@id": "way/314205626",
        "alt_name": "Inner Ring Road",
        "foot": "no",
        "highway": "primary",
        "junction": "roundabout",
        "lit": "yes",
        "name": "Road Number 1",
        "oneway": "yes",
        "ref": "IRR",
        "sidewalk": "no",
        "surface": "asphalt",
        "@geometry": "center"
      },
      "geometry": {
        "type": "Point",
        "coordinates": [
          78.4484045,
          17.4184214
        ]
      },
      "id": "way/314205626"
    },
    {
      "type": "Feature",
      "properties": {
        "@id": "way/314205628",
        "alt_name": "Inner Ring Road",
        "highway": "primary",
        "lit": "yes",
        "maxspeed": "60",
        "name": "Road Number 1",
        "oneway": "yes",
        "ref": "IRR",
        "sidewalk": "both",
        "surface": "asphalt",
        "@geometry": "center"
      },
      "geometry": {
        "type": "Point",
        "coordinates": [
          78.4487811,
          17.4177861
        ]
      },
      "id": "way/314205628"
    },
    {
      "type": "Feature",
      "properties": {
        "@id": "way/314207420",
        "highway": "primary",
        "lit": "yes",
        "maxspeed": "60",
        "oneway": "yes",
        "@geometry": "center"
      },
      "geometry": {
        "type": "Point",
        "coordinates": [
          78.5104722,
          17.4035229
        ]
      },
      "id": "way/314207420"
    },
    {
      "type": "Feature",
      "properties": {
        "@id": "way/314207926",
        "alt_name": "Inner Ring Road",
        "bridge": "yes",
        "highway": "trunk",
        "lanes": "3",
        "layer": "1",
        "lit": "yes",
        "maxspeed": "60",
        "name": "Kamineni Flyover",
        "oneway": "yes",
        "ref": "IRR",
        "surface": "asphalt",
        "@geometry": "center"
      },
      "geometry": {
        "type": "Point",
        "coordinates": [
          78.5557558,
          17.3536262
        ]
      },
      "id": "way/314207926"
    },
    {
      "type": "Feature",
      "properties": {
        "@id": "way/314208169",
        "highway": "primary",
        "lanes": "3",
        "lit": "yes",
        "maxspeed": "60",
        "name": "Bade Ustad Ghulam Ali Khan Marg",
        "name:etymology:wikidata": "Q2745300",
        "oneway": "yes",
        "ref": "Old NH7",
        "ref:old": "NH7",
        "surface": "asphalt",
        "@geometry": "center"
      },
      "geometry": {
        "type": "Point",
        "coordinates": [
          78.4762632,
          17.4078475
        ]
      },
      "id": "way/314208169"
    },
    {
      "type": "Feature",
      "properties": {
        "@id": "way/314216874",
        "highway": "primary",
        "lit": "yes",
        "maxspeed": "50",
        "name": "Abids Road",
        "name:etymology:wikidata": "Q4667611",
        "name:kn": "ಅಬಿಡ್ಸ್ ರಸ್ತೆ",
        "oneway": "yes",
        "ref": "Old NH7",
        "ref:old": "NH7",
        "@geometry": "center"
      },
      "geometry": {
        "type": "Point",
        "coordinates": [
          78.4762493,
          17.3906493
        ]
      },
      "id": "way/314216874"
    },
    {
      "type": "Feature",
      "properties": {
        "@id": "way/314225198",
        "highway": "primary",
        "lit": "yes",
        "name": "Inner Ring Road",
        "oneway": "yes",
        "ref": "IRR",
        "@geometry": "center"
      },
      "geometry": {
        "type": "Point",
        "coordinates": [
          78.4294012,
          17.3821723
        ]
      },
      "id": "way/314225198"
    },
    {
      "type": "Feature",
      "properties": {
        "@id": "way/314225200",
        "highway": "primary",
        "lit": "yes",
        "name": "Inner Ring Road",
        "oneway": "yes",
        "ref": "IRR",
        "@geometry": "center"
      },
      "geometry": {
        "type": "Point",
        "coordinates": [
          78.428821,
          17.3681113
        ]
      },
      "id": "way/314225200"
    },
    {
      "type": "Feature",
      "properties": {
        "@id": "way/314359204",
        "alt_name": "Inner Ring Road",
        "highway": "primary",
        "lanes": "3",
        "lit": "yes",
        "maxspeed": "60",
        "name": "Road Number 1",
        "oneway": "yes",
        "ref": "IRR",
        "surface": "asphalt",
        "@geometry": "center"
      },
      "geometry": {
        "type": "Point",
        "coordinates": [
          78.452066,
          17.4047031
        ]
      },
      "id": "way/314359204"
    },
    {
      "type": "Feature",
      "properties": {
        "@id": "way/314359205",
        "alt_name": "Inner Ring Road",
        "highway": "primary",
        "lanes": "3",
        "lit": "yes",
        "locality": "Banjara Hills",
        "maxspeed": "60",
        "name": "Road Number 1",
        "oneway": "yes",
        "ref": "IRR",
        "surface": "asphalt",
        "@geometry": "center"
      },
      "geometry": {
        "type": "Point",
        "coordinates": [
          78.4523055,
          17.4045969
        ]
      },
      "id": "way/314359205"
    },
    {
      "type": "Feature",
      "properties": {
        "@id": "way/314359835",
        "highway": "primary_link",
        "lit": "yes",
        "@geometry": "center"
      },
      "geometry": {
        "type": "Point",
        "coordinates": [
          78.4869451,
          17.4008612
        ]
      },
      "id": "way/314359835"
    },
    {
      "type": "Feature",
      "properties": {
        "@id": "way/314369041",
        "highway": "primary",
        "lit": "yes",
        "maxspeed": "60",
        "name": "Rashtrapati Road",
        "name:te": "రాష్ట్రపతి రోడ్డు",
        "oneway": "yes",
        "ref": "SH1",
        "@geometry": "center"
      },
      "geometry": {
        "type": "Point",
        "coordinates": [
          78.493906,
          17.4366039
        ]
      },
      "id": "way/314369041"
    },
    {
      "type": "Feature",
      "properties": {
        "@id": "way/314369349",
        "highway": "primary",
        "lit": "yes",
        "maxspeed": "60",
        "oneway": "yes",
        "ref": "SH1",
        "@geometry": "center"
      },
      "geometry": {
        "type": "Point",
        "coordinates": [
          78.4956237,
          17.4432616
        ]
      },
      "id": "way/314369349"
    },
    {
      "type": "Feature",
      "properties": {
        "@id": "way/314369350",
        "alt_name": "Inner Ring Road",
        "highway": "primary",
        "lit": "yes",
        "maxspeed": "60",
        "name": "Sardar Patel Road",
        "name:etymology:wikidata": "Q9455",
        "oneway": "yes",
        "ref": "IRR",
        "@geometry": "center"
      },
      "geometry": {
        "type": "Point",
        "coordinates": [
          78.4956645,
          17.4431854
        ]
      },
      "id": "way/314369350"
    },
    {
      "type": "Feature",
      "properties": {
        "@id": "way/314369351",
        "alt_name": "Inner Ring Road",
        "highway": "primary",
        "lit": "yes",
        "maxspeed": "60",
        "name": "Sardar Patel Road",
        "name:etymology:wikidata": "Q9455",
        "oneway": "yes",
        "ref": "IRR",
        "@geometry": "center"
      },
      "geometry": {
        "type": "Point",
        "coordinates": [
          78.4930969,
          17.4431001
        ]
      },
      "id": "way/314369351"
    },
    {
      "type": "Feature",
      "properties": {
        "@id": "way/314369352",
        "alt_name": "Inner Ring Road",
        "highway": "primary",
        "lit": "yes",
        "maxspeed": "60",
        "name": "Sardar Patel Road",
        "name:etymology:wikidata": "Q9455",
        "oneway": "yes",
        "ref": "IRR",
        "@geometry": "center"
      },
      "geometry": {
        "type": "Point",
        "coordinates": [
          78.4956464,
          17.4430036
        ]
      },
      "id": "way/314369352"
    },
    {
      "type": "Feature",
      "properties": {
        "@id": "way/314369353",
        "alt_name": "Inner Ring Road",
        "highway": "primary",
        "lit": "yes",
        "maxspeed": "60",
        "name": "Sardar Patel Road",
        "name:etymology:wikidata": "Q9455",
        "oneway": "yes",
        "ref": "IRR",
        "@geometry": "center"
      },
      "geometry": {
        "type": "Point",
        "coordinates": [
          78.4970535,
          17.4431348
        ]
      },
      "id": "way/314369353"
    },
    {
      "type": "Feature",
      "properties": {
        "@id": "way/314373764",
        "alt_name": "Inner Ring Road",
        "highway": "primary",
        "lit": "yes",
        "locality": "Banjara Hills",
        "maxspeed": "60",
        "name": "Road Number 1",
        "oneway": "yes",
        "ref": "IRR",
        "@geometry": "center"
      },
      "geometry": {
        "type": "Point",
        "coordinates": [
          78.451092,
          17.4080509
        ]
      },
      "id": "way/314373764"
    },
    {
      "type": "Feature",
      "properties": {
        "@id": "way/314374998",
        "alt_name": "Inner Ring Road",
        "foot": "yes",
        "highway": "primary",
        "lit": "yes",
        "maxspeed": "60",
        "name": "Nagarjuna Circle Road",
        "oneway": "yes",
        "ref": "IRR",
        "@geometry": "center"
      },
      "geometry": {
        "type": "Point",
        "coordinates": [
          78.4523126,
          17.4266371
        ]
      },
      "id": "way/314374998"
    },
    {
      "type": "Feature",
      "properties": {
        "@id": "way/314378272",
        "foot": "yes",
        "highway": "trunk",
        "int_ref": "AH43",
        "lit": "yes",
        "maxspeed": "60",
        "oneway": "yes",
        "ref": "NH44",
        "ref:old": "NH7",
        "sidewalk": "no",
        "source": "GPS",
        "@geometry": "center"
      },
      "geometry": {
        "type": "Point",
        "coordinates": [
          78.430259,
          17.320662
        ]
      },
      "id": "way/314378272"
    },
    {
      "type": "Feature",
      "properties": {
        "@id": "way/314383877",
        "alt_name": "RTC X Road",
        "highway": "primary",
        "lit": "yes",
        "maxspeed": "60",
        "name": "Indira Park Road",
        "name:etymology:wikidata": "Q11219005",
        "oneway": "yes",
        "@geometry": "center"
      },
      "geometry": {
        "type": "Point",
        "coordinates": [
          78.4930566,
          17.4080556
        ]
      },
      "id": "way/314383877"
    },
    {
      "type": "Feature",
      "properties": {
        "@id": "way/314389447",
        "highway": "primary",
        "lit": "yes",
        "maxspeed": "60",
        "name": "Rashtrapati Road",
        "name:te": "రాష్ట్రపతి రోడ్డు",
        "oneway": "yes",
        "ref": "SH1",
        "@geometry": "center"
      },
      "geometry": {
        "type": "Point",
        "coordinates": [
          78.493248,
          17.4336772
        ]
      },
      "id": "way/314389447"
    },
    {
      "type": "Feature",
      "properties": {
        "@id": "way/314389449",
        "highway": "primary",
        "lit": "yes",
        "maxspeed": "60",
        "name": "Rashtrapati Road",
        "name:te": "రాష్ట్రపతి రోడ్డు",
        "oneway": "yes",
        "ref": "SH1",
        "@geometry": "center"
      },
      "geometry": {
        "type": "Point",
        "coordinates": [
          78.4930657,
          17.432487
        ]
      },
      "id": "way/314389449"
    },
    {
      "type": "Feature",
      "properties": {
        "@id": "way/314508116",
        "highway": "primary_link",
        "lit": "yes",
        "oneway": "yes",
        "@geometry": "center"
      },
      "geometry": {
        "type": "Point",
        "coordinates": [
          78.4924233,
          17.4305574
        ]
      },
      "id": "way/314508116"
    },
    {
      "type": "Feature",
      "properties": {
        "@id": "way/314508341",
        "highway": "primary",
        "lit": "yes",
        "maxspeed": "60",
        "oneway": "yes",
        "ref": "Old NH7",
        "ref:old": "NH7",
        "@geometry": "center"
      },
      "geometry": {
        "type": "Point",
        "coordinates": [
          78.4756655,
          17.3949691
        ]
      },
      "id": "way/314508341"
    },
    {
      "type": "Feature",
      "properties": {
        "@id": "way/314515398",
        "alt_name": "Inner Ring Road",
        "foot": "yes",
        "highway": "primary",
        "lit": "yes",
        "maxspeed": "60",
        "name": "St Johns Road",
        "name:etymology:wikidata": "Q9455",
        "oneway": "yes",
        "ref": "IRR",
        "@geometry": "center"
      },
      "geometry": {
        "type": "Point",
        "coordinates": [
          78.5057753,
          17.4419751
        ]
      },
      "id": "way/314515398"
    },
    {
      "type": "Feature",
      "properties": {
        "@id": "way/314515483",
        "alt_name": "St Johns Road",
        "highway": "primary",
        "layer": "-1",
        "lit": "yes",
        "maxspeed": "60",
        "name": "St Johns Road Underpass",
        "oneway": "yes",
        "tunnel": "yes",
        "@geometry": "center"
      },
      "geometry": {
        "type": "Point",
        "coordinates": [
          78.505796,
          17.4341168
        ]
      },
      "id": "way/314515483"
    },
    {
      "type": "Feature",
      "properties": {
        "@id": "way/314515876",
        "highway": "secondary",
        "lit": "yes",
        "maxspeed": "60",
        "name": "Ameerpet Road",
        "name:etymology:wikidata": "Q4742142",
        "oneway": "yes",
        "@geometry": "center"
      },
      "geometry": {
        "type": "Point",
        "coordinates": [
          78.4521633,
          17.4355312
        ]
      },
      "id": "way/314515876"
    },
    {
      "type": "Feature",
      "properties": {
        "@id": "way/314517312",
        "alt_name": "Inner Ring Road",
        "highway": "primary",
        "lit": "yes",
        "maxspeed": "60",
        "name": "Sardar Patel Road",
        "name:etymology:wikidata": "Q9455",
        "oneway": "yes",
        "ref": "IRR",
        "@geometry": "center"
      },
      "geometry": {
        "type": "Point",
        "coordinates": [
          78.4640321,
          17.444435
        ]
      },
      "id": "way/314517312"
    },
    {
      "type": "Feature",
      "properties": {
        "@id": "way/314517313",
        "alt_name": "Inner Ring Road",
        "highway": "primary",
        "lit": "yes",
        "maxspeed": "60",
        "name": "Begumpet Airport Flyover",
        "oneway": "yes",
        "ref": "IRR",
        "@geometry": "center"
      },
      "geometry": {
        "type": "Point",
        "coordinates": [
          78.4672515,
          17.4446162
        ]
      },
      "id": "way/314517313"
    },
    {
      "type": "Feature",
      "properties": {
        "@id": "way/314517314",
        "alt_name": "Inner Ring Road",
        "highway": "primary",
        "lit": "yes",
        "maxspeed": "60",
        "name": "Sardar Patel Road",
        "name:etymology:wikidata": "Q9455",
        "oneway": "yes",
        "ref": "IRR",
        "@geometry": "center"
      },
      "geometry": {
        "type": "Point",
        "coordinates": [
          78.4637838,
          17.4445885
        ]
      },
      "id": "way/314517314"
    },
    {
      "type": "Feature",
      "properties": {
        "@id": "way/314518168",
        "highway": "primary",
        "lit": "yes",
        "oneway": "yes",
        "@geometry": "center"
      },
      "geometry": {
        "type": "Point",
        "coordinates": [
          78.4949448,
          17.4228897
        ]
      },
      "id": "way/314518168"
    },
    {
      "type": "Feature",
      "properties": {
        "@id": "way/314518289",
        "highway": "primary",
        "lit": "yes",
        "maxspeed": "60",
        "name": "Road No 3",
        "oneway": "yes",
        "@geometry": "center"
      },
      "geometry": {
        "type": "Point",
        "coordinates": [
          78.429889,
          17.4239747
        ]
      },
      "id": "way/314518289"
    },
    {
      "type": "Feature",
      "properties": {
        "@id": "way/314518290",
        "highway": "primary",
        "lit": "yes",
        "maxspeed": "60",
        "name": "Road No. 3",
        "oneway": "yes",
        "@geometry": "center"
      },
      "geometry": {
        "type": "Point",
        "coordinates": [
          78.430081,
          17.4241516
        ]
      },
      "id": "way/314518290"
    },
    {
      "type": "Feature",
      "properties": {
        "@id": "way/314525063",
        "alt_name": "Inner Ring Road",
        "highway": "primary",
        "lit": "yes",
        "maxspeed": "60",
        "name": "Krishna Deva Raya Road",
        "name:etymology:wikidata": "Q121235",
        "oneway": "yes",
        "ref": "IRR",
        "@geometry": "center"
      },
      "geometry": {
        "type": "Point",
        "coordinates": [
          78.5156477,
          17.43579
        ]
      },
      "id": "way/314525063"
    },
    {
      "type": "Feature",
      "properties": {
        "@id": "way/314532785",
        "highway": "primary",
        "lit": "yes",
        "maxspeed": "60",
        "name": "Habsiguda Main Road",
        "oneway": "yes",
        "ref": "IRR",
        "@geometry": "center"
      },
      "geometry": {
        "type": "Point",
        "coordinates": [
          78.537999,
          17.4220836
        ]
      },
      "id": "way/314532785"
    },
    {
      "type": "Feature",
      "properties": {
        "@id": "way/314533763",
        "highway": "primary",
        "lit": "yes",
        "maxspeed": "60",
        "oneway": "yes",
        "ref": "SH19",
        "@geometry": "center"
      },
      "geometry": {
        "type": "Point",
        "coordinates": [
          78.498829,
          17.3741135
        ]
      },
      "id": "way/314533763"
    },
    {
      "type": "Feature",
      "properties": {
        "@id": "way/314536791",
        "highway": "trunk",
        "lanes": "3",
        "lit": "yes",
        "maxspeed": "60",
        "name": "Golkonda Road",
        "name:etymology:wikidata": "Q4141623",
        "oneway": "yes",
        "ref": "NH163;SH4",
        "@geometry": "center"
      },
      "geometry": {
        "type": "Point",
        "coordinates": [
          78.4293538,
          17.3958454
        ]
      },
      "id": "way/314536791"
    },
    {
      "type": "Feature",
      "properties": {
        "@id": "way/314669708",
        "alt_name": "Inner Ring Road",
        "highway": "primary",
        "lit": "yes",
        "maxspeed": "60",
        "name": "Greenlands Road",
        "oneway": "yes",
        "ref": "IRR",
        "@geometry": "center"
      },
      "geometry": {
        "type": "Point",
        "coordinates": [
          78.4554965,
          17.4289878
        ]
      },
      "id": "way/314669708"
    },
    {
      "type": "Feature",
      "properties": {
        "@id": "way/314670759",
        "highway": "primary",
        "lit": "yes",
        "maxspeed": "60",
        "name": "Road No 3",
        "name:te": "రోడ్డు నెంబర్ 3",
        "oneway": "yes",
        "@geometry": "center"
      },
      "geometry": {
        "type": "Point",
        "coordinates": [
          78.4365663,
          17.4260114
        ]
      },
      "id": "way/314670759"
    },
    {
      "type": "Feature",
      "properties": {
        "@id": "way/314670760",
        "highway": "primary",
        "lit": "yes",
        "maxspeed": "60",
        "name": "Road No. 3",
        "name:te": "రోడ్డు నెంబర్ 3",
        "oneway": "yes",
        "@geometry": "center"
      },
      "geometry": {
        "type": "Point",
        "coordinates": [
          78.4365513,
          17.4261158
        ]
      },
      "id": "way/314670760"
    },
    {
      "type": "Feature",
      "properties": {
        "@id": "way/314670980",
        "alt_name": "Inner Ring Road",
        "highway": "primary",
        "lit": "yes",
        "maxspeed": "60",
        "name": "Sardar Patel Road",
        "name:etymology:wikidata": "Q9455",
        "oneway": "yes",
        "ref": "IRR",
        "@geometry": "center"
      },
      "geometry": {
        "type": "Point",
        "coordinates": [
          78.4970534,
          17.442959
        ]
      },
      "id": "way/314670980"
    },
    {
      "type": "Feature",
      "properties": {
        "@id": "way/314673536",
        "highway": "trunk",
        "lanes": "3",
        "lit": "yes",
        "maxspeed": "60",
        "name": "Inner Ring Road",
        "oneway": "yes",
        "ref": "IRR",
        "surface": "asphalt",
        "@geometry": "center"
      },
      "geometry": {
        "type": "Point",
        "coordinates": [
          78.5603275,
          17.4014011
        ]
      },
      "id": "way/314673536"
    },
    {
      "type": "Feature",
      "properties": {
        "@id": "way/314680372",
        "highway": "primary_link",
        "lit": "yes",
        "oneway": "yes",
        "@geometry": "center"
      },
      "geometry": {
        "type": "Point",
        "coordinates": [
          78.4986683,
          17.4431539
        ]
      },
      "id": "way/314680372"
    },
    {
      "type": "Feature",
      "properties": {
        "@id": "way/314680384",
        "alt_name": "Inner Ring Road",
        "highway": "primary",
        "lit": "yes",
        "maxspeed": "60",
        "name": "Sardar Patel Road",
        "name:etymology:wikidata": "Q9455",
        "oneway": "yes",
        "ref": "IRR",
        "@geometry": "center"
      },
      "geometry": {
        "type": "Point",
        "coordinates": [
          78.4999623,
          17.4429577
        ]
      },
      "id": "way/314680384"
    },
    {
      "type": "Feature",
      "properties": {
        "@id": "way/314681322",
        "highway": "primary",
        "lit": "yes",
        "maxspeed": "60",
        "oneway": "yes",
        "@geometry": "center"
      },
      "geometry": {
        "type": "Point",
        "coordinates": [
          78.552836,
          17.4513701
        ]
      },
      "id": "way/314681322"
    },
    {
      "type": "Feature",
      "properties": {
        "@id": "way/314681520",
        "alt_name": "Inner Ring Road",
        "highway": "primary",
        "lit": "yes",
        "maxspeed": "60",
        "name": "Sardar Patel Road",
        "name:etymology:wikidata": "Q9455",
        "oneway": "yes",
        "ref": "IRR",
        "@geometry": "center"
      },
      "geometry": {
        "type": "Point",
        "coordinates": [
          78.4705455,
          17.4440718
        ]
      },
      "id": "way/314681520"
    },
    {
      "type": "Feature",
      "properties": {
        "@id": "way/314683761",
        "highway": "trunk",
        "lit": "yes",
        "maxspeed": "50",
        "name": "Darul Shifa Road",
        "ref": "NH765",
        "@geometry": "center"
      },
      "geometry": {
        "type": "Point",
        "coordinates": [
          78.4793853,
          17.3592518
        ]
      },
      "id": "way/314683761"
    },
    {
      "type": "Feature",
      "properties": {
        "@id": "way/314683762",
        "foot": "yes",
        "highway": "primary",
        "lit": "yes",
        "maxspeed": "50",
        "name": "Darul Shifa Road",
        "name:te": "దారుల్ షిఫా రోడ్",
        "surface": "asphalt",
        "@geometry": "center"
      },
      "geometry": {
        "type": "Point",
        "coordinates": [
          78.4821471,
          17.370728
        ]
      },
      "id": "way/314683762"
    },
    {
      "type": "Feature",
      "properties": {
        "@id": "way/314807974",
        "highway": "primary",
        "lanes": "3",
        "lit": "yes",
        "maxspeed": "60",
        "name": "NTR Marg",
        "name:etymology:wikidata": "Q2646553",
        "name:te": "ఎన్టీఆర్ మార్గ్",
        "oneway": "yes",
        "surface": "asphalt",
        "@geometry": "center"
      },
      "geometry": {
        "type": "Point",
        "coordinates": [
          78.4687719,
          17.4112494
        ]
      },
      "id": "way/314807974"
    },
    {
      "type": "Feature",
      "properties": {
        "@id": "way/314808156",
        "highway": "primary",
        "lit": "yes",
        "maxspeed": "60",
        "name": "Road No. 10",
        "oneway": "yes",
        "@geometry": "center"
      },
      "geometry": {
        "type": "Point",
        "coordinates": [
          78.4287751,
          17.4196495
        ]
      },
      "id": "way/314808156"
    },
    {
      "type": "Feature",
      "properties": {
        "@id": "way/314808459",
        "highway": "primary",
        "lanes": "4",
        "lit": "yes",
        "name": "HITEC City Road",
        "name:etymology:wikidata": "Q3322188",
        "oneway": "yes",
        "@geometry": "center"
      },
      "geometry": {
        "type": "Point",
        "coordinates": [
          78.3801528,
          17.4506867
        ]
      },
      "id": "way/314808459"
    },
    {
      "type": "Feature",
      "properties": {
        "@id": "way/314945477",
        "foot": "yes",
        "highway": "primary",
        "lanes": "2",
        "lit": "yes",
        "maxspeed": "60",
        "name": "Boyiguda Road",
        "oneway": "yes",
        "@geometry": "center"
      },
      "geometry": {
        "type": "Point",
        "coordinates": [
          78.503309,
          17.4265111
        ]
      },
      "id": "way/314945477"
    },
    {
      "type": "Feature",
      "properties": {
        "@id": "way/314950894",
        "highway": "primary_link",
        "lit": "yes",
        "@geometry": "center"
      },
      "geometry": {
        "type": "Point",
        "coordinates": [
          78.4642104,
          17.4051619
        ]
      },
      "id": "way/314950894"
    },
    {
      "type": "Feature",
      "properties": {
        "@id": "way/315562822",
        "alt_name": "Inner Ring Road",
        "highway": "primary",
        "lit": "yes",
        "maxspeed": "60",
        "name": "St Johns Road",
        "name:etymology:wikidata": "Q9455",
        "oneway": "yes",
        "ref": "IRR",
        "@geometry": "center"
      },
      "geometry": {
        "type": "Point",
        "coordinates": [
          78.5058298,
          17.4427212
        ]
      },
      "id": "way/315562822"
    },
    {
      "type": "Feature",
      "properties": {
        "@id": "way/315572441",
        "highway": "primary",
        "lit": "yes",
        "maxspeed": "60",
        "name": "Habsiguda Main Road",
        "oneway": "yes",
        "ref": "IRR",
        "@geometry": "center"
      },
      "geometry": {
        "type": "Point",
        "coordinates": [
          78.5414357,
          17.4189578
        ]
      },
      "id": "way/315572441"
    },
    {
      "type": "Feature",
      "properties": {
        "@id": "way/315580393",
        "highway": "primary",
        "lit": "yes",
        "maxspeed": "60",
        "oneway": "yes",
        "@geometry": "center"
      },
      "geometry": {
        "type": "Point",
        "coordinates": [
          78.4880398,
          17.4005682
        ]
      },
      "id": "way/315580393"
    },
    {
      "type": "Feature",
      "properties": {
        "@id": "way/315724904",
        "alt_name": "JN Road",
        "highway": "primary",
        "lit": "yes",
        "maxspeed": "60",
        "name": "Abids to MJ Market Road",
        "oneway": "yes",
        "ref": "Old NH7",
        "ref:old": "NH7",
        "@geometry": "center"
      },
      "geometry": {
        "type": "Point",
        "coordinates": [
          78.4756813,
          17.3850989
        ]
      },
      "id": "way/315724904"
    },
    {
      "type": "Feature",
      "properties": {
        "@id": "way/316003626",
        "alt_name": "Inner Ring Road",
        "highway": "primary",
        "lit": "yes",
        "maxspeed": "60",
        "name": "Road Number 1",
        "oneway": "yes",
        "ref": "IRR",
        "@geometry": "center"
      },
      "geometry": {
        "type": "Point",
        "coordinates": [
          78.4490497,
          17.4170699
        ]
      },
      "id": "way/316003626"
    },
    {
      "type": "Feature",
      "properties": {
        "@id": "way/316003762",
        "alt_name": "Inner Ring Road",
        "highway": "primary",
        "lit": "yes",
        "maxspeed": "60",
        "name": "Road Number 1",
        "oneway": "yes",
        "ref": "IRR",
        "@geometry": "center"
      },
      "geometry": {
        "type": "Point",
        "coordinates": [
          78.4490446,
          17.4170255
        ]
      },
      "id": "way/316003762"
    },
    {
      "type": "Feature",
      "properties": {
        "@id": "way/316003764",
        "alt_name": "Inner Ring Road",
        "highway": "primary",
        "lit": "yes",
        "maxspeed": "60",
        "name": "Road Number 1",
        "oneway": "yes",
        "ref": "IRR",
        "@geometry": "center"
      },
      "geometry": {
        "type": "Point",
        "coordinates": [
          78.4486675,
          17.417711
        ]
      },
      "id": "way/316003764"
    },
    {
      "type": "Feature",
      "properties": {
        "@id": "way/316003849",
        "highway": "primary",
        "lit": "yes",
        "maxspeed": "50",
        "name": "Abids Road",
        "name:etymology:wikidata": "Q4667611",
        "name:kn": "ಅಬಿಡ್ಸ್ ರಸ್ತೆ",
        "oneway": "yes",
        "ref": "Old NH7",
        "ref:old": "NH7",
        "@geometry": "center"
      },
      "geometry": {
        "type": "Point",
        "coordinates": [
          78.4761698,
          17.3915163
        ]
      },
      "id": "way/316003849"
    },
    {
      "type": "Feature",
      "properties": {
        "@id": "way/316004728",
        "alt_name": "Inner Ring Road",
        "highway": "primary",
        "lit": "yes",
        "maxspeed": "60",
        "name": "Sardar Patel Road",
        "name:etymology:wikidata": "Q9455",
        "oneway": "yes",
        "ref": "IRR",
        "@geometry": "center"
      },
      "geometry": {
        "type": "Point",
        "coordinates": [
          78.4998638,
          17.4428445
        ]
      },
      "id": "way/316004728"
    },
    {
      "type": "Feature",
      "properties": {
        "@id": "way/316623188",
        "alt_name": "Inner Ring Road",
        "highway": "primary",
        "lit": "yes",
        "maxspeed": "60",
        "name": "Greenlands Road",
        "oneway": "yes",
        "ref": "IRR",
        "@geometry": "center"
      },
      "geometry": {
        "type": "Point",
        "coordinates": [
          78.4552646,
          17.4288535
        ]
      },
      "id": "way/316623188"
    },
    {
      "type": "Feature",
      "properties": {
        "@id": "way/316767714",
        "alt_name": "Inner Ring Road",
        "highway": "primary",
        "lit": "yes",
        "maxspeed": "60",
        "name": "Tarnaka Flyover",
        "oneway": "yes",
        "ref": "IRR",
        "@geometry": "center"
      },
      "geometry": {
        "type": "Point",
        "coordinates": [
          78.5342756,
          17.4250791
        ]
      },
      "id": "way/316767714"
    },
    {
      "type": "Feature",
      "properties": {
        "@id": "way/316767715",
        "alt_name": "Inner Ring Road",
        "highway": "primary",
        "lit": "yes",
        "maxspeed": "60",
        "name": "Tarnaka Flyover",
        "oneway": "yes",
        "ref": "IRR",
        "@geometry": "center"
      },
      "geometry": {
        "type": "Point",
        "coordinates": [
          78.5343002,
          17.4251444
        ]
      },
      "id": "way/316767715"
    },
    {
      "type": "Feature",
      "properties": {
        "@id": "way/316769045",
        "alt_name": "Inner Ring Road",
        "highway": "primary",
        "lit": "yes",
        "maxspeed": "60",
        "name": "Greenlands Road",
        "oneway": "yes",
        "ref": "IRR",
        "surface": "asphalt",
        "@geometry": "center"
      },
      "geometry": {
        "type": "Point",
        "coordinates": [
          78.4558961,
          17.433302
        ]
      },
      "id": "way/316769045"
    },
    {
      "type": "Feature",
      "properties": {
        "@id": "way/316909419",
        "highway": "primary",
        "lit": "yes",
        "maxspeed": "60",
        "name": "Sir Louis Flyover",
        "name:etymology:wikidata": "Q93182",
        "oneway": "yes",
        "ref": "SH19",
        "@geometry": "center"
      },
      "geometry": {
        "type": "Point",
        "coordinates": [
          78.4989307,
          17.3734703
        ]
      },
      "id": "way/316909419"
    },
    {
      "type": "Feature",
      "properties": {
        "@id": "way/318505368",
        "bridge": "yes",
        "foot": "yes",
        "highway": "primary",
        "lanes": "2",
        "layer": "1",
        "lit": "yes",
        "maxspeed": "60",
        "name": "Telugu Talli Flyover",
        "oneway": "yes",
        "@geometry": "center"
      },
      "geometry": {
        "type": "Point",
        "coordinates": [
          78.4737298,
          17.4093078
        ]
      },
      "id": "way/318505368"
    },
    {
      "type": "Feature",
      "properties": {
        "@id": "way/318505369",
        "highway": "primary",
        "lanes": "2",
        "layer": "1",
        "lit": "yes",
        "maxspeed": "60",
        "name": "Telugu Talli Flyover",
        "oneway": "yes",
        "@geometry": "center"
      },
      "geometry": {
        "type": "Point",
        "coordinates": [
          78.4776793,
          17.4119688
        ]
      },
      "id": "way/318505369"
    },
    {
      "type": "Feature",
      "properties": {
        "@id": "way/318507727",
        "bridge": "yes",
        "highway": "primary",
        "lanes": "2",
        "layer": "1",
        "lit": "yes",
        "maxspeed": "60",
        "name": "Telugu Talli Flyover",
        "name:te": "తెలుగు తల్లి ఫ్లైఓవర్",
        "oneway": "yes",
        "@geometry": "center"
      },
      "geometry": {
        "type": "Point",
        "coordinates": [
          78.4737017,
          17.4093681
        ]
      },
      "id": "way/318507727"
    },
    {
      "type": "Feature",
      "properties": {
        "@id": "way/318507728",
        "embankment": "yes",
        "highway": "primary",
        "lanes": "2",
        "lit": "yes",
        "maxspeed": "60",
        "name": "Telugu Talli Flyover",
        "oneway": "yes",
        "@geometry": "center"
      },
      "geometry": {
        "type": "Point",
        "coordinates": [
          78.4700816,
          17.4077604
        ]
      },
      "id": "way/318507728"
    },
    {
      "type": "Feature",
      "properties": {
        "@id": "way/318613168",
        "highway": "primary",
        "lanes": "3",
        "lit": "yes",
        "maxspeed": "60",
        "name": "Habsiguda Main Road",
        "oneway": "yes",
        "ref": "IRR",
        "@geometry": "center"
      },
      "geometry": {
        "type": "Point",
        "coordinates": [
          78.548795,
          17.4120468
        ]
      },
      "id": "way/318613168"
    },
    {
      "type": "Feature",
      "properties": {
        "@id": "way/323275173",
        "highway": "residential",
        "lane_markings": "no",
        "lit": "yes",
        "name": "Park Avenue Road",
        "sidewalk": "no",
        "surface": "asphalt",
        "width": "6.29",
        "@geometry": "center"
      },
      "geometry": {
        "type": "Point",
        "coordinates": [
          78.453883,
          17.4382794
        ]
      },
      "id": "way/323275173"
    },
    {
      "type": "Feature",
      "properties": {
        "@id": "way/339974403",
        "full_id": "w-92869",
        "highway": "residential",
        "lit": "yes",
        "maxspeed:type": "IN-TG:urban",
        "name": "Sarada nagar",
        "osm_id": "-92869",
        "osm_type": "way",
        "surface": "asphalt",
        "@geometry": "center"
      },
      "geometry": {
        "type": "Point",
        "coordinates": [
          78.4400152,
          17.3829118
        ]
      },
      "id": "way/339974403"
    },
    {
      "type": "Feature",
      "properties": {
        "@id": "way/340127487",
        "highway": "footway",
        "lit": "yes",
        "@geometry": "center"
      },
      "geometry": {
        "type": "Point",
        "coordinates": [
          78.3849095,
          17.4700789
        ]
      },
      "id": "way/340127487"
    },
    {
      "type": "Feature",
      "properties": {
        "@id": "way/346618802",
        "highway": "primary",
        "lit": "yes",
        "maxspeed": "60",
        "name": "Wellington Road",
        "name:etymology:wikidata": "Q131691",
        "oneway": "yes",
        "ref": "SH1",
        "@geometry": "center"
      },
      "geometry": {
        "type": "Point",
        "coordinates": [
          78.4961909,
          17.4458315
        ]
      },
      "id": "way/346618802"
    },
    {
      "type": "Feature",
      "properties": {
        "@id": "way/346618803",
        "highway": "primary",
        "lit": "yes",
        "maxspeed": "60",
        "name": "Wellington Road",
        "name:etymology:wikidata": "Q131691",
        "oneway": "yes",
        "ref": "SH1",
        "@geometry": "center"
      },
      "geometry": {
        "type": "Point",
        "coordinates": [
          78.4959447,
          17.4444768
        ]
      },
      "id": "way/346618803"
    },
    {
      "type": "Feature",
      "properties": {
        "@id": "way/346618807",
        "highway": "primary",
        "lit": "yes",
        "maxspeed": "60",
        "oneway": "yes",
        "ref": "SH1",
        "@geometry": "center"
      },
      "geometry": {
        "type": "Point",
        "coordinates": [
          78.4960976,
          17.4458955
        ]
      },
      "id": "way/346618807"
    },
    {
      "type": "Feature",
      "properties": {
        "@id": "way/346618809",
        "highway": "primary_link",
        "lit": "yes",
        "oneway": "yes",
        "@geometry": "center"
      },
      "geometry": {
        "type": "Point",
        "coordinates": [
          78.4964204,
          17.4459302
        ]
      },
      "id": "way/346618809"
    },
    {
      "type": "Feature",
      "properties": {
        "@id": "way/346618810",
        "highway": "primary",
        "lit": "yes",
        "maxspeed": "60",
        "oneway": "yes",
        "ref": "SH1",
        "@geometry": "center"
      },
      "geometry": {
        "type": "Point",
        "coordinates": [
          78.496259,
          17.4473883
        ]
      },
      "id": "way/346618810"
    },
    {
      "type": "Feature",
      "properties": {
        "@id": "way/348677415",
        "foot": "yes",
        "highway": "tertiary",
        "lanes": "1",
        "lit": "yes",
        "osm_type": "way",
        "@geometry": "center"
      },
      "geometry": {
        "type": "Point",
        "coordinates": [
          78.4117579,
          17.3725699
        ]
      },
      "id": "way/348677415"
    },
    {
      "type": "Feature",
      "properties": {
        "@id": "way/352232892",
        "highway": "residential",
        "lane_markings": "no",
        "lit": "yes",
        "noname": "yes",
        "sidewalk": "no",
        "surface": "concrete",
        "@geometry": "center"
      },
      "geometry": {
        "type": "Point",
        "coordinates": [
          78.3993936,
          17.3702305
        ]
      },
      "id": "way/352232892"
    },
    {
      "type": "Feature",
      "properties": {
        "@id": "way/352233545",
        "highway": "residential",
        "lane_markings": "no",
        "lit": "yes",
        "noname": "yes",
        "sidewalk": "no",
        "surface": "concrete",
        "@geometry": "center"
      },
      "geometry": {
        "type": "Point",
        "coordinates": [
          78.3997691,
          17.3701224
        ]
      },
      "id": "way/352233545"
    },
    {
      "type": "Feature",
      "properties": {
        "@id": "way/352234693",
        "highway": "residential",
        "lit": "yes",
        "surface": "concrete",
        "@geometry": "center"
      },
      "geometry": {
        "type": "Point",
        "coordinates": [
          78.412291,
          17.4063766
        ]
      },
      "id": "way/352234693"
    },
    {
      "type": "Feature",
      "properties": {
        "@id": "way/352235630",
        "highway": "residential",
        "lane_markings": "no",
        "lit": "yes",
        "noname": "yes",
        "sidewalk": "no",
        "surface": "concrete",
        "@geometry": "center"
      },
      "geometry": {
        "type": "Point",
        "coordinates": [
          78.3993927,
          17.3699546
        ]
      },
      "id": "way/352235630"
    },
    {
      "type": "Feature",
      "properties": {
        "@id": "way/352236242",
        "highway": "residential",
        "lane_markings": "no",
        "lit": "yes",
        "noname": "yes",
        "sidewalk": "no",
        "surface": "concrete",
        "@geometry": "center"
      },
      "geometry": {
        "type": "Point",
        "coordinates": [
          78.3997903,
          17.3706575
        ]
      },
      "id": "way/352236242"
    },
    {
      "type": "Feature",
      "properties": {
        "@id": "way/354037662",
        "highway": "residential",
        "lit": "yes",
        "surface": "asphalt",
        "@geometry": "center"
      },
      "geometry": {
        "type": "Point",
        "coordinates": [
          78.4611472,
          17.463804
        ]
      },
      "id": "way/354037662"
    },
    {
      "type": "Feature",
      "properties": {
        "@id": "way/354038811",
        "highway": "residential",
        "lit": "yes",
        "surface": "concrete",
        "@geometry": "center"
      },
      "geometry": {
        "type": "Point",
        "coordinates": [
          78.522293,
          17.4381258
        ]
      },
      "id": "way/354038811"
    },
    {
      "type": "Feature",
      "properties": {
        "@id": "way/354056046",
        "highway": "residential",
        "lit": "yes",
        "maxspeed:type": "IN:urban",
        "name": "Street number 10",
        "sidewalk": "no",
        "surface": "asphalt",
        "@geometry": "center"
      },
      "geometry": {
        "type": "Point",
        "coordinates": [
          78.569443,
          17.3545564
        ]
      },
      "id": "way/354056046"
    },
    {
      "type": "Feature",
      "properties": {
        "@id": "way/354056564",
        "highway": "residential",
        "lit": "yes",
        "name": "Street number 3",
        "name:te": "స్ట్రీట్ నంబరు 3",
        "surface": "asphalt",
        "@geometry": "center"
      },
      "geometry": {
        "type": "Point",
        "coordinates": [
          78.5714717,
          17.3535163
        ]
      },
      "id": "way/354056564"
    },
    {
      "type": "Feature",
      "properties": {
        "@id": "way/354058307",
        "bicycle": "private",
        "highway": "residential",
        "lit": "yes",
        "motor_vehicle": "private",
        "name": "Street number 12",
        "name:te": "స్ట్రీట్ నంబరు 12",
        "sidewalk": "no",
        "surface": "asphalt",
        "@geometry": "center"
      },
      "geometry": {
        "type": "Point",
        "coordinates": [
          78.569139,
          17.3553159
        ]
      },
      "id": "way/354058307"
    },
    {
      "type": "Feature",
      "properties": {
        "@id": "way/354058613",
        "bicycle": "private",
        "highway": "residential",
        "lit": "yes",
        "motor_vehicle": "private",
        "name": "Street number 11",
        "name:te": "స్ట్రీట్ నంబరు 11",
        "sidewalk": "no",
        "surface": "asphalt",
        "@geometry": "center"
      },
      "geometry": {
        "type": "Point",
        "coordinates": [
          78.5694307,
          17.3551649
        ]
      },
      "id": "way/354058613"
    },
    {
      "type": "Feature",
      "properties": {
        "@id": "way/354058657",
        "bicycle": "private",
        "highway": "residential",
        "lit": "yes",
        "motor_vehicle": "private",
        "name": "Street number 11",
        "name:te": "స్ట్రీట్ నంబరు 11",
        "sidewalk": "no",
        "surface": "asphalt",
        "@geometry": "center"
      },
      "geometry": {
        "type": "Point",
        "coordinates": [
          78.5691302,
          17.3546857
        ]
      },
      "id": "way/354058657"
    },
    {
      "type": "Feature",
      "properties": {
        "@id": "way/354059160",
        "highway": "residential",
        "lit": "yes",
        "name": "Street number 14/4",
        "name:te": "స్ట్రీట్ నంబరు 14/4",
        "surface": "asphalt",
        "@geometry": "center"
      },
      "geometry": {
        "type": "Point",
        "coordinates": [
          78.5679584,
          17.353747
        ]
      },
      "id": "way/354059160"
    },
    {
      "type": "Feature",
      "properties": {
        "@id": "way/354532000",
        "highway": "residential",
        "lit": "yes",
        "maxspeed:type": "IN:urban",
        "noname": "yes",
        "surface": "concrete",
        "@geometry": "center"
      },
      "geometry": {
        "type": "Point",
        "coordinates": [
          78.3877361,
          17.4437156
        ]
      },
      "id": "way/354532000"
    },
    {
      "type": "Feature",
      "properties": {
        "@id": "way/354532004",
        "highway": "residential",
        "lit": "yes",
        "surface": "unhewn_cobblestone",
        "@geometry": "center"
      },
      "geometry": {
        "type": "Point",
        "coordinates": [
          78.3595793,
          17.4967025
        ]
      },
      "id": "way/354532004"
    },
    {
      "type": "Feature",
      "properties": {
        "@id": "way/354532068",
        "access": "permissive",
        "highway": "residential",
        "lit": "yes",
        "maxspeed": "20",
        "maxspeed:type": "sign",
        "name": "A S Raju Nagar Rd",
        "surface": "asphalt",
        "@geometry": "center"
      },
      "geometry": {
        "type": "Point",
        "coordinates": [
          78.4059037,
          17.493059
        ]
      },
      "id": "way/354532068"
    },
    {
      "type": "Feature",
      "properties": {
        "@id": "way/354532232",
        "highway": "residential",
        "lit": "yes",
        "source": "Maxar",
        "surface": "asphalt",
        "@geometry": "center"
      },
      "geometry": {
        "type": "Point",
        "coordinates": [
          78.3854357,
          17.4422257
        ]
      },
      "id": "way/354532232"
    },
    {
      "type": "Feature",
      "properties": {
        "@id": "way/354533122",
        "highway": "residential",
        "lit": "yes",
        "maxspeed": "20",
        "maxspeed:type": "sign",
        "name": "17, Jayabheri Pine Valley (Lane Adjacent to Care hospital),Gachibowli, Jayabheri Pine Valley, Gachibowli, Hyderabad, Telangana 500032",
        "surface": "asphalt",
        "@geometry": "center"
      },
      "geometry": {
        "type": "Point",
        "coordinates": [
          78.3707076,
          17.4304067
        ]
      },
      "id": "way/354533122"
    },
    {
      "type": "Feature",
      "properties": {
        "@id": "way/354536360",
        "highway": "residential",
        "lit": "yes",
        "maxspeed:type": "IN:urban",
        "surface": "concrete",
        "@geometry": "center"
      },
      "geometry": {
        "type": "Point",
        "coordinates": [
          78.3880221,
          17.4437365
        ]
      },
      "id": "way/354536360"
    },
    {
      "type": "Feature",
      "properties": {
        "@id": "way/354536517",
        "highway": "residential",
        "lit": "yes",
        "surface": "concrete",
        "@geometry": "center"
      },
      "geometry": {
        "type": "Point",
        "coordinates": [
          78.3854247,
          17.4437358
        ]
      },
      "id": "way/354536517"
    },
    {
      "type": "Feature",
      "properties": {
        "@id": "way/354537787",
        "highway": "residential",
        "lit": "yes",
        "maxspeed:type": "IN:urban",
        "noname": "yes",
        "surface": "concrete",
        "@geometry": "center"
      },
      "geometry": {
        "type": "Point",
        "coordinates": [
          78.3883016,
          17.4437531
        ]
      },
      "id": "way/354537787"
    },
    {
      "type": "Feature",
      "properties": {
        "@id": "way/355691644",
        "full_id": "w-106133",
        "highway": "primary",
        "lit": "yes",
        "maxspeed": "60",
        "oneway": "yes",
        "osm_id": "-106133",
        "osm_type": "way",
        "@geometry": "center"
      },
      "geometry": {
        "type": "Point",
        "coordinates": [
          78.4600573,
          17.4133215
        ]
      },
      "id": "way/355691644"
    },
    {
      "type": "Feature",
      "properties": {
        "@id": "way/355698922",
        "highway": "residential",
        "lit": "yes",
        "sidewalk": "no",
        "surface": "concrete",
        "@geometry": "center"
      },
      "geometry": {
        "type": "Point",
        "coordinates": [
          78.4520958,
          17.415583
        ]
      },
      "id": "way/355698922"
    },
    {
      "type": "Feature",
      "properties": {
        "@id": "way/355709172",
        "full_id": "w-112325",
        "highway": "primary_link",
        "lit": "yes",
        "oneway": "yes",
        "osm_id": "-112325",
        "osm_type": "way",
        "@geometry": "center"
      },
      "geometry": {
        "type": "Point",
        "coordinates": [
          78.4845125,
          17.4111193
        ]
      },
      "id": "way/355709172"
    },
    {
      "type": "Feature",
      "properties": {
        "@id": "way/356269124",
        "access": "permit",
        "leisure": "pitch",
        "lit": "yes",
        "sport": "badminton",
        "surface": "artificial_turf",
        "@geometry": "center"
      },
      "geometry": {
        "type": "Point",
        "coordinates": [
          78.5149962,
          17.4392835
        ]
      },
      "id": "way/356269124"
    },
    {
      "type": "Feature",
      "properties": {
        "@id": "way/356269158",
        "access": "no",
        "leisure": "pitch",
        "lit": "yes",
        "sport": "boxing",
        "@geometry": "center"
      },
      "geometry": {
        "type": "Point",
        "coordinates": [
          78.5133786,
          17.4394699
        ]
      },
      "id": "way/356269158"
    },
    {
      "type": "Feature",
      "properties": {
        "@id": "way/356269353",
        "access": "no",
        "covered": "yes",
        "hoops": "2",
        "leisure": "pitch",
        "lit": "yes",
        "sport": "basketball",
        "surface": "artificial_turf",
        "@geometry": "center"
      },
      "geometry": {
        "type": "Point",
        "coordinates": [
          78.5130641,
          17.4395225
        ]
      },
      "id": "way/356269353"
    },
    {
      "type": "Feature",
      "properties": {
        "@id": "way/360810260",
        "access": "no",
        "leisure": "pitch",
        "lit": "yes",
        "sport": "table_tennis",
        "@geometry": "center"
      },
      "geometry": {
        "type": "Point",
        "coordinates": [
          78.5137653,
          17.4385106
        ]
      },
      "id": "way/360810260"
    },
    {
      "type": "Feature",
      "properties": {
        "@id": "way/361906425",
        "highway": "trunk",
        "lanes": "3",
        "lit": "yes",
        "maxspeed": "60",
        "name": "Golkonda Road",
        "name:etymology:wikidata": "Q4141623",
        "oneway": "yes",
        "ref": "NH163;SH4",
        "@geometry": "center"
      },
      "geometry": {
        "type": "Point",
        "coordinates": [
          78.4300285,
          17.3960097
        ]
      },
      "id": "way/361906425"
    },
    {
      "type": "Feature",
      "properties": {
        "@id": "way/361906426",
        "highway": "primary",
        "lit": "yes",
        "maxspeed": "60",
        "name": "Old Bombay Highway",
        "oneway": "yes",
        "@geometry": "center"
      },
      "geometry": {
        "type": "Point",
        "coordinates": [
          78.4108987,
          17.4024512
        ]
      },
      "id": "way/361906426"
    },
    {
      "type": "Feature",
      "properties": {
        "@id": "way/362634260",
        "highway": "residential",
        "lit": "yes",
        "name": "Kothaguda Village Road",
        "surface": "concrete",
        "@geometry": "center"
      },
      "geometry": {
        "type": "Point",
        "coordinates": [
          78.3643981,
          17.4619567
        ]
      },
      "id": "way/362634260"
    },
    {
      "type": "Feature",
      "properties": {
        "@id": "way/364084214",
        "alt_name": "Inner Ring Road",
        "highway": "primary",
        "lit": "yes",
        "maxspeed": "60",
        "name": "Sardar Patel Road",
        "name:etymology:wikidata": "Q9455",
        "oneway": "yes",
        "ref": "IRR",
        "@geometry": "center"
      },
      "geometry": {
        "type": "Point",
        "coordinates": [
          78.4798184,
          17.4435279
        ]
      },
      "id": "way/364084214"
    },
    {
      "type": "Feature",
      "properties": {
        "@id": "way/364084215",
        "alt_name": "Inner Ring Road",
        "highway": "primary",
        "lit": "yes",
        "maxspeed": "60",
        "name": "Sardar Patel Road",
        "name:etymology:wikidata": "Q9455",
        "oneway": "yes",
        "ref": "IRR",
        "@geometry": "center"
      },
      "geometry": {
        "type": "Point",
        "coordinates": [
          78.4814715,
          17.4435008
        ]
      },
      "id": "way/364084215"
    },
    {
      "type": "Feature",
      "properties": {
        "@id": "way/364084221",
        "alt_name": "Inner Ring Road",
        "bridge": "yes",
        "highway": "primary",
        "layer": "1",
        "lit": "yes",
        "maxspeed": "60",
        "name": "Sardar Patel Road",
        "name:etymology:wikidata": "Q9455",
        "oneway": "yes",
        "ref": "IRR",
        "@geometry": "center"
      },
      "geometry": {
        "type": "Point",
        "coordinates": [
          78.4792672,
          17.443407
        ]
      },
      "id": "way/364084221"
    },
    {
      "type": "Feature",
      "properties": {
        "@id": "way/364084228",
        "alt_name": "Inner Ring Road",
        "highway": "primary",
        "lit": "yes",
        "maxspeed": "60",
        "name": "Sardar Patel Road",
        "name:etymology:wikidata": "Q9455",
        "oneway": "yes",
        "ref": "IRR",
        "@geometry": "center"
      },
      "geometry": {
        "type": "Point",
        "coordinates": [
          78.4782895,
          17.4434195
        ]
      },
      "id": "way/364084228"
    },
    {
      "type": "Feature",
      "properties": {
        "@id": "way/364313494",
        "bicycle": "no",
        "bridge": "yes",
        "foot": "no",
        "highway": "motorway",
        "horse": "no",
        "lanes": "4",
        "layer": "1",
        "lit": "yes",
        "maxspeed": "120",
        "maxspeed:advisory:lanes": "80|80|120|120",
        "motor_vehicle": "designated",
        "motorcycle": "no",
        "name": "Outer Ring Road",
        "name:hi": "आउटर रिंग रोड",
        "name:te": "ఔటర్ రింగు రోడ్డు",
        "official_name": "Nehru Outer Ring Road",
        "official_name:hi": "नेहरू आउटर रिंग रोड",
        "official_name:te": "నెహ్రూ ఔటర్ రింగ్ రోడ్",
        "oneway": "yes",
        "operator": "Hyderabad Metropolitan Development Authority",
        "ref": "ORR",
        "shoulder": "left",
        "smoothness": "excellent",
        "source": "Esri World Imagery (2023-09-10)",
        "start_date": "2012-12-03",
        "surface": "asphalt",
        "toll": "yes",
        "@geometry": "center"
      },
      "geometry": {
        "type": "Point",
        "coordinates": [
          78.2621345,
          17.5467386
        ]
      },
      "id": "way/364313494"
    },
    {
      "type": "Feature",
      "properties": {
        "@id": "way/364313495",
        "bicycle": "no",
        "bridge": "yes",
        "foot": "no",
        "highway": "motorway",
        "horse": "no",
        "lanes": "4",
        "layer": "1",
        "lit": "yes",
        "maxspeed": "120",
        "maxspeed:advisory:lanes": "80|80|120|120",
        "motor_vehicle": "designated",
        "motorcycle": "no",
        "name": "Outer Ring Road",
        "name:hi": "आउटर रिंग रोड",
        "name:te": "ఔటర్ రింగు రోడ్డు",
        "official_name": "Nehru Outer Ring Road",
        "official_name:hi": "नेहरू आउटर रिंग रोड",
        "official_name:te": "నెహ్రూ ఔటర్ రింగ్ రోడ్",
        "oneway": "yes",
        "operator": "Hyderabad Metropolitan Development Authority",
        "ref": "ORR",
        "shoulder": "left",
        "smoothness": "excellent",
        "source": "Esri World Imagery (2023-09-10)",
        "start_date": "2012-12-03",
        "surface": "asphalt",
        "toll": "yes",
        "@geometry": "center"
      },
      "geometry": {
        "type": "Point",
        "coordinates": [
          78.262173,
          17.5465602
        ]
      },
      "id": "way/364313495"
    },
    {
      "type": "Feature",
      "properties": {
        "@id": "way/364313498",
        "bicycle": "no",
        "embankment": "left",
        "foot": "no",
        "highway": "motorway",
        "horse": "no",
        "lanes": "4",
        "lit": "yes",
        "maxspeed": "120",
        "maxspeed:advisory:lanes": "80|80|120|120",
        "motor_vehicle": "designated",
        "motorcycle": "no",
        "name": "Outer Ring Road",
        "name:hi": "आउटर रिंग रोड",
        "name:te": "ఔటర్ రింగు రోడ్డు",
        "official_name": "Nehru Outer Ring Road",
        "official_name:hi": "नेहरू आउटर रिंग रोड",
        "official_name:te": "నెహ్రూ ఔటర్ రింగ్ రోడ్",
        "oneway": "yes",
        "operator": "Hyderabad Metropolitan Development Authority",
        "ref": "ORR",
        "shoulder": "left",
        "smoothness": "excellent",
        "source": "Esri World Imagery (2023-09-10)",
        "start_date": "2012-12-03",
        "surface": "asphalt",
        "toll": "yes",
        "@geometry": "center"
      },
      "geometry": {
        "type": "Point",
        "coordinates": [
          78.2664249,
          17.5476997
        ]
      },
      "id": "way/364313498"
    },
    {
      "type": "Feature",
      "properties": {
        "@id": "way/365052310",
        "bridge": "yes",
        "highway": "tertiary",
        "layer": "1",
        "lit": "yes",
        "@geometry": "center"
      },
      "geometry": {
        "type": "Point",
        "coordinates": [
          78.4526326,
          17.4371072
        ]
      },
      "id": "way/365052310"
    },
    {
      "type": "Feature",
      "properties": {
        "@id": "way/365052311",
        "highway": "tertiary",
        "lanes": "2",
        "lit": "yes",
        "name": "Government school road",
        "surface": "asphalt",
        "@geometry": "center"
      },
      "geometry": {
        "type": "Point",
        "coordinates": [
          78.4525668,
          17.4365396
        ]
      },
      "id": "way/365052311"
    },
    {
      "type": "Feature",
      "properties": {
        "@id": "way/365506532",
        "highway": "primary",
        "lit": "yes",
        "maxspeed": "60",
        "name": "Basheer Bagh Flyover",
        "name:etymology:wikidata": "Q4866790",
        "oneway": "yes",
        "ref": "Old NH7",
        "ref:old": "NH7",
        "@geometry": "center"
      },
      "geometry": {
        "type": "Point",
        "coordinates": [
          78.4749196,
          17.3996251
        ]
      },
      "id": "way/365506532"
    },
    {
      "type": "Feature",
      "properties": {
        "@id": "way/365506533",
        "highway": "primary",
        "lit": "yes",
        "maxspeed": "60",
        "name": "Basheer Bagh Flyover",
        "name:etymology:wikidata": "Q4866790",
        "oneway": "yes",
        "ref": "Old NH7",
        "ref:old": "NH7",
        "@geometry": "center"
      },
      "geometry": {
        "type": "Point",
        "coordinates": [
          78.4750068,
          17.3996152
        ]
      },
      "id": "way/365506533"
    },
    {
      "type": "Feature",
      "properties": {
        "@id": "way/366102904",
        "access": "private",
        "highway": "residential",
        "lit": "yes",
        "@geometry": "center"
      },
      "geometry": {
        "type": "Point",
        "coordinates": [
          78.4518086,
          17.4371044
        ]
      },
      "id": "way/366102904"
    },
    {
      "type": "Feature",
      "properties": {
        "@id": "way/368748996",
        "highway": "residential",
        "lit": "yes",
        "maxspeed:type": "IN:urban",
        "name": "Madhapur Flyover Link",
        "oneway": "no",
        "surface": "concrete",
        "@geometry": "center"
      },
      "geometry": {
        "type": "Point",
        "coordinates": [
          78.3878203,
          17.4443625
        ]
      },
      "id": "way/368748996"
    },
    {
      "type": "Feature",
      "properties": {
        "@id": "way/374405586",
        "access": "private",
        "leisure": "pitch",
        "lit": "yes",
        "sport": "tennis",
        "@geometry": "center"
      },
      "geometry": {
        "type": "Point",
        "coordinates": [
          78.3113214,
          17.4625961
        ]
      },
      "id": "way/374405586"
    },
    {
      "type": "Feature",
      "properties": {
        "@id": "way/375637984",
        "agricultural": "no",
        "alt_name": "Hyderabad Elevated Expressway \"P.V. Narasimha Rao\"",
        "bicycle": "no",
        "bridge": "viaduct",
        "foot": "no",
        "hgv": "no",
        "highway": "motorway",
        "horse": "no",
        "lanes": "2",
        "layer": "1",
        "lit": "yes",
        "maxspeed": "80",
        "motorcar": "designated",
        "motorcycle": "no",
        "name": "P.V. Narasimha Rao Flyover",
        "name:etymology:wikidata": "Q275146",
        "noref": "yes",
        "oneway": "yes",
        "overtaking": "no",
        "shoulder": "no",
        "smoothness": "excellent",
        "source": "Bing (2015-10-17)",
        "surface": "asphalt",
        "@geometry": "center"
      },
      "geometry": {
        "type": "Point",
        "coordinates": [
          78.4273869,
          17.3608079
        ]
      },
      "id": "way/375637984"
    },
    {
      "type": "Feature",
      "properties": {
        "@id": "way/375637985",
        "agricultural": "no",
        "alt_name": "Hyderabad Elevated Expressway \"P.V. Narasimha Rao\"",
        "bicycle": "no",
        "bridge": "viaduct",
        "foot": "no",
        "hgv": "no",
        "highway": "motorway",
        "horse": "no",
        "lanes": "2",
        "layer": "1",
        "lit": "yes",
        "maxspeed": "80",
        "motorcar": "designated",
        "motorcycle": "no",
        "name": "P.V. Narasimha Rao Flyover",
        "name:etymology:wikidata": "Q275146",
        "noref": "yes",
        "oneway": "yes",
        "overtaking": "no",
        "shoulder": "no",
        "smoothness": "excellent",
        "source": "Bing (2015-10-17)",
        "surface": "asphalt",
        "@geometry": "center"
      },
      "geometry": {
        "type": "Point",
        "coordinates": [
          78.4262544,
          17.3365059
        ]
      },
      "id": "way/375637985"
    },
    {
      "type": "Feature",
      "properties": {
        "@id": "way/375637986",
        "agricultural": "no",
        "alt_name": "Hyderabad Elevated Expressway \"P.V. Narasimha Rao\"",
        "bicycle": "no",
        "bridge": "viaduct",
        "foot": "no",
        "hgv": "no",
        "highway": "motorway",
        "horse": "no",
        "lanes": "2",
        "layer": "1",
        "lit": "yes",
        "maxspeed": "80",
        "motorcar": "designated",
        "motorcycle": "no",
        "name": "P.V. Narasimha Rao Flyover",
        "name:etymology:wikidata": "Q275146",
        "noref": "yes",
        "oneway": "yes",
        "overtaking": "no",
        "shoulder": "no",
        "smoothness": "excellent",
        "source": "Bing (2015-10-17)",
        "surface": "asphalt",
        "@geometry": "center"
      },
      "geometry": {
        "type": "Point",
        "coordinates": [
          78.4273189,
          17.3608436
        ]
      },
      "id": "way/375637986"
    },
    {
      "type": "Feature",
      "properties": {
        "@id": "way/375637987",
        "agricultural": "no",
        "alt_name": "Hyderabad Elevated Expressway \"P.V. Narasimha Rao\"",
        "bicycle": "no",
        "bridge": "viaduct",
        "foot": "no",
        "hgv": "no",
        "highway": "motorway",
        "horse": "no",
        "lanes": "2",
        "layer": "1",
        "lit": "yes",
        "maxspeed": "80",
        "motorcar": "designated",
        "motorcycle": "no",
        "name": "P.V. Narasimha Rao Flyover",
        "name:etymology:wikidata": "Q275146",
        "noref": "yes",
        "oneway": "yes",
        "overtaking": "no",
        "shoulder": "no",
        "smoothness": "excellent",
        "source": "Bing (2015-10-17)",
        "surface": "asphalt",
        "@geometry": "center"
      },
      "geometry": {
        "type": "Point",
        "coordinates": [
          78.4263301,
          17.3365254
        ]
      },
      "id": "way/375637987"
    },
    {
      "type": "Feature",
      "properties": {
        "@id": "way/375637988",
        "agricultural": "no",
        "alt_name": "Hyderabad Elevated Expressway \"P.V. Narasimha Rao\"",
        "bicycle": "no",
        "bridge": "viaduct",
        "foot": "no",
        "hgv": "no",
        "highway": "motorway",
        "horse": "no",
        "lanes": "2",
        "layer": "1",
        "lit": "yes",
        "maxspeed": "80",
        "motorcar": "designated",
        "motorcycle": "no",
        "name": "P.V. Narasimha Rao Flyover",
        "name:etymology:wikidata": "Q275146",
        "noref": "yes",
        "oneway": "yes",
        "overtaking": "no",
        "shoulder": "no",
        "smoothness": "excellent",
        "source": "Bing (2015-10-17)",
        "surface": "asphalt",
        "@geometry": "center"
      },
      "geometry": {
        "type": "Point",
        "coordinates": [
          78.4232246,
          17.3415533
        ]
      },
      "id": "way/375637988"
    },
    {
      "type": "Feature",
      "properties": {
        "@id": "way/375637989",
        "agricultural": "no",
        "alt_name": "Hyderabad Elevated Expressway \"P.V. Narasimha Rao\"",
        "bicycle": "no",
        "bridge": "viaduct",
        "foot": "no",
        "hgv": "no",
        "highway": "motorway",
        "horse": "no",
        "lanes": "2",
        "layer": "1",
        "lit": "yes",
        "maxspeed": "80",
        "motorcar": "designated",
        "motorcycle": "no",
        "name": "P.V. Narasimha Rao Flyover",
        "name:etymology:wikidata": "Q275146",
        "noref": "yes",
        "oneway": "yes",
        "overtaking": "no",
        "shoulder": "no",
        "smoothness": "excellent",
        "source": "Bing (2015-10-17)",
        "surface": "asphalt",
        "@geometry": "center"
      },
      "geometry": {
        "type": "Point",
        "coordinates": [
          78.4179612,
          17.351906
        ]
      },
      "id": "way/375637989"
    },
    {
      "type": "Feature",
      "properties": {
        "@id": "way/375637990",
        "agricultural": "no",
        "alt_name": "Hyderabad Elevated Expressway \"P.V. Narasimha Rao\"",
        "bicycle": "no",
        "bridge": "viaduct",
        "foot": "no",
        "hgv": "no",
        "highway": "motorway",
        "horse": "no",
        "lanes": "2",
        "layer": "1",
        "lit": "yes",
        "maxspeed": "80",
        "motorcar": "designated",
        "motorcycle": "no",
        "name": "P.V. Narasimha Rao Flyover",
        "name:etymology:wikidata": "Q275146",
        "noref": "yes",
        "oneway": "yes",
        "overtaking": "no",
        "shoulder": "no",
        "smoothness": "excellent",
        "source": "Bing (2015-10-17)",
        "surface": "asphalt",
        "@geometry": "center"
      },
      "geometry": {
        "type": "Point",
        "coordinates": [
          78.418025,
          17.3518627
        ]
      },
      "id": "way/375637990"
    },
    {
      "type": "Feature",
      "properties": {
        "@id": "way/375637991",
        "agricultural": "no",
        "alt_name": "Hyderabad Elevated Expressway \"P.V. Narasimha Rao\"",
        "bicycle": "no",
        "bridge": "viaduct",
        "foot": "no",
        "hgv": "no",
        "highway": "motorway",
        "horse": "no",
        "lanes": "2",
        "layer": "1",
        "lit": "yes",
        "maxspeed": "80",
        "motorcar": "designated",
        "motorcycle": "no",
        "name": "P.V. Narasimha Rao Flyover",
        "name:etymology:wikidata": "Q275146",
        "noref": "yes",
        "oneway": "yes",
        "overtaking": "no",
        "shoulder": "no",
        "smoothness": "excellent",
        "source": "Bing (2015-10-17)",
        "surface": "asphalt",
        "@geometry": "center"
      },
      "geometry": {
        "type": "Point",
        "coordinates": [
          78.4231822,
          17.3414952
        ]
      },
      "id": "way/375637991"
    },
    {
      "type": "Feature",
      "properties": {
        "@id": "way/375637992",
        "agricultural": "no",
        "bicycle": "no",
        "embankment": "yes",
        "foot": "no",
        "hgv": "no",
        "highway": "motorway_link",
        "horse": "no",
        "lanes": "1",
        "lit": "yes",
        "maxspeed": "40",
        "motorcar": "designated",
        "motorcycle": "no",
        "name": "Flyover",
        "oneway": "yes",
        "shoulder": "no",
        "smoothness": "excellent",
        "source": "Esri World Imagery (2023-08-31)",
        "surface": "asphalt",
        "@geometry": "center"
      },
      "geometry": {
        "type": "Point",
        "coordinates": [
          78.4178615,
          17.3515702
        ]
      },
      "id": "way/375637992"
    },
    {
      "type": "Feature",
      "properties": {
        "@id": "way/375637993",
        "agricultural": "no",
        "bicycle": "no",
        "embankment": "yes",
        "foot": "no",
        "hgv": "no",
        "highway": "motorway_link",
        "horse": "no",
        "lanes": "1",
        "lit": "yes",
        "maxspeed": "40",
        "motorcar": "designated",
        "motorcycle": "no",
        "name": "Flyover",
        "oneway": "yes",
        "shoulder": "no",
        "smoothness": "excellent",
        "source": "Esri World Imagery (2023-08-31)",
        "surface": "asphalt",
        "@geometry": "center"
      },
      "geometry": {
        "type": "Point",
        "coordinates": [
          78.4176514,
          17.3516759
        ]
      },
      "id": "way/375637993"
    },
    {
      "type": "Feature",
      "properties": {
        "@id": "way/375637994",
        "agricultural": "no",
        "alt_name": "Hyderabad Elevated Expressway \"P.V. Narasimha Rao\"",
        "bicycle": "no",
        "bridge": "viaduct",
        "foot": "no",
        "hgv": "no",
        "highway": "motorway",
        "horse": "no",
        "lanes": "2",
        "layer": "1",
        "lit": "yes",
        "maxspeed": "80",
        "motorcar": "designated",
        "motorcycle": "no",
        "name": "P.V. Narasimha Rao Flyover",
        "name:etymology:wikidata": "Q275146",
        "noref": "yes",
        "oneway": "yes",
        "overtaking": "no",
        "shoulder": "no",
        "smoothness": "excellent",
        "source": "Bing (2015-10-17)",
        "surface": "asphalt",
        "@geometry": "center"
      },
      "geometry": {
        "type": "Point",
        "coordinates": [
          78.4309417,
          17.3218285
        ]
      },
      "id": "way/375637994"
    },
    {
      "type": "Feature",
      "properties": {
        "@id": "way/375637995",
        "agricultural": "no",
        "alt_name": "Hyderabad Elevated Expressway \"P.V. Narasimha Rao\"",
        "bicycle": "no",
        "bridge": "viaduct",
        "foot": "no",
        "hgv": "no",
        "highway": "motorway",
        "horse": "no",
        "lanes": "2",
        "layer": "1",
        "lit": "yes",
        "maxspeed": "80",
        "motorcar": "designated",
        "motorcycle": "no",
        "name": "P.V. Narasimha Rao Flyover",
        "name:etymology:wikidata": "Q275146",
        "noref": "yes",
        "oneway": "yes",
        "overtaking": "no",
        "shoulder": "no",
        "smoothness": "excellent",
        "source": "Bing (2015-10-17)",
        "surface": "asphalt",
        "@geometry": "center"
      },
      "geometry": {
        "type": "Point",
        "coordinates": [
          78.4257485,
          17.3276664
        ]
      },
      "id": "way/375637995"
    },
    {
      "type": "Feature",
      "properties": {
        "@id": "way/375637996",
        "agricultural": "no",
        "alt_name": "Hyderabad Elevated Expressway \"P.V. Narasimha Rao\"",
        "bicycle": "no",
        "bridge": "viaduct",
        "foot": "no",
        "hgv": "no",
        "highway": "motorway",
        "horse": "no",
        "lanes": "2",
        "layer": "1",
        "lit": "yes",
        "maxspeed": "80",
        "motorcar": "designated",
        "motorcycle": "no",
        "name": "P.V. Narasimha Rao Flyover",
        "name:etymology:wikidata": "Q275146",
        "noref": "yes",
        "oneway": "yes",
        "overtaking": "no",
        "shoulder": "no",
        "smoothness": "excellent",
        "source": "Bing (2015-10-17)",
        "surface": "asphalt",
        "@geometry": "center"
      },
      "geometry": {
        "type": "Point",
        "coordinates": [
          78.425813,
          17.3276889
        ]
      },
      "id": "way/375637996"
    },
    {
      "type": "Feature",
      "properties": {
        "@id": "way/375637997",
        "agricultural": "no",
        "alt_name": "Hyderabad Elevated Expressway \"P.V. Narasimha Rao\"",
        "bicycle": "no",
        "bridge": "viaduct",
        "foot": "no",
        "hgv": "no",
        "highway": "motorway",
        "horse": "no",
        "lanes": "2",
        "layer": "1",
        "lit": "yes",
        "maxspeed": "80",
        "motorcar": "designated",
        "motorcycle": "no",
        "name": "P.V. Narasimha Rao Flyover",
        "name:etymology:wikidata": "Q275146",
        "noref": "yes",
        "oneway": "yes",
        "overtaking": "no",
        "shoulder": "no",
        "smoothness": "excellent",
        "source": "Bing (2015-10-17)",
        "surface": "asphalt",
        "@geometry": "center"
      },
      "geometry": {
        "type": "Point",
        "coordinates": [
          78.4310019,
          17.3218235
        ]
      },
      "id": "way/375637997"
    },
    {
      "type": "Feature",
      "properties": {
        "@id": "way/375637998",
        "agricultural": "no",
        "alt_name": "Hyderabad Elevated Expressway \"P.V. Narasimha Rao\"",
        "bicycle": "no",
        "bridge": "viaduct",
        "foot": "no",
        "hgv": "no",
        "highway": "motorway",
        "horse": "no",
        "lanes": "2",
        "layer": "1",
        "lit": "yes",
        "maxspeed": "80",
        "motorcar": "designated",
        "motorcycle": "no",
        "name": "P.V. Narasimha Rao Flyover",
        "name:etymology:wikidata": "Q275146",
        "noref": "yes",
        "oneway": "yes",
        "overtaking": "no",
        "shoulder": "no",
        "smoothness": "excellent",
        "source": "Bing (2015-10-17)",
        "surface": "asphalt",
        "@geometry": "center"
      },
      "geometry": {
        "type": "Point",
        "coordinates": [
          78.4427683,
          17.3971186
        ]
      },
      "id": "way/375637998"
    },
    {
      "type": "Feature",
      "properties": {
        "@id": "way/375637999",
        "agricultural": "no",
        "alt_name": "Hyderabad Elevated Expressway \"P.V. Narasimha Rao\"",
        "bicycle": "no",
        "bridge": "viaduct",
        "foot": "no",
        "hgv": "no",
        "highway": "motorway",
        "horse": "no",
        "lanes": "2",
        "layer": "1",
        "lit": "yes",
        "maxspeed": "80",
        "motorcar": "designated",
        "motorcycle": "no",
        "name": "P.V. Narasimha Rao Flyover",
        "name:etymology:wikidata": "Q275146",
        "noref": "yes",
        "oneway": "yes",
        "overtaking": "no",
        "shoulder": "no",
        "smoothness": "excellent",
        "source": "Bing (2015-10-17)",
        "surface": "asphalt",
        "@geometry": "center"
      },
      "geometry": {
        "type": "Point",
        "coordinates": [
          78.442807,
          17.3970537
        ]
      },
      "id": "way/375637999"
    },
    {
      "type": "Feature",
      "properties": {
        "@id": "way/375638000",
        "agricultural": "no",
        "alt_name": "Hyderabad Elevated Expressway \"P.V. Narasimha Rao\"",
        "bicycle": "no",
        "bridge": "viaduct",
        "foot": "no",
        "hgv": "no",
        "highway": "motorway",
        "horse": "no",
        "lanes": "2",
        "layer": "1",
        "lit": "yes",
        "maxspeed": "80",
        "motorcar": "designated",
        "motorcycle": "no",
        "name": "P.V. Narasimha Rao Flyover",
        "name:etymology:wikidata": "Q275146",
        "noref": "yes",
        "oneway": "yes",
        "overtaking": "no",
        "shoulder": "no",
        "smoothness": "excellent",
        "source": "Bing (2015-10-17)",
        "surface": "asphalt",
        "@geometry": "center"
      },
      "geometry": {
        "type": "Point",
        "coordinates": [
          78.44122,
          17.3954359
        ]
      },
      "id": "way/375638000"
    },
    {
      "type": "Feature",
      "properties": {
        "@id": "way/375638001",
        "agricultural": "no",
        "alt_name": "Hyderabad Elevated Expressway \"P.V. Narasimha Rao\"",
        "bicycle": "no",
        "bridge": "viaduct",
        "foot": "no",
        "hgv": "no",
        "highway": "motorway",
        "horse": "no",
        "lanes": "2",
        "layer": "1",
        "lit": "yes",
        "maxspeed": "80",
        "motorcar": "designated",
        "motorcycle": "no",
        "name": "P.V. Narasimha Rao Flyover",
        "name:etymology:wikidata": "Q275146",
        "noref": "yes",
        "oneway": "yes",
        "overtaking": "no",
        "shoulder": "no",
        "smoothness": "excellent",
        "source": "Bing (2015-10-17)",
        "surface": "asphalt",
        "@geometry": "center"
      },
      "geometry": {
        "type": "Point",
        "coordinates": [
          78.4266615,
          17.3343848
        ]
      },
      "id": "way/375638001"
    },
    {
      "type": "Feature",
      "properties": {
        "@id": "way/375638002",
        "agricultural": "no",
        "alt_name": "Hyderabad Elevated Expressway \"P.V. Narasimha Rao\"",
        "bicycle": "no",
        "bridge": "viaduct",
        "foot": "no",
        "hgv": "no",
        "highway": "motorway",
        "horse": "no",
        "lanes": "2",
        "layer": "1",
        "lit": "yes",
        "maxspeed": "80",
        "motorcar": "designated",
        "motorcycle": "no",
        "name": "P.V. Narasimha Rao Flyover",
        "name:etymology:wikidata": "Q275146",
        "noref": "yes",
        "oneway": "yes",
        "overtaking": "no",
        "shoulder": "no",
        "smoothness": "excellent",
        "source": "Bing (2015-10-17)",
        "surface": "asphalt",
        "@geometry": "center"
      },
      "geometry": {
        "type": "Point",
        "coordinates": [
          78.4265826,
          17.3343808
        ]
      },
      "id": "way/375638002"
    },
    {
      "type": "Feature",
      "properties": {
        "@id": "way/375638003",
        "agricultural": "no",
        "alt_name": "Hyderabad Elevated Expressway \"P.V. Narasimha Rao\"",
        "bicycle": "no",
        "bridge": "viaduct",
        "foot": "no",
        "hgv": "no",
        "highway": "motorway",
        "horse": "no",
        "lanes": "2",
        "layer": "1",
        "lit": "yes",
        "maxspeed": "80",
        "motorcar": "designated",
        "motorcycle": "no",
        "name": "P.V. Narasimha Rao Flyover",
        "name:etymology:wikidata": "Q275146",
        "noref": "yes",
        "oneway": "yes",
        "overtaking": "no",
        "shoulder": "no",
        "smoothness": "excellent",
        "source": "Bing (2015-10-17)",
        "surface": "asphalt",
        "@geometry": "center"
      },
      "geometry": {
        "type": "Point",
        "coordinates": [
          78.4412238,
          17.3955194
        ]
      },
      "id": "way/375638003"
    },
    {
      "type": "Feature",
      "properties": {
        "@id": "way/375638006",
        "agricultural": "no",
        "alt_name": "Hyderabad Elevated Expressway \"P.V. Narasimha Rao\"",
        "bicycle": "no",
        "bridge": "viaduct",
        "foot": "no",
        "hgv": "no",
        "highway": "motorway",
        "horse": "no",
        "lanes": "2",
        "layer": "1",
        "lit": "yes",
        "maxspeed": "80",
        "motorcar": "designated",
        "motorcycle": "no",
        "name": "P.V. Narasimha Rao Flyover",
        "name:etymology:wikidata": "Q275146",
        "noref": "yes",
        "oneway": "yes",
        "overtaking": "no",
        "shoulder": "no",
        "smoothness": "excellent",
        "source": "Bing (2015-10-17)",
        "surface": "asphalt",
        "@geometry": "center"
      },
      "geometry": {
        "type": "Point",
        "coordinates": [
          78.4292688,
          17.3719267
        ]
      },
      "id": "way/375638006"
    },
    {
      "type": "Feature",
      "properties": {
        "@id": "way/375638007",
        "agricultural": "no",
        "alt_name": "Hyderabad Elevated Expressway \"P.V. Narasimha Rao\"",
        "bicycle": "no",
        "bridge": "viaduct",
        "foot": "no",
        "hgv": "no",
        "highway": "motorway",
        "horse": "no",
        "lanes": "2",
        "layer": "1",
        "lit": "yes",
        "maxspeed": "80",
        "motorcar": "designated",
        "motorcycle": "no",
        "name": "P.V. Narasimha Rao Flyover",
        "name:etymology:wikidata": "Q275146",
        "noref": "yes",
        "oneway": "yes",
        "overtaking": "no",
        "shoulder": "no",
        "smoothness": "excellent",
        "source": "Bing (2015-10-17)",
        "surface": "asphalt",
        "@geometry": "center"
      },
      "geometry": {
        "type": "Point",
        "coordinates": [
          78.4291883,
          17.3719274
        ]
      },
      "id": "way/375638007"
    },
    {
      "type": "Feature",
      "properties": {
        "@id": "way/375638008",
        "agricultural": "no",
        "alt_name": "Hyderabad Elevated Expressway \"P.V. Narasimha Rao\"",
        "bicycle": "no",
        "bridge": "viaduct",
        "foot": "no",
        "hgv": "no",
        "highway": "motorway",
        "horse": "no",
        "lanes": "2",
        "layer": "1",
        "lit": "yes",
        "maxspeed": "80",
        "motorcar": "designated",
        "motorcycle": "no",
        "name": "P.V. Narasimha Rao Flyover",
        "name:etymology:wikidata": "Q275146",
        "noref": "yes",
        "oneway": "yes",
        "overtaking": "no",
        "shoulder": "no",
        "smoothness": "excellent",
        "source": "Bing (2015-10-17)",
        "surface": "asphalt",
        "@geometry": "center"
      },
      "geometry": {
        "type": "Point",
        "coordinates": [
          78.4169063,
          17.344828
        ]
      },
      "id": "way/375638008"
    },
    {
      "type": "Feature",
      "properties": {
        "@id": "way/375638009",
        "agricultural": "no",
        "alt_name": "Hyderabad Elevated Expressway \"P.V. Narasimha Rao\"",
        "bicycle": "no",
        "bridge": "viaduct",
        "foot": "no",
        "hgv": "no",
        "highway": "motorway",
        "horse": "no",
        "lanes": "2",
        "layer": "1",
        "lit": "yes",
        "maxspeed": "80",
        "motorcar": "designated",
        "motorcycle": "no",
        "name": "P.V. Narasimha Rao Flyover",
        "name:etymology:wikidata": "Q275146",
        "noref": "yes",
        "oneway": "yes",
        "overtaking": "no",
        "shoulder": "no",
        "smoothness": "excellent",
        "source": "Bing (2015-10-17)",
        "surface": "asphalt",
        "@geometry": "center"
      },
      "geometry": {
        "type": "Point",
        "coordinates": [
          78.4169605,
          17.3448507
        ]
      },
      "id": "way/375638009"
    },
    {
      "type": "Feature",
      "properties": {
        "@id": "way/375638010",
        "agricultural": "no",
        "alt_name": "Hyderabad Elevated Expressway \"P.V. Narasimha Rao\"",
        "bicycle": "no",
        "bridge": "viaduct",
        "foot": "no",
        "hgv": "no",
        "highway": "motorway",
        "horse": "no",
        "lanes": "2",
        "layer": "1",
        "lit": "yes",
        "maxspeed": "80",
        "motorcar": "designated",
        "motorcycle": "no",
        "name": "P.V. Narasimha Rao Flyover",
        "name:etymology:wikidata": "Q275146",
        "noref": "yes",
        "oneway": "yes",
        "overtaking": "no",
        "shoulder": "no",
        "smoothness": "excellent",
        "source": "Bing (2015-10-17)",
        "surface": "asphalt",
        "@geometry": "center"
      },
      "geometry": {
        "type": "Point",
        "coordinates": [
          78.436373,
          17.3950035
        ]
      },
      "id": "way/375638010"
    },
    {
      "type": "Feature",
      "properties": {
        "@id": "way/375638011",
        "agricultural": "no",
        "alt_name": "Hyderabad Elevated Expressway \"P.V. Narasimha Rao\"",
        "bicycle": "no",
        "bridge": "viaduct",
        "foot": "no",
        "hgv": "no",
        "highway": "motorway",
        "horse": "no",
        "lanes": "2",
        "layer": "1",
        "lit": "yes",
        "maxspeed": "80",
        "motorcar": "designated",
        "motorcycle": "no",
        "name": "P.V. Narasimha Rao Flyover",
        "name:etymology:wikidata": "Q275146",
        "noref": "yes",
        "oneway": "yes",
        "overtaking": "no",
        "shoulder": "no",
        "smoothness": "excellent",
        "source": "Bing (2015-10-17)",
        "surface": "asphalt",
        "@geometry": "center"
      },
      "geometry": {
        "type": "Point",
        "coordinates": [
          78.426256,
          17.3307423
        ]
      },
      "id": "way/375638011"
    },
    {
      "type": "Feature",
      "properties": {
        "@id": "way/375638012",
        "agricultural": "no",
        "alt_name": "Hyderabad Elevated Expressway \"P.V. Narasimha Rao\"",
        "bicycle": "no",
        "bridge": "viaduct",
        "foot": "no",
        "hgv": "no",
        "highway": "motorway",
        "horse": "no",
        "lanes": "2",
        "layer": "1",
        "lit": "yes",
        "maxspeed": "80",
        "motorcar": "designated",
        "motorcycle": "no",
        "name": "P.V. Narasimha Rao Flyover",
        "name:etymology:wikidata": "Q275146",
        "noref": "yes",
        "oneway": "yes",
        "overtaking": "no",
        "shoulder": "no",
        "smoothness": "excellent",
        "source": "Bing (2015-10-17)",
        "surface": "asphalt",
        "@geometry": "center"
      },
      "geometry": {
        "type": "Point",
        "coordinates": [
          78.4363681,
          17.395089
        ]
      },
      "id": "way/375638012"
    },
    {
      "type": "Feature",
      "properties": {
        "@id": "way/375638013",
        "agricultural": "no",
        "alt_name": "Hyderabad Elevated Expressway \"P.V. Narasimha Rao\"",
        "bicycle": "no",
        "bridge": "viaduct",
        "foot": "no",
        "hgv": "no",
        "highway": "motorway",
        "horse": "no",
        "lanes": "2",
        "layer": "1",
        "lit": "yes",
        "maxspeed": "80",
        "motorcar": "designated",
        "motorcycle": "no",
        "name": "P.V. Narasimha Rao Flyover",
        "name:etymology:wikidata": "Q275146",
        "noref": "yes",
        "oneway": "yes",
        "overtaking": "no",
        "shoulder": "no",
        "smoothness": "excellent",
        "source": "Bing (2015-10-17)",
        "surface": "asphalt",
        "@geometry": "center"
      },
      "geometry": {
        "type": "Point",
        "coordinates": [
          78.4261808,
          17.3307635
        ]
      },
      "id": "way/375638013"
    },
    {
      "type": "Feature",
      "properties": {
        "@id": "way/375638015",
        "agricultural": "no",
        "alt_name": "Hyderabad Elevated Expressway \"P.V. Narasimha Rao\"",
        "bicycle": "no",
        "bridge": "viaduct",
        "foot": "no",
        "hgv": "no",
        "highway": "motorway",
        "horse": "no",
        "lanes": "2",
        "layer": "1",
        "lit": "yes",
        "maxspeed": "80",
        "motorcar": "designated",
        "motorcycle": "no",
        "name": "P.V. Narasimha Rao Flyover",
        "name:etymology:wikidata": "Q275146",
        "noref": "yes",
        "oneway": "yes",
        "overtaking": "no",
        "shoulder": "no",
        "smoothness": "excellent",
        "source": "Bing (2015-10-17)",
        "surface": "asphalt",
        "@geometry": "center"
      },
      "geometry": {
        "type": "Point",
        "coordinates": [
          78.429389,
          17.3808962
        ]
      },
      "id": "way/375638015"
    },
    {
      "type": "Feature",
      "properties": {
        "@id": "way/375638016",
        "agricultural": "no",
        "alt_name": "Hyderabad Elevated Expressway \"P.V. Narasimha Rao\"",
        "bicycle": "no",
        "foot": "no",
        "hgv": "no",
        "highway": "motorway",
        "horse": "no",
        "lanes": "2",
        "lit": "yes",
        "maxspeed": "80",
        "motorcar": "designated",
        "motorcycle": "no",
        "name": "P.V. Narasimha Rao Flyover",
        "name:etymology:wikidata": "Q275146",
        "noref": "yes",
        "oneway": "yes",
        "shoulder": "no",
        "smoothness": "excellent",
        "source": "Bing (2015-10-17)",
        "surface": "asphalt",
        "@geometry": "center"
      },
      "geometry": {
        "type": "Point",
        "coordinates": [
          78.4290186,
          17.3197435
        ]
      },
      "id": "way/375638016"
    },
    {
      "type": "Feature",
      "properties": {
        "@id": "way/375638017",
        "agricultural": "no",
        "alt_name": "Hyderabad Elevated Expressway \"P.V. Narasimha Rao\"",
        "bicycle": "no",
        "foot": "no",
        "hgv": "no",
        "highway": "motorway",
        "horse": "no",
        "lanes": "2",
        "lit": "yes",
        "maxspeed": "80",
        "motorcar": "designated",
        "motorcycle": "no",
        "name": "P.V. Narasimha Rao Flyover",
        "name:etymology:wikidata": "Q275146",
        "noref": "yes",
        "oneway": "yes",
        "shoulder": "no",
        "smoothness": "excellent",
        "source": "Bing (2015-10-17)",
        "surface": "asphalt",
        "@geometry": "center"
      },
      "geometry": {
        "type": "Point",
        "coordinates": [
          78.4439388,
          17.3985261
        ]
      },
      "id": "way/375638017"
    },
    {
      "type": "Feature",
      "properties": {
        "@id": "way/375638018",
        "agricultural": "no",
        "alt_name": "Hyderabad Elevated Expressway \"P.V. Narasimha Rao\"",
        "bicycle": "no",
        "bridge": "viaduct",
        "foot": "no",
        "hgv": "no",
        "highway": "motorway",
        "horse": "no",
        "lanes": "2",
        "layer": "1",
        "lit": "yes",
        "maxspeed": "80",
        "motorcar": "designated",
        "motorcycle": "no",
        "name": "P.V. Narasimha Rao Flyover",
        "name:etymology:wikidata": "Q275146",
        "noref": "yes",
        "oneway": "yes",
        "overtaking": "no",
        "shoulder": "no",
        "smoothness": "excellent",
        "source": "Bing (2015-10-17)",
        "surface": "asphalt",
        "@geometry": "center"
      },
      "geometry": {
        "type": "Point",
        "coordinates": [
          78.428394,
          17.3243499
        ]
      },
      "id": "way/375638018"
    },
    {
      "type": "Feature",
      "properties": {
        "@id": "way/375638019",
        "agricultural": "no",
        "alt_name": "Hyderabad Elevated Expressway \"P.V. Narasimha Rao\"",
        "bicycle": "no",
        "bridge": "viaduct",
        "foot": "no",
        "hgv": "no",
        "highway": "motorway",
        "horse": "no",
        "lanes": "2",
        "layer": "1",
        "lit": "yes",
        "maxspeed": "80",
        "motorcar": "designated",
        "motorcycle": "no",
        "name": "P.V. Narasimha Rao Flyover",
        "name:etymology:wikidata": "Q275146",
        "noref": "yes",
        "oneway": "yes",
        "overtaking": "no",
        "shoulder": "no",
        "smoothness": "excellent",
        "source": "Bing (2015-10-17)",
        "surface": "asphalt",
        "@geometry": "center"
      },
      "geometry": {
        "type": "Point",
        "coordinates": [
          78.4284443,
          17.3244125
        ]
      },
      "id": "way/375638019"
    },
    {
      "type": "Feature",
      "properties": {
        "@id": "way/375638020",
        "agricultural": "no",
        "alt_name": "Hyderabad Elevated Expressway \"P.V. Narasimha Rao\"",
        "bicycle": "no",
        "foot": "no",
        "hgv": "no",
        "highway": "motorway",
        "horse": "no",
        "lanes": "2",
        "lit": "yes",
        "maxspeed": "80",
        "motorcar": "designated",
        "motorcycle": "no",
        "name": "P.V. Narasimha Rao Flyover",
        "name:etymology:wikidata": "Q275146",
        "noref": "yes",
        "oneway": "yes",
        "shoulder": "no",
        "smoothness": "excellent",
        "source": "Bing (2015-10-17)",
        "surface": "asphalt",
        "@geometry": "center"
      },
      "geometry": {
        "type": "Point",
        "coordinates": [
          78.4439872,
          17.3984561
        ]
      },
      "id": "way/375638020"
    },
    {
      "type": "Feature",
      "properties": {
        "@id": "way/375638021",
        "agricultural": "no",
        "alt_name": "Hyderabad Elevated Expressway \"P.V. Narasimha Rao\"",
        "bicycle": "no",
        "bridge": "viaduct",
        "foot": "no",
        "hgv": "no",
        "highway": "motorway",
        "horse": "no",
        "lanes": "2",
        "layer": "1",
        "lit": "yes",
        "maxspeed": "80",
        "motorcar": "designated",
        "motorcycle": "no",
        "name": "P.V. Narasimha Rao Flyover",
        "name:etymology:wikidata": "Q275146",
        "noref": "yes",
        "oneway": "yes",
        "overtaking": "no",
        "shoulder": "no",
        "smoothness": "excellent",
        "source": "Bing (2015-10-17)",
        "surface": "asphalt",
        "@geometry": "center"
      },
      "geometry": {
        "type": "Point",
        "coordinates": [
          78.4299438,
          17.3204364
        ]
      },
      "id": "way/375638021"
    },
    {
      "type": "Feature",
      "properties": {
        "@id": "way/375638022",
        "agricultural": "no",
        "alt_name": "Hyderabad Elevated Expressway \"P.V. Narasimha Rao\"",
        "bicycle": "no",
        "bridge": "viaduct",
        "foot": "no",
        "hgv": "no",
        "highway": "motorway",
        "horse": "no",
        "lanes": "2",
        "layer": "1",
        "lit": "yes",
        "maxspeed": "80",
        "motorcar": "designated",
        "motorcycle": "no",
        "name": "P.V. Narasimha Rao Flyover",
        "name:etymology:wikidata": "Q275146",
        "noref": "yes",
        "oneway": "yes",
        "overtaking": "no",
        "shoulder": "no",
        "smoothness": "excellent",
        "source": "Bing (2015-10-17)",
        "surface": "asphalt",
        "@geometry": "center"
      },
      "geometry": {
        "type": "Point",
        "coordinates": [
          78.4267169,
          17.3326485
        ]
      },
      "id": "way/375638022"
    },
    {
      "type": "Feature",
      "properties": {
        "@id": "way/375638023",
        "agricultural": "no",
        "bicycle": "no",
        "bridge": "viaduct",
        "foot": "no",
        "hgv": "no",
        "highway": "motorway_link",
        "horse": "no",
        "lanes": "1",
        "layer": "1",
        "lit": "yes",
        "maxspeed": "40",
        "motorcar": "designated",
        "motorcycle": "no",
        "name": "Flyover",
        "oneway": "yes",
        "shoulder": "no",
        "smoothness": "excellent",
        "source": "Esri World Imagery (2023-08-29)",
        "surface": "asphalt",
        "@geometry": "center"
      },
      "geometry": {
        "type": "Point",
        "coordinates": [
          78.4272014,
          17.3253908
        ]
      },
      "id": "way/375638023"
    },
    {
      "type": "Feature",
      "properties": {
        "@id": "way/375638024",
        "agricultural": "no",
        "alt_name": "Hyderabad Elevated Expressway \"P.V. Narasimha Rao\"",
        "bicycle": "no",
        "bridge": "viaduct",
        "foot": "no",
        "hgv": "no",
        "highway": "motorway",
        "horse": "no",
        "lanes": "2",
        "layer": "1",
        "lit": "yes",
        "maxspeed": "80",
        "motorcar": "designated",
        "motorcycle": "no",
        "name": "P.V. Narasimha Rao Flyover",
        "name:etymology:wikidata": "Q275146",
        "noref": "yes",
        "oneway": "yes",
        "overtaking": "no",
        "shoulder": "no",
        "smoothness": "excellent",
        "source": "Bing (2015-10-17)",
        "surface": "asphalt",
        "@geometry": "center"
      },
      "geometry": {
        "type": "Point",
        "coordinates": [
          78.4250382,
          17.3391856
        ]
      },
      "id": "way/375638024"
    },
    {
      "type": "Feature",
      "properties": {
        "@id": "way/375638025",
        "agricultural": "no",
        "alt_name": "Hyderabad Elevated Expressway \"P.V. Narasimha Rao\"",
        "bicycle": "no",
        "bridge": "viaduct",
        "foot": "no",
        "hgv": "no",
        "highway": "motorway",
        "horse": "no",
        "lanes": "2",
        "layer": "1",
        "lit": "yes",
        "maxspeed": "80",
        "motorcar": "designated",
        "motorcycle": "no",
        "name": "P.V. Narasimha Rao Flyover",
        "name:etymology:wikidata": "Q275146",
        "noref": "yes",
        "oneway": "yes",
        "overtaking": "no",
        "shoulder": "no",
        "smoothness": "excellent",
        "source": "Bing (2015-10-17)",
        "surface": "asphalt",
        "@geometry": "center"
      },
      "geometry": {
        "type": "Point",
        "coordinates": [
          78.4249693,
          17.3391473
        ]
      },
      "id": "way/375638025"
    },
    {
      "type": "Feature",
      "properties": {
        "@id": "way/375638026",
        "agricultural": "no",
        "bicycle": "no",
        "bridge": "viaduct",
        "foot": "no",
        "hgv": "no",
        "highway": "motorway_link",
        "horse": "no",
        "lanes": "1",
        "layer": "1",
        "lit": "yes",
        "maxspeed": "40",
        "motorcar": "designated",
        "motorcycle": "no",
        "name": "Flyover",
        "oneway": "yes",
        "shoulder": "no",
        "smoothness": "excellent",
        "source": "Esri World Imagery (2023-08-29)",
        "surface": "asphalt",
        "@geometry": "center"
      },
      "geometry": {
        "type": "Point",
        "coordinates": [
          78.4270995,
          17.325262
        ]
      },
      "id": "way/375638026"
    },
    {
      "type": "Feature",
      "properties": {
        "@id": "way/375638027",
        "agricultural": "no",
        "alt_name": "Hyderabad Elevated Expressway \"P.V. Narasimha Rao\"",
        "bicycle": "no",
        "bridge": "viaduct",
        "foot": "no",
        "hgv": "no",
        "highway": "motorway",
        "horse": "no",
        "lanes": "2",
        "layer": "1",
        "lit": "yes",
        "maxspeed": "80",
        "motorcar": "designated",
        "motorcycle": "no",
        "name": "P.V. Narasimha Rao Flyover",
        "name:etymology:wikidata": "Q275146",
        "noref": "yes",
        "oneway": "yes",
        "overtaking": "no",
        "shoulder": "no",
        "smoothness": "excellent",
        "source": "Bing (2015-10-17)",
        "surface": "asphalt",
        "@geometry": "center"
      },
      "geometry": {
        "type": "Point",
        "coordinates": [
          78.4266384,
          17.332658
        ]
      },
      "id": "way/375638027"
    },
    {
      "type": "Feature",
      "properties": {
        "@id": "way/375638032",
        "agricultural": "no",
        "alt_name": "Hyderabad Elevated Expressway \"P.V. Narasimha Rao\"",
        "bicycle": "no",
        "bridge": "viaduct",
        "foot": "no",
        "hgv": "no",
        "highway": "motorway",
        "horse": "no",
        "lanes": "2",
        "layer": "1",
        "lit": "yes",
        "maxspeed": "80",
        "motorcar": "designated",
        "motorcycle": "no",
        "name": "P.V. Narasimha Rao Flyover",
        "name:etymology:wikidata": "Q275146",
        "noref": "yes",
        "oneway": "yes",
        "overtaking": "no",
        "shoulder": "no",
        "smoothness": "excellent",
        "source": "Bing (2015-10-17)",
        "surface": "asphalt",
        "@geometry": "center"
      },
      "geometry": {
        "type": "Point",
        "coordinates": [
          78.4298966,
          17.3205008
        ]
      },
      "id": "way/375638032"
    },
    {
      "type": "Feature",
      "properties": {
        "@id": "way/375638038",
        "agricultural": "no",
        "alt_name": "Hyderabad Elevated Expressway \"P.V. Narasimha Rao\"",
        "bicycle": "no",
        "bridge": "viaduct",
        "foot": "no",
        "hgv": "no",
        "highway": "motorway",
        "horse": "no",
        "lanes": "2",
        "layer": "1",
        "lit": "yes",
        "maxspeed": "80",
        "motorcar": "designated",
        "motorcycle": "no",
        "name": "P.V. Narasimha Rao Flyover",
        "name:etymology:wikidata": "Q275146",
        "noref": "yes",
        "oneway": "yes",
        "overtaking": "no",
        "shoulder": "no",
        "smoothness": "excellent",
        "source": "Bing (2015-10-17)",
        "surface": "asphalt",
        "@geometry": "center"
      },
      "geometry": {
        "type": "Point",
        "coordinates": [
          78.4202155,
          17.3425249
        ]
      },
      "id": "way/375638038"
    },
    {
      "type": "Feature",
      "properties": {
        "@id": "way/375638044",
        "agricultural": "no",
        "alt_name": "Hyderabad Elevated Expressway \"P.V. Narasimha Rao\"",
        "bicycle": "no",
        "bridge": "viaduct",
        "foot": "no",
        "hgv": "no",
        "highway": "motorway",
        "horse": "no",
        "lanes": "2",
        "layer": "1",
        "lit": "yes",
        "maxspeed": "80",
        "motorcar": "designated",
        "motorcycle": "no",
        "name": "P.V. Narasimha Rao Flyover",
        "name:etymology:wikidata": "Q275146",
        "noref": "yes",
        "oneway": "yes",
        "overtaking": "no",
        "shoulder": "no",
        "smoothness": "excellent",
        "source": "Bing (2015-10-17)",
        "surface": "asphalt",
        "@geometry": "center"
      },
      "geometry": {
        "type": "Point",
        "coordinates": [
          78.4202411,
          17.342597
        ]
      },
      "id": "way/375638044"
    },
    {
      "type": "Feature",
      "properties": {
        "@id": "way/375638047",
        "agricultural": "no",
        "alt_name": "Hyderabad Elevated Expressway \"P.V. Narasimha Rao\"",
        "bicycle": "no",
        "bridge": "viaduct",
        "foot": "no",
        "hgv": "no",
        "highway": "motorway",
        "horse": "no",
        "lanes": "2",
        "layer": "1",
        "lit": "yes",
        "maxspeed": "80",
        "motorcar": "designated",
        "motorcycle": "no",
        "name": "P.V. Narasimha Rao Flyover",
        "name:etymology:wikidata": "Q275146",
        "noref": "yes",
        "oneway": "yes",
        "overtaking": "no",
        "shoulder": "no",
        "smoothness": "excellent",
        "source": "Bing (2015-10-17)",
        "surface": "asphalt",
        "@geometry": "center"
      },
      "geometry": {
        "type": "Point",
        "coordinates": [
          78.4245462,
          17.3580321
        ]
      },
      "id": "way/375638047"
    },
    {
      "type": "Feature",
      "properties": {
        "@id": "way/375638048",
        "agricultural": "no",
        "alt_name": "Hyderabad Elevated Expressway \"P.V. Narasimha Rao\"",
        "bicycle": "no",
        "bridge": "viaduct",
        "foot": "no",
        "hgv": "no",
        "highway": "motorway",
        "horse": "no",
        "lanes": "2",
        "layer": "1",
        "lit": "yes",
        "maxspeed": "80",
        "motorcar": "designated",
        "motorcycle": "no",
        "name": "P.V. Narasimha Rao Flyover",
        "name:etymology:wikidata": "Q275146",
        "noref": "yes",
        "oneway": "yes",
        "overtaking": "no",
        "shoulder": "no",
        "smoothness": "excellent",
        "source": "Bing (2015-10-17)",
        "surface": "asphalt",
        "@geometry": "center"
      },
      "geometry": {
        "type": "Point",
        "coordinates": [
          78.4245696,
          17.3579369
        ]
      },
      "id": "way/375638048"
    },
    {
      "type": "Feature",
      "properties": {
        "@id": "way/375638049",
        "agricultural": "no",
        "alt_name": "Hyderabad Elevated Expressway \"P.V. Narasimha Rao\"",
        "bicycle": "no",
        "bridge": "viaduct",
        "foot": "no",
        "hgv": "no",
        "highway": "motorway",
        "horse": "no",
        "lanes": "2",
        "layer": "1",
        "lit": "yes",
        "maxspeed": "80",
        "motorcar": "designated",
        "motorcycle": "no",
        "name": "P.V. Narasimha Rao Flyover",
        "name:etymology:wikidata": "Q275146",
        "noref": "yes",
        "oneway": "yes",
        "overtaking": "no",
        "shoulder": "no",
        "smoothness": "excellent",
        "source": "Bing (2015-10-17)",
        "surface": "asphalt",
        "@geometry": "center"
      },
      "geometry": {
        "type": "Point",
        "coordinates": [
          78.428415,
          17.3652294
        ]
      },
      "id": "way/375638049"
    },
    {
      "type": "Feature",
      "properties": {
        "@id": "way/375638050",
        "agricultural": "no",
        "alt_name": "Hyderabad Elevated Expressway \"P.V. Narasimha Rao\"",
        "bicycle": "no",
        "bridge": "viaduct",
        "foot": "no",
        "hgv": "no",
        "highway": "motorway",
        "horse": "no",
        "lanes": "2",
        "layer": "1",
        "lit": "yes",
        "maxspeed": "80",
        "motorcar": "designated",
        "motorcycle": "no",
        "name": "P.V. Narasimha Rao Flyover",
        "name:etymology:wikidata": "Q275146",
        "noref": "yes",
        "oneway": "yes",
        "overtaking": "no",
        "shoulder": "no",
        "smoothness": "excellent",
        "source": "Bing (2015-10-17)",
        "surface": "asphalt",
        "@geometry": "center"
      },
      "geometry": {
        "type": "Point",
        "coordinates": [
          78.428495,
          17.3652212
        ]
      },
      "id": "way/375638050"
    },
    {
      "type": "Feature",
      "properties": {
        "@id": "way/375638051",
        "agricultural": "no",
        "alt_name": "Hyderabad Elevated Expressway \"P.V. Narasimha Rao\"",
        "bicycle": "no",
        "bridge": "viaduct",
        "foot": "no",
        "hgv": "no",
        "highway": "motorway",
        "horse": "no",
        "lanes": "2",
        "layer": "1",
        "lit": "yes",
        "maxspeed": "80",
        "motorcar": "designated",
        "motorcycle": "no",
        "name": "P.V. Narasimha Rao Flyover",
        "name:etymology:wikidata": "Q275146",
        "noref": "yes",
        "oneway": "yes",
        "overtaking": "no",
        "shoulder": "no",
        "smoothness": "excellent",
        "source": "Bing (2015-10-17)",
        "surface": "asphalt",
        "@geometry": "center"
      },
      "geometry": {
        "type": "Point",
        "coordinates": [
          78.4398108,
          17.394935
        ]
      },
      "id": "way/375638051"
    },
    {
      "type": "Feature",
      "properties": {
        "@id": "way/375638052",
        "agricultural": "no",
        "alt_name": "Hyderabad Elevated Expressway \"P.V. Narasimha Rao\"",
        "bicycle": "no",
        "bridge": "viaduct",
        "foot": "no",
        "hgv": "no",
        "highway": "motorway",
        "horse": "no",
        "lanes": "2",
        "layer": "1",
        "lit": "yes",
        "maxspeed": "80",
        "motorcar": "designated",
        "motorcycle": "no",
        "name": "P.V. Narasimha Rao Flyover",
        "name:etymology:wikidata": "Q275146",
        "noref": "yes",
        "oneway": "yes",
        "overtaking": "no",
        "shoulder": "no",
        "smoothness": "excellent",
        "source": "Bing (2015-10-17)",
        "surface": "asphalt",
        "@geometry": "center"
      },
      "geometry": {
        "type": "Point",
        "coordinates": [
          78.4398269,
          17.3950288
        ]
      },
      "id": "way/375638052"
    },
    {
      "type": "Feature",
      "properties": {
        "@id": "way/375640696",
        "agricultural": "no",
        "alt_name": "Hyderabad Elevated Expressway \"P.V. Narasimha Rao\"",
        "bicycle": "no",
        "bridge": "viaduct",
        "foot": "no",
        "hgv": "no",
        "highway": "motorway",
        "horse": "no",
        "lanes": "2",
        "layer": "1",
        "lit": "yes",
        "maxspeed": "80",
        "motorcar": "designated",
        "motorcycle": "no",
        "name": "P.V. Narasimha Rao Flyover",
        "name:etymology:wikidata": "Q275146",
        "noref": "yes",
        "oneway": "yes",
        "overtaking": "no",
        "shoulder": "no",
        "smoothness": "excellent",
        "source": "Bing (2015-10-17)",
        "surface": "asphalt",
        "@geometry": "center"
      },
      "geometry": {
        "type": "Point",
        "coordinates": [
          78.4309496,
          17.3922917
        ]
      },
      "id": "way/375640696"
    },
    {
      "type": "Feature",
      "properties": {
        "@id": "way/375640697",
        "agricultural": "no",
        "alt_name": "Hyderabad Elevated Expressway \"P.V. Narasimha Rao\"",
        "bicycle": "no",
        "bridge": "viaduct",
        "foot": "no",
        "hgv": "no",
        "highway": "motorway",
        "horse": "no",
        "lanes": "2",
        "layer": "1",
        "lit": "yes",
        "maxspeed": "80",
        "motorcar": "designated",
        "motorcycle": "no",
        "name": "P.V. Narasimha Rao Flyover",
        "name:etymology:wikidata": "Q275146",
        "noref": "yes",
        "oneway": "yes",
        "overtaking": "no",
        "shoulder": "no",
        "smoothness": "excellent",
        "source": "Bing (2015-10-17)",
        "surface": "asphalt",
        "@geometry": "center"
      },
      "geometry": {
        "type": "Point",
        "coordinates": [
          78.4308719,
          17.3923036
        ]
      },
      "id": "way/375640697"
    },
    {
      "type": "Feature",
      "properties": {
        "@id": "way/375640698",
        "agricultural": "no",
        "alt_name": "Hyderabad Elevated Expressway \"P.V. Narasimha Rao\"",
        "bicycle": "no",
        "bridge": "viaduct",
        "foot": "no",
        "hgv": "no",
        "highway": "motorway",
        "horse": "no",
        "lanes": "2",
        "layer": "1",
        "lit": "yes",
        "maxspeed": "80",
        "motorcar": "designated",
        "motorcycle": "no",
        "name": "P.V. Narasimha Rao Flyover",
        "name:etymology:wikidata": "Q275146",
        "noref": "yes",
        "oneway": "yes",
        "overtaking": "no",
        "shoulder": "no",
        "smoothness": "excellent",
        "source": "Bing (2015-10-17)",
        "surface": "asphalt",
        "@geometry": "center"
      },
      "geometry": {
        "type": "Point",
        "coordinates": [
          78.432676,
          17.3956066
        ]
      },
      "id": "way/375640698"
    },
    {
      "type": "Feature",
      "properties": {
        "@id": "way/375640699",
        "agricultural": "no",
        "alt_name": "Hyderabad Elevated Expressway \"P.V. Narasimha Rao\"",
        "bicycle": "no",
        "bridge": "viaduct",
        "foot": "no",
        "hgv": "no",
        "highway": "motorway",
        "horse": "no",
        "lanes": "2",
        "layer": "1",
        "lit": "yes",
        "maxspeed": "80",
        "motorcar": "designated",
        "motorcycle": "no",
        "name": "P.V. Narasimha Rao Flyover",
        "name:etymology:wikidata": "Q275146",
        "noref": "yes",
        "oneway": "yes",
        "overtaking": "no",
        "shoulder": "no",
        "smoothness": "excellent",
        "source": "Bing (2015-10-17)",
        "surface": "asphalt",
        "@geometry": "center"
      },
      "geometry": {
        "type": "Point",
        "coordinates": [
          78.432684,
          17.3955283
        ]
      },
      "id": "way/375640699"
    },
    {
      "type": "Feature",
      "properties": {
        "@id": "way/375640700",
        "agricultural": "no",
        "alt_name": "Hyderabad Elevated Expressway \"P.V. Narasimha Rao\"",
        "bicycle": "no",
        "bridge": "viaduct",
        "foot": "no",
        "hgv": "no",
        "highway": "motorway",
        "horse": "no",
        "lanes": "2",
        "layer": "1",
        "lit": "yes",
        "maxspeed": "80",
        "motorcar": "designated",
        "motorcycle": "no",
        "name": "P.V. Narasimha Rao Flyover",
        "name:etymology:wikidata": "Q275146",
        "noref": "yes",
        "oneway": "yes",
        "overtaking": "no",
        "shoulder": "no",
        "smoothness": "excellent",
        "source": "Bing (2015-10-17)",
        "surface": "asphalt",
        "@geometry": "center"
      },
      "geometry": {
        "type": "Point",
        "coordinates": [
          78.4310718,
          17.3939594
        ]
      },
      "id": "way/375640700"
    },
    {
      "type": "Feature",
      "properties": {
        "@id": "way/375640701",
        "agricultural": "no",
        "alt_name": "Hyderabad Elevated Expressway \"P.V. Narasimha Rao\"",
        "bicycle": "no",
        "bridge": "viaduct",
        "foot": "no",
        "hgv": "no",
        "highway": "motorway",
        "horse": "no",
        "lanes": "2",
        "layer": "1",
        "lit": "yes",
        "maxspeed": "80",
        "motorcar": "designated",
        "motorcycle": "no",
        "name": "P.V. Narasimha Rao Flyover",
        "name:etymology:wikidata": "Q275146",
        "noref": "yes",
        "oneway": "yes",
        "overtaking": "no",
        "shoulder": "no",
        "smoothness": "excellent",
        "source": "Bing (2015-10-17)",
        "surface": "asphalt",
        "@geometry": "center"
      },
      "geometry": {
        "type": "Point",
        "coordinates": [
          78.4309917,
          17.3939598
        ]
      },
      "id": "way/375640701"
    },
    {
      "type": "Feature",
      "properties": {
        "@id": "way/375640702",
        "agricultural": "no",
        "alt_name": "Hyderabad Elevated Expressway \"P.V. Narasimha Rao\"",
        "bicycle": "no",
        "bridge": "viaduct",
        "foot": "no",
        "hgv": "no",
        "highway": "motorway",
        "horse": "no",
        "lanes": "2",
        "layer": "1",
        "lit": "yes",
        "maxspeed": "80",
        "motorcar": "designated",
        "motorcycle": "no",
        "name": "P.V. Narasimha Rao Flyover",
        "name:etymology:wikidata": "Q275146",
        "noref": "yes",
        "oneway": "yes",
        "overtaking": "no",
        "shoulder": "no",
        "smoothness": "excellent",
        "source": "Bing (2015-10-17)",
        "surface": "asphalt",
        "@geometry": "center"
      },
      "geometry": {
        "type": "Point",
        "coordinates": [
          78.4294701,
          17.3808916
        ]
      },
      "id": "way/375640702"
    },
    {
      "type": "Feature",
      "properties": {
        "@id": "way/375640703",
        "agricultural": "no",
        "alt_name": "Hyderabad Elevated Expressway \"P.V. Narasimha Rao\"",
        "bicycle": "no",
        "bridge": "viaduct",
        "foot": "no",
        "hgv": "no",
        "highway": "motorway",
        "horse": "no",
        "lanes": "2",
        "layer": "1",
        "lit": "yes",
        "maxspeed": "80",
        "motorcar": "designated",
        "motorcycle": "no",
        "name": "P.V. Narasimha Rao Flyover",
        "name:etymology:wikidata": "Q275146",
        "noref": "yes",
        "oneway": "yes",
        "overtaking": "no",
        "shoulder": "no",
        "smoothness": "excellent",
        "source": "Bing (2015-10-17)",
        "surface": "asphalt",
        "@geometry": "center"
      },
      "geometry": {
        "type": "Point",
        "coordinates": [
          78.4302112,
          17.3897801
        ]
      },
      "id": "way/375640703"
    },
    {
      "type": "Feature",
      "properties": {
        "@id": "way/375640704",
        "agricultural": "no",
        "alt_name": "Hyderabad Elevated Expressway \"P.V. Narasimha Rao\"",
        "bicycle": "no",
        "bridge": "viaduct",
        "foot": "no",
        "hgv": "no",
        "highway": "motorway",
        "horse": "no",
        "lanes": "2",
        "layer": "1",
        "lit": "yes",
        "maxspeed": "80",
        "motorcar": "designated",
        "motorcycle": "no",
        "name": "P.V. Narasimha Rao Flyover",
        "name:etymology:wikidata": "Q275146",
        "noref": "yes",
        "oneway": "yes",
        "overtaking": "no",
        "shoulder": "no",
        "smoothness": "excellent",
        "source": "Bing (2015-10-17)",
        "surface": "asphalt",
        "@geometry": "center"
      },
      "geometry": {
        "type": "Point",
        "coordinates": [
          78.4302902,
          17.3897584
        ]
      },
      "id": "way/375640704"
    },
    {
      "type": "Feature",
      "properties": {
        "@id": "way/375640705",
        "agricultural": "no",
        "alt_name": "Hyderabad Elevated Expressway \"P.V. Narasimha Rao\"",
        "bicycle": "no",
        "bridge": "viaduct",
        "foot": "no",
        "hgv": "no",
        "highway": "motorway",
        "horse": "no",
        "lanes": "2",
        "layer": "1",
        "lit": "yes",
        "maxspeed": "80",
        "motorcar": "designated",
        "motorcycle": "no",
        "name": "P.V. Narasimha Rao Flyover",
        "name:etymology:wikidata": "Q275146",
        "noref": "yes",
        "oneway": "yes",
        "overtaking": "no",
        "shoulder": "no",
        "smoothness": "excellent",
        "source": "Bing (2015-10-17)",
        "surface": "asphalt",
        "@geometry": "center"
      },
      "geometry": {
        "type": "Point",
        "coordinates": [
          78.4295827,
          17.3874491
        ]
      },
      "id": "way/375640705"
    },
    {
      "type": "Feature",
      "properties": {
        "@id": "way/375640706",
        "agricultural": "no",
        "alt_name": "Hyderabad Elevated Expressway \"P.V. Narasimha Rao\"",
        "bicycle": "no",
        "bridge": "viaduct",
        "foot": "no",
        "hgv": "no",
        "highway": "motorway",
        "horse": "no",
        "lanes": "2",
        "layer": "1",
        "lit": "yes",
        "maxspeed": "80",
        "motorcar": "designated",
        "motorcycle": "no",
        "name": "P.V. Narasimha Rao Flyover",
        "name:etymology:wikidata": "Q275146",
        "noref": "yes",
        "oneway": "yes",
        "overtaking": "no",
        "shoulder": "no",
        "smoothness": "excellent",
        "source": "Bing (2015-10-17)",
        "surface": "asphalt",
        "@geometry": "center"
      },
      "geometry": {
        "type": "Point",
        "coordinates": [
          78.4296628,
          17.3874338
        ]
      },
      "id": "way/375640706"
    },
    {
      "type": "Feature",
      "properties": {
        "@id": "way/375640707",
        "agricultural": "no",
        "bicycle": "no",
        "bridge": "yes",
        "foot": "no",
        "hgv": "no",
        "highway": "motorway_link",
        "horse": "no",
        "lanes": "1",
        "layer": "1",
        "lit": "yes",
        "motorcar": "designated",
        "motorcycle": "no",
        "name": "Flyover",
        "oneway": "yes",
        "shoulder": "no",
        "smoothness": "excellent",
        "source": "Esri World Imagery (2023-08-29)",
        "surface": "asphalt",
        "@geometry": "center"
      },
      "geometry": {
        "type": "Point",
        "coordinates": [
          78.4295519,
          17.3826673
        ]
      },
      "id": "way/375640707"
    },
    {
      "type": "Feature",
      "properties": {
        "@id": "way/375690177",
        "highway": "trunk",
        "int_ref": "AH43",
        "lit": "yes",
        "maxspeed": "60",
        "oneway": "yes",
        "ref": "NH44",
        "ref:old": "NH7",
        "sidewalk": "no",
        "source": "GPS",
        "@geometry": "center"
      },
      "geometry": {
        "type": "Point",
        "coordinates": [
          78.4324448,
          17.3220534
        ]
      },
      "id": "way/375690177"
    },
    {
      "type": "Feature",
      "properties": {
        "@id": "way/375690178",
        "foot": "yes",
        "highway": "trunk",
        "int_ref": "AH43",
        "lit": "yes",
        "maxspeed": "60",
        "oneway": "yes",
        "ref": "NH44",
        "ref:old": "NH7",
        "sidewalk": "no",
        "source": "GPS",
        "@geometry": "center"
      },
      "geometry": {
        "type": "Point",
        "coordinates": [
          78.4323753,
          17.3221187
        ]
      },
      "id": "way/375690178"
    },
    {
      "type": "Feature",
      "properties": {
        "@id": "way/375690179",
        "foot": "yes",
        "highway": "tertiary",
        "int_ref": "AH43",
        "lit": "yes",
        "oneway": "yes",
        "ref": "NH44",
        "ref:old": "NH7",
        "sidewalk": "no",
        "@geometry": "center"
      },
      "geometry": {
        "type": "Point",
        "coordinates": [
          78.4353164,
          17.3273915
        ]
      },
      "id": "way/375690179"
    },
    {
      "type": "Feature",
      "properties": {
        "@id": "way/375702336",
        "highway": "primary",
        "lit": "yes",
        "maxspeed": "60",
        "name": "Rashtrapati Road",
        "oneway": "yes",
        "ref": "SH1",
        "@geometry": "center"
      },
      "geometry": {
        "type": "Point",
        "coordinates": [
          78.4951264,
          17.4391335
        ]
      },
      "id": "way/375702336"
    },
    {
      "type": "Feature",
      "properties": {
        "@id": "way/375702339",
        "highway": "primary",
        "lit": "yes",
        "maxspeed": "60",
        "name": "Rashtrapati Road",
        "oneway": "yes",
        "ref": "SH1",
        "@geometry": "center"
      },
      "geometry": {
        "type": "Point",
        "coordinates": [
          78.4950721,
          17.4392987
        ]
      },
      "id": "way/375702339"
    },
    {
      "type": "Feature",
      "properties": {
        "@id": "way/375702342",
        "highway": "primary",
        "lit": "yes",
        "maxspeed": "60",
        "name": "Rashtrapati Road",
        "name:te": "రాష్ట్రపతి రోడ్డు",
        "oneway": "yes",
        "ref": "SH1",
        "@geometry": "center"
      },
      "geometry": {
        "type": "Point",
        "coordinates": [
          78.493341,
          17.433668
        ]
      },
      "id": "way/375702342"
    },
    {
      "type": "Feature",
      "properties": {
        "@id": "way/375702344",
        "highway": "primary",
        "lit": "yes",
        "maxspeed": "60",
        "name": "Rashtrapati Road",
        "name:te": "రాష్ట్రపతి రోడ్డు",
        "oneway": "yes",
        "ref": "SH1",
        "@geometry": "center"
      },
      "geometry": {
        "type": "Point",
        "coordinates": [
          78.493443,
          17.4348521
        ]
      },
      "id": "way/375702344"
    },
    {
      "type": "Feature",
      "properties": {
        "@id": "way/375702346",
        "highway": "primary",
        "lit": "yes",
        "maxspeed": "60",
        "name": "Rashtrapati Road",
        "name:te": "రాష్ట్రపతి రోడ్డు",
        "oneway": "yes",
        "ref": "SH1",
        "@geometry": "center"
      },
      "geometry": {
        "type": "Point",
        "coordinates": [
          78.4939851,
          17.4365623
        ]
      },
      "id": "way/375702346"
    },
    {
      "type": "Feature",
      "properties": {
        "@id": "way/375702348",
        "highway": "primary",
        "lit": "yes",
        "maxspeed": "60",
        "name": "Rastrapathi Road (R.P Road)",
        "name:te": "రాష్ట్రపతి రోడ్డు",
        "oneway": "yes",
        "ref": "SH1",
        "@geometry": "center"
      },
      "geometry": {
        "type": "Point",
        "coordinates": [
          78.4924357,
          17.4307718
        ]
      },
      "id": "way/375702348"
    },
    {
      "type": "Feature",
      "properties": {
        "@id": "way/375702350",
        "highway": "primary",
        "lit": "yes",
        "maxspeed": "60",
        "name": "Rastrapathi Road (R.P Road)",
        "name:te": "రాష్ట్రపతి రోడ్డు",
        "oneway": "yes",
        "ref": "SH1",
        "@geometry": "center"
      },
      "geometry": {
        "type": "Point",
        "coordinates": [
          78.4900918,
          17.4295191
        ]
      },
      "id": "way/375702350"
    },
    {
      "type": "Feature",
      "properties": {
        "@id": "way/375702360",
        "highway": "primary_link",
        "lit": "yes",
        "name": "Sarojini Devi Road",
        "name:etymology:wikidata": "Q250165",
        "oneway": "yes",
        "@geometry": "center"
      },
      "geometry": {
        "type": "Point",
        "coordinates": [
          78.4952208,
          17.4405568
        ]
      },
      "id": "way/375702360"
    },
    {
      "type": "Feature",
      "properties": {
        "@id": "way/375702376",
        "highway": "primary",
        "lit": "yes",
        "maxspeed": "60",
        "name": "rp road",
        "name:en": "rp road",
        "name:te": "ఆర్ పి రోడ్డు",
        "oneway": "yes",
        "ref": "SH1",
        "surface": "asphalt",
        "@geometry": "center"
      },
      "geometry": {
        "type": "Point",
        "coordinates": [
          78.4954456,
          17.4405166
        ]
      },
      "id": "way/375702376"
    },
    {
      "type": "Feature",
      "properties": {
        "@id": "way/375787210",
        "highway": "primary",
        "lit": "yes",
        "maxspeed": "60",
        "name": "Malakunta Road",
        "oneway": "yes",
        "@geometry": "center"
      },
      "geometry": {
        "type": "Point",
        "coordinates": [
          78.470933,
          17.3787733
        ]
      },
      "id": "way/375787210"
    },
    {
      "type": "Feature",
      "properties": {
        "@id": "way/375787239",
        "highway": "primary",
        "lit": "yes",
        "maxspeed": "50",
        "@geometry": "center"
      },
      "geometry": {
        "type": "Point",
        "coordinates": [
          78.4674676,
          17.3656218
        ]
      },
      "id": "way/375787239"
    },
    {
      "type": "Feature",
      "properties": {
        "@id": "way/375787245",
        "highway": "primary",
        "lit": "yes",
        "maxspeed": "60",
        "oneway": "yes",
        "@geometry": "center"
      },
      "geometry": {
        "type": "Point",
        "coordinates": [
          78.4687698,
          17.3680741
        ]
      },
      "id": "way/375787245"
    },
    {
      "type": "Feature",
      "properties": {
        "@id": "way/375787247",
        "highway": "primary_link",
        "lit": "yes",
        "oneway": "yes",
        "@geometry": "center"
      },
      "geometry": {
        "type": "Point",
        "coordinates": [
          78.4683445,
          17.3678142
        ]
      },
      "id": "way/375787247"
    },
    {
      "type": "Feature",
      "properties": {
        "@id": "way/377322776",
        "highway": "trunk",
        "lanes": "3",
        "lit": "yes",
        "maxspeed": "60",
        "name": "Inner Ring Road",
        "oneway": "yes",
        "ref": "IRR",
        "surface": "asphalt",
        "@geometry": "center"
      },
      "geometry": {
        "type": "Point",
        "coordinates": [
          78.5588658,
          17.4025007
        ]
      },
      "id": "way/377322776"
    },
    {
      "type": "Feature",
      "properties": {
        "@id": "way/377322777",
        "highway": "trunk",
        "lanes": "3",
        "lit": "yes",
        "maxspeed": "60",
        "name": "Inner Ring Road",
        "oneway": "yes",
        "ref": "IRR",
        "surface": "asphalt",
        "@geometry": "center"
      },
      "geometry": {
        "type": "Point",
        "coordinates": [
          78.5596619,
          17.3964529
        ]
      },
      "id": "way/377322777"
    },
    {
      "type": "Feature",
      "properties": {
        "@id": "way/377322778",
        "highway": "trunk",
        "lanes": "3",
        "lit": "yes",
        "maxspeed": "60",
        "name": "Inner Ring Road",
        "oneway": "yes",
        "ref": "IRR",
        "sidewalk": "no",
        "surface": "asphalt",
        "@geometry": "center"
      },
      "geometry": {
        "type": "Point",
        "coordinates": [
          78.5600051,
          17.4014938
        ]
      },
      "id": "way/377322778"
    },
    {
      "type": "Feature",
      "properties": {
        "@id": "way/378333807",
        "bicycle": "no",
        "foot": "no",
        "highway": "motorway",
        "horse": "no",
        "lanes": "4",
        "lit": "yes",
        "maxspeed": "40",
        "motor_vehicle": "designated",
        "motorcycle": "yes",
        "name": "Outer Ring Road",
        "name:hi": "आउटर रिंग रोड",
        "name:te": "ఔటర్ రింగు రోడ్డు",
        "official_name": "Nehru Outer Ring Road",
        "official_name:hi": "नेहरू आउटर रिंग रोड",
        "official_name:te": "నెహ్రూ ఔటర్ రింగ్ రోడ్",
        "oneway": "yes",
        "operator": "Hyderabad Metropolitan Development Authority",
        "ref": "ORR",
        "smoothness": "excellent",
        "source": "GPS",
        "start_date": "2008-11-14",
        "surface": "asphalt",
        "toll": "no",
        "@geometry": "center"
      },
      "geometry": {
        "type": "Point",
        "coordinates": [
          78.362321,
          17.4368421
        ]
      },
      "id": "way/378333807"
    },
    {
      "type": "Feature",
      "properties": {
        "@id": "way/378337288",
        "highway": "primary",
        "lit": "yes",
        "maxspeed": "60",
        "name": "Nallagandla Road",
        "oneway": "yes",
        "surface": "asphalt",
        "@geometry": "center"
      },
      "geometry": {
        "type": "Point",
        "coordinates": [
          78.3156941,
          17.4799097
        ]
      },
      "id": "way/378337288"
    },
    {
      "type": "Feature",
      "properties": {
        "@id": "way/378337295",
        "bicycle": "yes",
        "highway": "primary",
        "lanes": "2",
        "lit": "yes",
        "maxspeed": "60",
        "name": "Nallagandla Road",
        "oneway": "yes",
        "surface": "asphalt",
        "@geometry": "center"
      },
      "geometry": {
        "type": "Point",
        "coordinates": [
          78.3156999,
          17.4798234
        ]
      },
      "id": "way/378337295"
    },
    {
      "type": "Feature",
      "properties": {
        "@id": "way/378337312",
        "bicycle": "yes",
        "cycleway": "lane",
        "foot": "yes",
        "highway": "primary",
        "lit": "yes",
        "maxspeed": "60",
        "name": "Nallagandla Road",
        "oneway": "yes",
        "surface": "asphalt",
        "@geometry": "center"
      },
      "geometry": {
        "type": "Point",
        "coordinates": [
          78.3179996,
          17.4797084
        ]
      },
      "id": "way/378337312"
    },
    {
      "type": "Feature",
      "properties": {
        "@id": "way/378337315",
        "bicycle": "yes",
        "cycleway": "lane",
        "foot": "yes",
        "highway": "primary",
        "lit": "yes",
        "maxspeed": "60",
        "name": "Nallagandla Road",
        "oneway": "yes",
        "surface": "asphalt",
        "@geometry": "center"
      },
      "geometry": {
        "type": "Point",
        "coordinates": [
          78.3180034,
          17.4796275
        ]
      },
      "id": "way/378337315"
    },
    {
      "type": "Feature",
      "properties": {
        "@id": "way/378337316",
        "AND:importance_level": "2",
        "bicycle": "yes",
        "cycleway": "lane",
        "foot": "yes",
        "highway": "primary",
        "lit": "yes",
        "maxspeed": "60",
        "name": "Nallagandla Road",
        "oneway": "yes",
        "surface": "asphalt",
        "@geometry": "center"
      },
      "geometry": {
        "type": "Point",
        "coordinates": [
          78.319917,
          17.4794608
        ]
      },
      "id": "way/378337316"
    },
    {
      "type": "Feature",
      "properties": {
        "@id": "way/378337319",
        "AND:importance_level": "2",
        "highway": "primary",
        "lit": "yes",
        "maxspeed": "60",
        "name": "Old Bombay Road",
        "oneway": "yes",
        "@geometry": "center"
      },
      "geometry": {
        "type": "Point",
        "coordinates": [
          78.3199869,
          17.4786868
        ]
      },
      "id": "way/378337319"
    },
    {
      "type": "Feature",
      "properties": {
        "@id": "way/378337321",
        "AND:importance_level": "2",
        "highway": "primary",
        "lit": "yes",
        "maxspeed": "60",
        "name": "Old Bombay Road",
        "oneway": "yes",
        "@geometry": "center"
      },
      "geometry": {
        "type": "Point",
        "coordinates": [
          78.32005,
          17.4787203
        ]
      },
      "id": "way/378337321"
    },
    {
      "type": "Feature",
      "properties": {
        "@id": "way/378337324",
        "AND:importance_level": "2",
        "highway": "primary",
        "lit": "yes",
        "maxspeed": "60",
        "name": "Old Mumbai Highway",
        "oneway": "yes",
        "@geometry": "center"
      },
      "geometry": {
        "type": "Point",
        "coordinates": [
          78.3217093,
          17.4781483
        ]
      },
      "id": "way/378337324"
    },
    {
      "type": "Feature",
      "properties": {
        "@id": "way/378337326",
        "AND:importance_level": "2",
        "highway": "primary",
        "lit": "yes",
        "maxspeed": "60",
        "name": "Old Mumbai Highway",
        "oneway": "yes",
        "@geometry": "center"
      },
      "geometry": {
        "type": "Point",
        "coordinates": [
          78.3217061,
          17.4780778
        ]
      },
      "id": "way/378337326"
    },
    {
      "type": "Feature",
      "properties": {
        "@id": "way/378337328",
        "AND:importance_level": "2",
        "highway": "primary",
        "lit": "yes",
        "maxspeed": "60",
        "name": "Old Bombay Road",
        "oneway": "yes",
        "@geometry": "center"
      },
      "geometry": {
        "type": "Point",
        "coordinates": [
          78.320217,
          17.4779629
        ]
      },
      "id": "way/378337328"
    },
    {
      "type": "Feature",
      "properties": {
        "@id": "way/378337331",
        "AND:importance_level": "2",
        "highway": "primary",
        "lit": "yes",
        "maxspeed": "60",
        "name": "Old Bombay Road",
        "oneway": "yes",
        "@geometry": "center"
      },
      "geometry": {
        "type": "Point",
        "coordinates": [
          78.3202084,
          17.477879
        ]
      },
      "id": "way/378337331"
    },
    {
      "type": "Feature",
      "properties": {
        "@id": "way/378337335",
        "AND:importance_level": "2",
        "highway": "primary",
        "lit": "yes",
        "maxspeed": "60",
        "name": "Old Bombay Road",
        "oneway": "yes",
        "@geometry": "center"
      },
      "geometry": {
        "type": "Point",
        "coordinates": [
          78.3274321,
          17.4735674
        ]
      },
      "id": "way/378337335"
    },
    {
      "type": "Feature",
      "properties": {
        "@id": "way/378337338",
        "AND:importance_level": "2",
        "highway": "primary",
        "lit": "yes",
        "maxspeed": "60",
        "name": "Old Bombay Road",
        "oneway": "yes",
        "@geometry": "center"
      },
      "geometry": {
        "type": "Point",
        "coordinates": [
          78.3238974,
          17.4776084
        ]
      },
      "id": "way/378337338"
    },
    {
      "type": "Feature",
      "properties": {
        "@id": "way/378337339",
        "AND:importance_level": "2",
        "highway": "primary",
        "lit": "yes",
        "maxspeed": "60",
        "name": "Old Bombay Road",
        "oneway": "yes",
        "@geometry": "center"
      },
      "geometry": {
        "type": "Point",
        "coordinates": [
          78.3238382,
          17.4775441
        ]
      },
      "id": "way/378337339"
    },
    {
      "type": "Feature",
      "properties": {
        "@id": "way/378344577",
        "AND:importance_level": "2",
        "highway": "primary",
        "lit": "yes",
        "maxspeed": "60",
        "name": "Old Bombay Road",
        "oneway": "yes",
        "@geometry": "center"
      },
      "geometry": {
        "type": "Point",
        "coordinates": [
          78.3334316,
          17.4649759
        ]
      },
      "id": "way/378344577"
    },
    {
      "type": "Feature",
      "properties": {
        "@id": "way/378344578",
        "AND:importance_level": "2",
        "highway": "primary",
        "lit": "yes",
        "maxspeed": "60",
        "name": "Old Bombay Road",
        "oneway": "yes",
        "@geometry": "center"
      },
      "geometry": {
        "type": "Point",
        "coordinates": [
          78.3335299,
          17.4650017
        ]
      },
      "id": "way/378344578"
    },
    {
      "type": "Feature",
      "properties": {
        "@id": "way/378344579",
        "AND:importance_level": "2",
        "highway": "primary",
        "lit": "yes",
        "maxspeed": "60",
        "name": "Old Bombay Road",
        "oneway": "yes",
        "@geometry": "center"
      },
      "geometry": {
        "type": "Point",
        "coordinates": [
          78.3273509,
          17.4735164
        ]
      },
      "id": "way/378344579"
    },
    {
      "type": "Feature",
      "properties": {
        "@id": "way/378344580",
        "AND:importance_level": "2",
        "highway": "primary",
        "lit": "yes",
        "maxspeed": "60",
        "name": "Old Bombay Road",
        "oneway": "yes",
        "@geometry": "center"
      },
      "geometry": {
        "type": "Point",
        "coordinates": [
          78.3312552,
          17.4682215
        ]
      },
      "id": "way/378344580"
    },
    {
      "type": "Feature",
      "properties": {
        "@id": "way/378344582",
        "AND:importance_level": "2",
        "highway": "primary",
        "lanes": "2",
        "lit": "yes",
        "maxspeed": "60",
        "name": "Old Bombay Road",
        "oneway": "yes",
        "surface": "asphalt",
        "@geometry": "center"
      },
      "geometry": {
        "type": "Point",
        "coordinates": [
          78.3410215,
          17.4556934
        ]
      },
      "id": "way/378344582"
    },
    {
      "type": "Feature",
      "properties": {
        "@id": "way/378344583",
        "AND:importance_level": "2",
        "highway": "primary",
        "lanes": "2",
        "lit": "yes",
        "maxspeed": "60",
        "name": "Old Bombay Road",
        "oneway": "yes",
        "surface": "asphalt",
        "@geometry": "center"
      },
      "geometry": {
        "type": "Point",
        "coordinates": [
          78.3386326,
          17.4585006
        ]
      },
      "id": "way/378344583"
    },
    {
      "type": "Feature",
      "properties": {
        "@id": "way/378344584",
        "AND:importance_level": "2",
        "highway": "primary",
        "lanes": "2",
        "lit": "yes",
        "maxspeed": "60",
        "name": "Old Bombay Road",
        "oneway": "yes",
        "surface": "asphalt",
        "@geometry": "center"
      },
      "geometry": {
        "type": "Point",
        "coordinates": [
          78.3409384,
          17.4556262
        ]
      },
      "id": "way/378344584"
    },
    {
      "type": "Feature",
      "properties": {
        "@id": "way/378344585",
        "AND:importance_level": "2",
        "highway": "primary",
        "lanes": "2",
        "lit": "yes",
        "maxspeed": "60",
        "name": "Old Bombay Road",
        "oneway": "yes",
        "surface": "asphalt",
        "@geometry": "center"
      },
      "geometry": {
        "type": "Point",
        "coordinates": [
          78.3385841,
          17.4583998
        ]
      },
      "id": "way/378344585"
    },
    {
      "type": "Feature",
      "properties": {
        "@id": "way/378344586",
        "AND:importance_level": "2",
        "highway": "primary",
        "lit": "yes",
        "maxspeed": "60",
        "name": "Old Bombay Road",
        "oneway": "yes",
        "@geometry": "center"
      },
      "geometry": {
        "type": "Point",
        "coordinates": [
          78.3365714,
          17.4608602
        ]
      },
      "id": "way/378344586"
    },
    {
      "type": "Feature",
      "properties": {
        "@id": "way/378344587",
        "AND:importance_level": "2",
        "highway": "primary",
        "lit": "yes",
        "maxspeed": "60",
        "name": "Old Bombay Road",
        "oneway": "yes",
        "@geometry": "center"
      },
      "geometry": {
        "type": "Point",
        "coordinates": [
          78.3366273,
          17.4609596
        ]
      },
      "id": "way/378344587"
    },
    {
      "type": "Feature",
      "properties": {
        "@id": "way/378344588",
        "AND:importance_level": "2",
        "highway": "primary",
        "lit": "yes",
        "maxspeed": "60",
        "name": "Old Bombay Road",
        "oneway": "yes",
        "@geometry": "center"
      },
      "geometry": {
        "type": "Point",
        "coordinates": [
          78.3306591,
          17.4692189
        ]
      },
      "id": "way/378344588"
    },
    {
      "type": "Feature",
      "properties": {
        "@id": "way/378344589",
        "AND:importance_level": "2",
        "highway": "primary",
        "lit": "yes",
        "maxspeed": "60",
        "name": "Old Bombay Road",
        "oneway": "yes",
        "@geometry": "center"
      },
      "geometry": {
        "type": "Point",
        "coordinates": [
          78.3307053,
          17.4693101
        ]
      },
      "id": "way/378344589"
    },
    {
      "type": "Feature",
      "properties": {
        "@id": "way/378418160",
        "highway": "primary",
        "lanes": "3",
        "lit": "yes",
        "maxspeed": "60",
        "name": "PALM Road - Balanagar Road",
        "oneway": "yes",
        "surface": "asphalt",
        "@geometry": "center"
      },
      "geometry": {
        "type": "Point",
        "coordinates": [
          78.4456196,
          17.4669218
        ]
      },
      "id": "way/378418160"
    },
    {
      "type": "Feature",
      "properties": {
        "@id": "way/378418161",
        "AND:importance_level": "2",
        "highway": "primary",
        "lanes": "3",
        "lit": "yes",
        "maxspeed": "60",
        "name": "PALM Road - Balanagar Road",
        "oneway": "yes",
        "surface": "asphalt",
        "@geometry": "center"
      },
      "geometry": {
        "type": "Point",
        "coordinates": [
          78.4447378,
          17.4676998
        ]
      },
      "id": "way/378418161"
    },
    {
      "type": "Feature",
      "properties": {
        "@id": "way/378418168",
        "AND:importance_level": "2",
        "highway": "primary",
        "lit": "yes",
        "maxspeed": "60",
        "name": "Balanagar Main Road",
        "oneway": "yes",
        "@geometry": "center"
      },
      "geometry": {
        "type": "Point",
        "coordinates": [
          78.472087,
          17.4632968
        ]
      },
      "id": "way/378418168"
    },
    {
      "type": "Feature",
      "properties": {
        "@id": "way/378418169",
        "highway": "primary",
        "lit": "yes",
        "maxspeed": "60",
        "name": "Balanagar Main Road",
        "oneway": "yes",
        "@geometry": "center"
      },
      "geometry": {
        "type": "Point",
        "coordinates": [
          78.4721408,
          17.4632533
        ]
      },
      "id": "way/378418169"
    },
    {
      "type": "Feature",
      "properties": {
        "@id": "way/380186810",
        "highway": "trunk",
        "lit": "yes",
        "maxspeed": "60",
        "oneway": "yes",
        "ref": "NH163",
        "ref:old": "SH4",
        "surface": "asphalt",
        "@geometry": "center"
      },
      "geometry": {
        "type": "Point",
        "coordinates": [
          78.410474,
          17.3731681
        ]
      },
      "id": "way/380186810"
    },
    {
      "type": "Feature",
      "properties": {
        "@id": "way/380186811",
        "foot": "yes",
        "highway": "trunk",
        "lane_markings": "yes",
        "lanes": "2",
        "lit": "yes",
        "maxspeed": "60",
        "oneway": "yes",
        "ref": "NH163",
        "ref:old": "SH4",
        "surface": "asphalt",
        "@geometry": "center"
      },
      "geometry": {
        "type": "Point",
        "coordinates": [
          78.4113146,
          17.373242
        ]
      },
      "id": "way/380186811"
    },
    {
      "type": "Feature",
      "properties": {
        "@id": "way/380186820",
        "highway": "trunk",
        "lit": "yes",
        "maxspeed": "60",
        "oneway": "yes",
        "ref": "NH163",
        "ref:old": "SH4",
        "@geometry": "center"
      },
      "geometry": {
        "type": "Point",
        "coordinates": [
          78.4224769,
          17.3842282
        ]
      },
      "id": "way/380186820"
    },
    {
      "type": "Feature",
      "properties": {
        "@id": "way/380186825",
        "highway": "trunk",
        "lane_markings": "no",
        "lit": "yes",
        "maxspeed": "60",
        "oneway": "yes",
        "ref": "NH163",
        "ref:old": "SH4",
        "@geometry": "center"
      },
      "geometry": {
        "type": "Point",
        "coordinates": [
          78.4170823,
          17.373855
        ]
      },
      "id": "way/380186825"
    },
    {
      "type": "Feature",
      "properties": {
        "@id": "way/380186826",
        "highway": "trunk",
        "lane_markings": "no",
        "lit": "yes",
        "maxspeed": "60",
        "oneway": "yes",
        "ref": "NH163",
        "ref:old": "SH4",
        "@geometry": "center"
      },
      "geometry": {
        "type": "Point",
        "coordinates": [
          78.4172778,
          17.3740239
        ]
      },
      "id": "way/380186826"
    },
    {
      "type": "Feature",
      "properties": {
        "@id": "way/384944580",
        "leisure": "pitch",
        "lit": "yes",
        "sport": "volleyball",
        "@geometry": "center"
      },
      "geometry": {
        "type": "Point",
        "coordinates": [
          78.3628182,
          17.4336296
        ]
      },
      "id": "way/384944580"
    },
    {
      "type": "Feature",
      "properties": {
        "@id": "way/386065639",
        "alt_name": "Champapet Road",
        "highway": "primary",
        "lit": "yes",
        "name": "Bairamalguda Road",
        "name:etymology:wikidata": "Q4848592",
        "oneway": "yes",
        "ref": "SH19",
        "@geometry": "center"
      },
      "geometry": {
        "type": "Point",
        "coordinates": [
          78.5073262,
          17.351935
        ]
      },
      "id": "way/386065639"
    },
    {
      "type": "Feature",
      "properties": {
        "@id": "way/386065640",
        "alt_name": "Champapet Road",
        "highway": "primary",
        "lit": "yes",
        "name": "Bairamalguda Road",
        "name:etymology:wikidata": "Q4848592",
        "oneway": "yes",
        "ref": "SH19",
        "@geometry": "center"
      },
      "geometry": {
        "type": "Point",
        "coordinates": [
          78.5074525,
          17.3519876
        ]
      },
      "id": "way/386065640"
    },
    {
      "type": "Feature",
      "properties": {
        "@id": "way/386065641",
        "alt_name": "Champapet Road",
        "highway": "primary",
        "lit": "yes",
        "name": "Bairamalguda Road",
        "name:etymology:wikidata": "Q4848592",
        "oneway": "yes",
        "ref": "SH19",
        "@geometry": "center"
      },
      "geometry": {
        "type": "Point",
        "coordinates": [
          78.5068822,
          17.3521551
        ]
      },
      "id": "way/386065641"
    },
    {
      "type": "Feature",
      "properties": {
        "@id": "way/386065642",
        "highway": "primary",
        "lit": "yes",
        "name": "Bairamalguda Main Road",
        "oneway": "yes",
        "ref": "SH19",
        "@geometry": "center"
      },
      "geometry": {
        "type": "Point",
        "coordinates": [
          78.5068981,
          17.3524051
        ]
      },
      "id": "way/386065642"
    },
    {
      "type": "Feature",
      "properties": {
        "@id": "way/386065644",
        "highway": "primary",
        "lit": "yes",
        "maxspeed": "60",
        "oneway": "yes",
        "ref": "SH19",
        "@geometry": "center"
      },
      "geometry": {
        "type": "Point",
        "coordinates": [
          78.5066185,
          17.3523067
        ]
      },
      "id": "way/386065644"
    },
    {
      "type": "Feature",
      "properties": {
        "@id": "way/386065645",
        "alt_name": "Inner Ring Road",
        "foot": "yes",
        "highway": "primary",
        "lit": "yes",
        "maxspeed": "60",
        "name": "IS Sadan Main Road",
        "oneway": "yes",
        "ref": "SH19",
        "@geometry": "center"
      },
      "geometry": {
        "type": "Point",
        "coordinates": [
          78.5060636,
          17.3545928
        ]
      },
      "id": "way/386065645"
    },
    {
      "type": "Feature",
      "properties": {
        "@id": "way/386065646",
        "alt_name": "Inner Ring Road",
        "foot": "yes",
        "highway": "primary",
        "lit": "yes",
        "maxspeed": "60",
        "name": "IS Sadan Main Road",
        "oneway": "yes",
        "ref": "SH19",
        "@geometry": "center"
      },
      "geometry": {
        "type": "Point",
        "coordinates": [
          78.5060203,
          17.3544108
        ]
      },
      "id": "way/386065646"
    },
    {
      "type": "Feature",
      "properties": {
        "@id": "way/386065647",
        "alt_name": "Inner Ring Road",
        "highway": "primary_link",
        "lit": "yes",
        "name": "IS Sadan Main Road",
        "oneway": "yes",
        "ref": "SH19",
        "@geometry": "center"
      },
      "geometry": {
        "type": "Point",
        "coordinates": [
          78.5066173,
          17.3524452
        ]
      },
      "id": "way/386065647"
    },
    {
      "type": "Feature",
      "properties": {
        "@id": "way/386065648",
        "alt_name": "Champapet Road",
        "highway": "primary",
        "lit": "yes",
        "name": "Bairamalguda Road",
        "name:etymology:wikidata": "Q4848592",
        "oneway": "yes",
        "@geometry": "center"
      },
      "geometry": {
        "type": "Point",
        "coordinates": [
          78.5069492,
          17.3522242
        ]
      },
      "id": "way/386065648"
    },
    {
      "type": "Feature",
      "properties": {
        "@id": "way/386065649",
        "alt_name": "Champapet Road",
        "highway": "primary",
        "lit": "yes",
        "name": "Bairamalguda Road",
        "name:etymology:wikidata": "Q4848592",
        "oneway": "yes",
        "@geometry": "center"
      },
      "geometry": {
        "type": "Point",
        "coordinates": [
          78.5066622,
          17.3523396
        ]
      },
      "id": "way/386065649"
    },
    {
      "type": "Feature",
      "properties": {
        "@id": "way/386065650",
        "highway": "primary",
        "lit": "yes",
        "maxspeed": "60",
        "oneway": "yes",
        "@geometry": "center"
      },
      "geometry": {
        "type": "Point",
        "coordinates": [
          78.5067432,
          17.3522735
        ]
      },
      "id": "way/386065650"
    },
    {
      "type": "Feature",
      "properties": {
        "@id": "way/386065651",
        "alt_name": "Inner Ring Road",
        "highway": "primary",
        "lit": "yes",
        "maxspeed": "60",
        "name": "Santosh Nagar Main ROad",
        "oneway": "yes",
        "@geometry": "center"
      },
      "geometry": {
        "type": "Point",
        "coordinates": [
          78.5069171,
          17.3519488
        ]
      },
      "id": "way/386065651"
    },
    {
      "type": "Feature",
      "properties": {
        "@id": "way/386065652",
        "alt_name": "Inner Ring Road",
        "highway": "primary",
        "lit": "yes",
        "maxspeed": "60",
        "name": "Santosh Nagar Main ROad",
        "oneway": "yes",
        "@geometry": "center"
      },
      "geometry": {
        "type": "Point",
        "coordinates": [
          78.5068074,
          17.3519553
        ]
      },
      "id": "way/386065652"
    },
    {
      "type": "Feature",
      "properties": {
        "@id": "way/386065653",
        "highway": "secondary",
        "lit": "yes",
        "name": "CRIDA Road",
        "oneway": "yes",
        "@geometry": "center"
      },
      "geometry": {
        "type": "Point",
        "coordinates": [
          78.5063047,
          17.3522662
        ]
      },
      "id": "way/386065653"
    },
    {
      "type": "Feature",
      "properties": {
        "@id": "way/386065655",
        "highway": "secondary",
        "lit": "yes",
        "name": "CRIDA Road",
        "oneway": "yes",
        "@geometry": "center"
      },
      "geometry": {
        "type": "Point",
        "coordinates": [
          78.5063187,
          17.3522251
        ]
      },
      "id": "way/386065655"
    },
    {
      "type": "Feature",
      "properties": {
        "@id": "way/386075375",
        "highway": "primary",
        "lit": "yes",
        "maxspeed": "60",
        "oneway": "yes",
        "ref": "SH19",
        "@geometry": "center"
      },
      "geometry": {
        "type": "Point",
        "coordinates": [
          78.5012495,
          17.3644325
        ]
      },
      "id": "way/386075375"
    },
    {
      "type": "Feature",
      "properties": {
        "@id": "way/386075376",
        "alt_name": "Inner Ring Road",
        "highway": "primary",
        "lit": "yes",
        "maxspeed": "50",
        "name": "Sayeedabad Main Road",
        "name:en": "Sayeedabad Road",
        "ref": "SH19",
        "@geometry": "center"
      },
      "geometry": {
        "type": "Point",
        "coordinates": [
          78.5039481,
          17.3624261
        ]
      },
      "id": "way/386075376"
    },
    {
      "type": "Feature",
      "properties": {
        "@id": "way/386075377",
        "alt_name": "Inner Ring Road",
        "highway": "primary",
        "lit": "yes",
        "maxspeed": "60",
        "name": "Sayeedabad Main Road",
        "name:en": "Sayeedabad Road",
        "oneway": "yes",
        "ref": "SH19",
        "@geometry": "center"
      },
      "geometry": {
        "type": "Point",
        "coordinates": [
          78.5038766,
          17.3627659
        ]
      },
      "id": "way/386075377"
    },
    {
      "type": "Feature",
      "properties": {
        "@id": "way/386075378",
        "alt_name": "Inner Ring Road",
        "highway": "primary",
        "lit": "yes",
        "maxspeed": "60",
        "name": "Sayeedabad Main Road",
        "name:en": "Sayeedabad Road",
        "oneway": "yes",
        "ref": "SH19",
        "@geometry": "center"
      },
      "geometry": {
        "type": "Point",
        "coordinates": [
          78.5038206,
          17.3627664
        ]
      },
      "id": "way/386075378"
    },
    {
      "type": "Feature",
      "properties": {
        "@id": "way/386075379",
        "highway": "primary_link",
        "lit": "yes",
        "oneway": "yes",
        "ref": "SH19",
        "@geometry": "center"
      },
      "geometry": {
        "type": "Point",
        "coordinates": [
          78.5055223,
          17.3562829
        ]
      },
      "id": "way/386075379"
    },
    {
      "type": "Feature",
      "properties": {
        "@id": "way/386075380",
        "highway": "primary",
        "lit": "yes",
        "name": "سعیدآباد روڈ",
        "name:en": "Sayeedabad Road",
        "oneway": "yes",
        "ref": "SH19",
        "@geometry": "center"
      },
      "geometry": {
        "type": "Point",
        "coordinates": [
          78.5037101,
          17.3630695
        ]
      },
      "id": "way/386075380"
    },
    {
      "type": "Feature",
      "properties": {
        "@id": "way/386075381",
        "highway": "secondary",
        "lit": "yes",
        "name": "Sayeedabad Main Road",
        "name:ur": "سعیدآباد روڈ",
        "oneway": "yes",
        "@geometry": "center"
      },
      "geometry": {
        "type": "Point",
        "coordinates": [
          78.5038172,
          17.3630731
        ]
      },
      "id": "way/386075381"
    },
    {
      "type": "Feature",
      "properties": {
        "@id": "way/386075382",
        "highway": "secondary",
        "lit": "yes",
        "name": "Sayeedabad Main Road",
        "name:ur": "سعیدآباد روڈ",
        "oneway": "yes",
        "@geometry": "center"
      },
      "geometry": {
        "type": "Point",
        "coordinates": [
          78.5037885,
          17.3629619
        ]
      },
      "id": "way/386075382"
    },
    {
      "type": "Feature",
      "properties": {
        "@id": "way/386075383",
        "highway": "secondary",
        "lit": "yes",
        "name": "Sayeedabad Main Road",
        "name:ur": "سعیدآباد روڈ",
        "oneway": "yes",
        "@geometry": "center"
      },
      "geometry": {
        "type": "Point",
        "coordinates": [
          78.5040153,
          17.3629774
        ]
      },
      "id": "way/386075383"
    },
    {
      "type": "Feature",
      "properties": {
        "@id": "way/386075384",
        "highway": "secondary",
        "lit": "yes",
        "name": "Sayeedabad Main Road",
        "name:ur": "سعیدآباد روڈ",
        "oneway": "yes",
        "@geometry": "center"
      },
      "geometry": {
        "type": "Point",
        "coordinates": [
          78.5038524,
          17.3630348
        ]
      },
      "id": "way/386075384"
    },
    {
      "type": "Feature",
      "properties": {
        "@id": "way/386075385",
        "highway": "secondary",
        "lit": "yes",
        "name": "Sayeedabad Main Road",
        "name:ur": "سعیدآباد روڈ",
        "oneway": "yes",
        "@geometry": "center"
      },
      "geometry": {
        "type": "Point",
        "coordinates": [
          78.5037708,
          17.3629941
        ]
      },
      "id": "way/386075385"
    },
    {
      "type": "Feature",
      "properties": {
        "@id": "way/386075386",
        "highway": "secondary",
        "lit": "yes",
        "name": "Sayeedabad Main Road",
        "name:ur": "سعیدآباد روڈ",
        "oneway": "yes",
        "@geometry": "center"
      },
      "geometry": {
        "type": "Point",
        "coordinates": [
          78.503987,
          17.3629365
        ]
      },
      "id": "way/386075386"
    },
    {
      "type": "Feature",
      "properties": {
        "@id": "way/386075387",
        "highway": "primary",
        "lit": "yes",
        "maxspeed": "60",
        "name": "Sayeedabad Road",
        "oneway": "yes",
        "ref": "SH19",
        "@geometry": "center"
      },
      "geometry": {
        "type": "Point",
        "coordinates": [
          78.5031261,
          17.363417
        ]
      },
      "id": "way/386075387"
    },
    {
      "type": "Feature",
      "properties": {
        "@id": "way/386075388",
        "highway": "primary",
        "lit": "yes",
        "maxspeed": "60",
        "name": "Sayeedabad Road",
        "oneway": "yes",
        "ref": "SH19",
        "@geometry": "center"
      },
      "geometry": {
        "type": "Point",
        "coordinates": [
          78.5038242,
          17.3629936
        ]
      },
      "id": "way/386075388"
    },
    {
      "type": "Feature",
      "properties": {
        "@id": "way/386075390",
        "highway": "primary",
        "lit": "yes",
        "maxspeed": "60",
        "name": "Sayeedabad Road",
        "name:ur": "سعیدآباد روڈ",
        "oneway": "yes",
        "ref": "SH19",
        "@geometry": "center"
      },
      "geometry": {
        "type": "Point",
        "coordinates": [
          78.5037232,
          17.3630924
        ]
      },
      "id": "way/386075390"
    },
    {
      "type": "Feature",
      "properties": {
        "@id": "way/386075391",
        "highway": "primary",
        "lit": "yes",
        "maxspeed": "60",
        "name": "Sayeedabad Road",
        "oneway": "yes",
        "ref": "SH19",
        "@geometry": "center"
      },
      "geometry": {
        "type": "Point",
        "coordinates": [
          78.5019712,
          17.3639096
        ]
      },
      "id": "way/386075391"
    },
    {
      "type": "Feature",
      "properties": {
        "@id": "way/386075392",
        "highway": "primary_link",
        "lit": "yes",
        "name": "Saidabad Road",
        "oneway": "yes",
        "ref": "SH19",
        "@geometry": "center"
      },
      "geometry": {
        "type": "Point",
        "coordinates": [
          78.5014853,
          17.3640005
        ]
      },
      "id": "way/386075392"
    },
    {
      "type": "Feature",
      "properties": {
        "@id": "way/386075395",
        "alt_name": "Inner Ring Road",
        "highway": "primary",
        "lit": "yes",
        "maxspeed": "60",
        "name": "IS Sadan Main Road",
        "oneway": "yes",
        "@geometry": "center"
      },
      "geometry": {
        "type": "Point",
        "coordinates": [
          78.5066688,
          17.352512
        ]
      },
      "id": "way/386075395"
    },
    {
      "type": "Feature",
      "properties": {
        "@id": "way/393419598",
        "agricultural": "no",
        "alt_name": "Hyderabad Elevated Expressway \"P.V. Narasimha Rao\"",
        "bicycle": "no",
        "bridge": "viaduct",
        "foot": "no",
        "hgv": "no",
        "highway": "motorway",
        "horse": "no",
        "lanes": "2",
        "layer": "1",
        "lit": "yes",
        "maxspeed": "80",
        "motorcar": "designated",
        "motorcycle": "no",
        "name": "P.V. Narasimha Rao Flyover",
        "name:etymology:wikidata": "Q275146",
        "noref": "yes",
        "oneway": "yes",
        "overtaking": "no",
        "shoulder": "no",
        "smoothness": "excellent",
        "source": "Bing (2015-10-17)",
        "surface": "asphalt",
        "@geometry": "center"
      },
      "geometry": {
        "type": "Point",
        "coordinates": [
          78.4313663,
          17.3953506
        ]
      },
      "id": "way/393419598"
    },
    {
      "type": "Feature",
      "properties": {
        "@id": "way/393419599",
        "agricultural": "no",
        "alt_name": "Hyderabad Elevated Expressway \"P.V. Narasimha Rao\"",
        "bicycle": "no",
        "bridge": "viaduct",
        "foot": "no",
        "hgv": "no",
        "highway": "motorway",
        "horse": "no",
        "lanes": "2",
        "layer": "1",
        "lit": "yes",
        "maxspeed": "80",
        "motorcar": "designated",
        "motorcycle": "no",
        "name": "P.V. Narasimha Rao Flyover",
        "name:etymology:wikidata": "Q275146",
        "noref": "yes",
        "oneway": "yes",
        "overtaking": "no",
        "shoulder": "no",
        "smoothness": "excellent",
        "source": "Bing (2015-10-17)",
        "surface": "asphalt",
        "@geometry": "center"
      },
      "geometry": {
        "type": "Point",
        "coordinates": [
          78.4314175,
          17.3953146
        ]
      },
      "id": "way/393419599"
    },
    {
      "type": "Feature",
      "properties": {
        "@id": "way/393419600",
        "alt_name": "Inner Ring Road",
        "highway": "primary",
        "lanes": "3",
        "lit": "yes",
        "maxspeed": "60",
        "name": "Road Number 1",
        "oneway": "yes",
        "ref": "IRR",
        "surface": "asphalt",
        "@geometry": "center"
      },
      "geometry": {
        "type": "Point",
        "coordinates": [
          78.4527178,
          17.4035411
        ]
      },
      "id": "way/393419600"
    },
    {
      "type": "Feature",
      "properties": {
        "@id": "way/393419602",
        "highway": "primary",
        "lit": "yes",
        "name": "Masab Tank Road",
        "name:etymology:wikidata": "Q6782272",
        "oneway": "yes",
        "ref": "SH4",
        "@geometry": "center"
      },
      "geometry": {
        "type": "Point",
        "coordinates": [
          78.452714,
          17.4032687
        ]
      },
      "id": "way/393419602"
    },
    {
      "type": "Feature",
      "properties": {
        "@id": "way/393430935",
        "highway": "primary",
        "lit": "yes",
        "maxspeed": "60",
        "oneway": "yes",
        "ref": "SH19",
        "@geometry": "center"
      },
      "geometry": {
        "type": "Point",
        "coordinates": [
          78.4981354,
          17.3751864
        ]
      },
      "id": "way/393430935"
    },
    {
      "type": "Feature",
      "properties": {
        "@id": "way/393430936",
        "highway": "primary",
        "lit": "yes",
        "maxspeed": "60",
        "oneway": "yes",
        "ref": "SH19",
        "@geometry": "center"
      },
      "geometry": {
        "type": "Point",
        "coordinates": [
          78.4985048,
          17.3749564
        ]
      },
      "id": "way/393430936"
    },
    {
      "type": "Feature",
      "properties": {
        "@id": "way/394259201",
        "alt_name": "Inner Ring Road",
        "bridge": "yes",
        "highway": "primary",
        "lanes": "2",
        "layer": "1",
        "lit": "yes",
        "maxspeed": "60",
        "name": "Punjagutta Flyover",
        "name:etymology:wikidata": "Q7260358",
        "name:te": "పంజగుట్ట ఫ్లైఓవర్",
        "oneway": "yes",
        "ref": "IRR",
        "sidewalk": "no",
        "smoothness": "excellent",
        "source": "Bing (2016-07-22)",
        "surface": "asphalt",
        "@geometry": "center"
      },
      "geometry": {
        "type": "Point",
        "coordinates": [
          78.4483041,
          17.4244862
        ]
      },
      "id": "way/394259201"
    },
    {
      "type": "Feature",
      "properties": {
        "@id": "way/394259206",
        "bridge": "yes",
        "highway": "primary",
        "layer": "1",
        "lit": "yes",
        "maxspeed": "60",
        "name": "Punjagutta Flyover",
        "name:etymology:wikidata": "Q7260358",
        "oneway": "yes",
        "@geometry": "center"
      },
      "geometry": {
        "type": "Point",
        "coordinates": [
          78.4489617,
          17.4259207
        ]
      },
      "id": "way/394259206"
    },
    {
      "type": "Feature",
      "properties": {
        "@id": "way/397409683",
        "highway": "residential",
        "lane_markings": "no",
        "lit": "yes",
        "osm_type": "way",
        "smoothness": "excellent",
        "surface": "concrete",
        "@geometry": "center"
      },
      "geometry": {
        "type": "Point",
        "coordinates": [
          78.3945166,
          17.3732821
        ]
      },
      "id": "way/397409683"
    },
    {
      "type": "Feature",
      "properties": {
        "@id": "way/397409684",
        "highway": "residential",
        "lit": "yes",
        "surface": "concrete",
        "@geometry": "center"
      },
      "geometry": {
        "type": "Point",
        "coordinates": [
          78.3936856,
          17.3727722
        ]
      },
      "id": "way/397409684"
    },
    {
      "type": "Feature",
      "properties": {
        "@id": "way/398203191",
        "foot": "yes",
        "highway": "trunk",
        "lanes": "2",
        "lit": "yes",
        "maxspeed": "60",
        "oneway": "yes",
        "ref": "NH65",
        "ref:old": "NH9",
        "source": "Yahoo hires",
        "@geometry": "center"
      },
      "geometry": {
        "type": "Point",
        "coordinates": [
          78.2874986,
          17.5156717
        ]
      },
      "id": "way/398203191"
    },
    {
      "type": "Feature",
      "properties": {
        "@id": "way/398203195",
        "highway": "trunk",
        "lanes": "2",
        "lit": "yes",
        "maxspeed": "60",
        "oneway": "yes",
        "ref": "NH65",
        "ref:old": "NH9",
        "source": "Yahoo hires",
        "@geometry": "center"
      },
      "geometry": {
        "type": "Point",
        "coordinates": [
          78.2674782,
          17.5277646
        ]
      },
      "id": "way/398203195"
    },
    {
      "type": "Feature",
      "properties": {
        "@id": "way/398203196",
        "foot": "yes",
        "highway": "trunk",
        "lanes": "2",
        "lit": "yes",
        "maxspeed": "60",
        "oneway": "yes",
        "ref": "NH65",
        "ref:old": "NH9",
        "source": "Yahoo hires",
        "@geometry": "center"
      },
      "geometry": {
        "type": "Point",
        "coordinates": [
          78.2895059,
          17.5140356
        ]
      },
      "id": "way/398203196"
    },
    {
      "type": "Feature",
      "properties": {
        "@id": "way/398203198",
        "foot": "yes",
        "highway": "trunk",
        "lanes": "2",
        "lit": "yes",
        "maxspeed": "60",
        "oneway": "yes",
        "ref": "NH65",
        "ref:old": "NH9",
        "source": "Yahoo hires",
        "toll": "yes",
        "@geometry": "center"
      },
      "geometry": {
        "type": "Point",
        "coordinates": [
          78.2775434,
          17.5199258
        ]
      },
      "id": "way/398203198"
    },
    {
      "type": "Feature",
      "properties": {
        "@id": "way/398203200",
        "highway": "trunk",
        "lanes": "2",
        "lit": "yes",
        "maxspeed": "60",
        "oneway": "yes",
        "ref": "NH65",
        "ref:old": "NH9",
        "source": "Yahoo hires",
        "@geometry": "center"
      },
      "geometry": {
        "type": "Point",
        "coordinates": [
          78.27124,
          17.5247553
        ]
      },
      "id": "way/398203200"
    },
    {
      "type": "Feature",
      "properties": {
        "@id": "way/398203202",
        "highway": "trunk",
        "lanes": "2",
        "lit": "yes",
        "maxspeed": "60",
        "oneway": "yes",
        "ref": "NH65",
        "ref:old": "NH9",
        "source": "Yahoo hires",
        "toll": "yes",
        "@geometry": "center"
      },
      "geometry": {
        "type": "Point",
        "coordinates": [
          78.2740358,
          17.522894
        ]
      },
      "id": "way/398203202"
    },
    {
      "type": "Feature",
      "properties": {
        "@id": "way/398203205",
        "highway": "tertiary",
        "lit": "yes",
        "oneway": "yes",
        "@geometry": "center"
      },
      "geometry": {
        "type": "Point",
        "coordinates": [
          78.2520736,
          17.5334986
        ]
      },
      "id": "way/398203205"
    },
    {
      "type": "Feature",
      "properties": {
        "@id": "way/398203207",
        "highway": "tertiary",
        "lit": "yes",
        "oneway": "yes",
        "toll": "yes",
        "@geometry": "center"
      },
      "geometry": {
        "type": "Point",
        "coordinates": [
          78.271744,
          17.5246885
        ]
      },
      "id": "way/398203207"
    },
    {
      "type": "Feature",
      "properties": {
        "@id": "way/398203208",
        "foot": "yes",
        "highway": "tertiary",
        "lit": "yes",
        "oneway": "yes",
        "@geometry": "center"
      },
      "geometry": {
        "type": "Point",
        "coordinates": [
          78.2489281,
          17.5343597
        ]
      },
      "id": "way/398203208"
    },
    {
      "type": "Feature",
      "properties": {
        "@id": "way/398206942",
        "highway": "trunk",
        "lanes": "2",
        "lit": "yes",
        "maxspeed": "60",
        "oneway": "yes",
        "ref": "NH65",
        "ref:old": "NH9",
        "source": "Yahoo hires",
        "@geometry": "center"
      },
      "geometry": {
        "type": "Point",
        "coordinates": [
          78.2394937,
          17.5377183
        ]
      },
      "id": "way/398206942"
    },
    {
      "type": "Feature",
      "properties": {
        "@id": "way/398206943",
        "highway": "trunk",
        "lanes": "2",
        "lit": "yes",
        "maxspeed": "60",
        "oneway": "yes",
        "ref": "NH65",
        "ref:old": "NH9",
        "source": "Yahoo hires",
        "@geometry": "center"
      },
      "geometry": {
        "type": "Point",
        "coordinates": [
          78.239504,
          17.5378447
        ]
      },
      "id": "way/398206943"
    },
    {
      "type": "Feature",
      "properties": {
        "@id": "way/398353910",
        "alt_name": "Hyderabad - Vijaywada Highway",
        "foot": "yes",
        "highway": "trunk",
        "lanes": "2",
        "lit": "yes",
        "maxspeed": "60",
        "name": "Vijaywada Highway",
        "oneway": "yes",
        "ref": "NH65",
        "ref:old": "NH9",
        "smoothness": "excellent",
        "surface": "asphalt",
        "@geometry": "center"
      },
      "geometry": {
        "type": "Point",
        "coordinates": [
          78.6000704,
          17.3281833
        ]
      },
      "id": "way/398353910"
    },
    {
      "type": "Feature",
      "properties": {
        "@id": "way/398353913",
        "alt_name": "Hyderabad - Vijaywada Highway",
        "highway": "trunk",
        "lanes": "2",
        "lit": "yes",
        "maxspeed": "60",
        "motorroad": "no",
        "name": "Vijaywada Highway",
        "oneway": "yes",
        "ref": "NH65",
        "ref:old": "NH9",
        "smoothness": "excellent",
        "surface": "asphalt",
        "@geometry": "center"
      },
      "geometry": {
        "type": "Point",
        "coordinates": [
          78.6171917,
          17.320122
        ]
      },
      "id": "way/398353913"
    },
    {
      "type": "Feature",
      "properties": {
        "@id": "way/398353914",
        "alt_name": "Hyderabad - Vijaywada Highway",
        "highway": "trunk",
        "lanes": "2",
        "lit": "yes",
        "maxspeed": "60",
        "motorroad": "no",
        "name": "Vijaywada Highway",
        "oneway": "yes",
        "ref": "NH65",
        "ref:old": "NH9",
        "smoothness": "excellent",
        "surface": "asphalt",
        "@geometry": "center"
      },
      "geometry": {
        "type": "Point",
        "coordinates": [
          78.617208,
          17.3202007
        ]
      },
      "id": "way/398353914"
    },
    {
      "type": "Feature",
      "properties": {
        "@id": "way/398353915",
        "alt_name": "Hyderabad - Vijaywada Highway",
        "foot": "yes",
        "highway": "trunk",
        "lanes": "2",
        "lit": "yes",
        "maxspeed": "60",
        "name": "Vijaywada Highway",
        "oneway": "yes",
        "ref": "NH65",
        "ref:old": "NH9",
        "smoothness": "excellent",
        "surface": "asphalt",
        "@geometry": "center"
      },
      "geometry": {
        "type": "Point",
        "coordinates": [
          78.5925609,
          17.331001
        ]
      },
      "id": "way/398353915"
    },
    {
      "type": "Feature",
      "properties": {
        "@id": "way/398353916",
        "alt_name": "Hyderabad - Vijaywada Highway",
        "foot": "yes",
        "highway": "trunk",
        "lanes": "2",
        "lit": "yes",
        "maxspeed": "60",
        "motorroad": "no",
        "name": "Vijaywada Highway",
        "oneway": "yes",
        "ref": "NH65",
        "ref:old": "NH9",
        "smoothness": "excellent",
        "surface": "asphalt",
        "@geometry": "center"
      },
      "geometry": {
        "type": "Point",
        "coordinates": [
          78.5925415,
          17.3311518
        ]
      },
      "id": "way/398353916"
    },
    {
      "type": "Feature",
      "properties": {
        "@id": "way/398353918",
        "alt_name": "Hyderabad - Vijaywada Highway",
        "foot": "yes",
        "highway": "trunk",
        "lanes": "2",
        "lit": "yes",
        "maxspeed": "60",
        "motorroad": "no",
        "name": "Vijaywada Highway",
        "oneway": "yes",
        "ref": "NH65",
        "ref:old": "NH9",
        "smoothness": "excellent",
        "surface": "asphalt",
        "@geometry": "center"
      },
      "geometry": {
        "type": "Point",
        "coordinates": [
          78.6000127,
          17.3283239
        ]
      },
      "id": "way/398353918"
    },
    {
      "type": "Feature",
      "properties": {
        "@id": "way/398353919",
        "alt_name": "Hyderabad - Vijaywada Highway",
        "foot": "yes",
        "highway": "trunk",
        "lanes": "2",
        "lit": "yes",
        "maxspeed": "60",
        "motorroad": "no",
        "name": "Vijaywada Highway",
        "oneway": "yes",
        "ref": "NH65",
        "ref:old": "NH9",
        "smoothness": "excellent",
        "surface": "asphalt",
        "@geometry": "center"
      },
      "geometry": {
        "type": "Point",
        "coordinates": [
          78.609963,
          17.3237236
        ]
      },
      "id": "way/398353919"
    },
    {
      "type": "Feature",
      "properties": {
        "@id": "way/398353920",
        "alt_name": "Hyderabad - Vijaywada Highway",
        "foot": "yes",
        "highway": "trunk",
        "lanes": "2",
        "lit": "yes",
        "maxspeed": "60",
        "motorroad": "no",
        "name": "Vijaywada Highway",
        "oneway": "yes",
        "ref": "NH65",
        "ref:old": "NH9",
        "smoothness": "excellent",
        "surface": "asphalt",
        "@geometry": "center"
      },
      "geometry": {
        "type": "Point",
        "coordinates": [
          78.6098961,
          17.3236517
        ]
      },
      "id": "way/398353920"
    },
    {
      "type": "Feature",
      "properties": {
        "@id": "way/398353921",
        "alt_name": "Hyderabad - Vijaywada Highway",
        "highway": "trunk",
        "lanes": "2",
        "lit": "yes",
        "maxspeed": "60",
        "motorroad": "no",
        "name": "Vijaywada Highway",
        "oneway": "yes",
        "ref": "NH65",
        "ref:old": "NH9",
        "smoothness": "excellent",
        "surface": "asphalt",
        "@geometry": "center"
      },
      "geometry": {
        "type": "Point",
        "coordinates": [
          78.6048445,
          17.3270398
        ]
      },
      "id": "way/398353921"
    },
    {
      "type": "Feature",
      "properties": {
        "@id": "way/398353925",
        "alt_name": "Hyderabad - Vijaywada Highway",
        "highway": "trunk",
        "lanes": "2",
        "lit": "yes",
        "maxspeed": "60",
        "motorroad": "no",
        "name": "Vijaywada Highway",
        "oneway": "yes",
        "ref": "NH65",
        "ref:old": "NH9",
        "smoothness": "excellent",
        "surface": "asphalt",
        "@geometry": "center"
      },
      "geometry": {
        "type": "Point",
        "coordinates": [
          78.6047962,
          17.3269598
        ]
      },
      "id": "way/398353925"
    },
    {
      "type": "Feature",
      "properties": {
        "@id": "way/398353930",
        "alt_name": "Hyderabad - Vijaywada Highway",
        "foot": "yes",
        "highway": "trunk",
        "lanes": "2",
        "lit": "yes",
        "maxspeed": "60",
        "name": "Vijaywada Highway",
        "oneway": "yes",
        "ref": "NH65",
        "ref:old": "NH9",
        "smoothness": "excellent",
        "surface": "asphalt",
        "@geometry": "center"
      },
      "geometry": {
        "type": "Point",
        "coordinates": [
          78.5871082,
          17.3337912
        ]
      },
      "id": "way/398353930"
    },
    {
      "type": "Feature",
      "properties": {
        "@id": "way/398353932",
        "alt_name": "Hyderabad - Vijaywada Highway",
        "foot": "yes",
        "highway": "trunk",
        "lanes": "2",
        "lit": "yes",
        "maxspeed": "60",
        "motorroad": "no",
        "name": "Vijaywada Highway",
        "oneway": "yes",
        "ref": "NH65",
        "ref:old": "NH9",
        "smoothness": "excellent",
        "surface": "asphalt",
        "@geometry": "center"
      },
      "geometry": {
        "type": "Point",
        "coordinates": [
          78.5834956,
          17.3354121
        ]
      },
      "id": "way/398353932"
    },
    {
      "type": "Feature",
      "properties": {
        "@id": "way/398353933",
        "alt_name": "Hyderabad - Vijaywada Highway",
        "foot": "yes",
        "highway": "trunk",
        "lanes": "2",
        "lit": "yes",
        "maxspeed": "60",
        "motorroad": "no",
        "name": "Vijaywada Highway",
        "oneway": "yes",
        "ref": "NH65",
        "ref:old": "NH9",
        "smoothness": "excellent",
        "surface": "asphalt",
        "@geometry": "center"
      },
      "geometry": {
        "type": "Point",
        "coordinates": [
          78.5871958,
          17.3339138
        ]
      },
      "id": "way/398353933"
    },
    {
      "type": "Feature",
      "properties": {
        "@id": "way/398353934",
        "alt_name": "Hyderabad - Vijaywada Highway",
        "highway": "trunk",
        "lanes": "2",
        "lit": "yes",
        "maxspeed": "60",
        "motorroad": "no",
        "name": "Vijaywada Highway",
        "oneway": "yes",
        "ref": "NH65",
        "ref:old": "NH9",
        "smoothness": "excellent",
        "surface": "asphalt",
        "@geometry": "center"
      },
      "geometry": {
        "type": "Point",
        "coordinates": [
          78.5834483,
          17.33528
        ]
      },
      "id": "way/398353934"
    },
    {
      "type": "Feature",
      "properties": {
        "@id": "way/403476665",
        "alt_name": "Inner Ring Road",
        "highway": "primary",
        "lit": "yes",
        "maxspeed": "60",
        "name": "Krishna Deva Raya Road",
        "name:etymology:wikidata": "Q121235",
        "oneway": "yes",
        "ref": "IRR",
        "sidewalk": "right",
        "@geometry": "center"
      },
      "geometry": {
        "type": "Point",
        "coordinates": [
          78.51956,
          17.4353958
        ]
      },
      "id": "way/403476665"
    },
    {
      "type": "Feature",
      "properties": {
        "@id": "way/419146402",
        "access": "private",
        "highway": "service",
        "lit": "yes",
        "name": "Block 7 Entry Road",
        "sidewalk": "both",
        "surface": "concrete",
        "@geometry": "center"
      },
      "geometry": {
        "type": "Point",
        "coordinates": [
          78.3381846,
          17.5098397
        ]
      },
      "id": "way/419146402"
    },
    {
      "type": "Feature",
      "properties": {
        "@id": "way/420191034",
        "highway": "primary",
        "lanes": "3",
        "lit": "yes",
        "maxspeed": "60",
        "name": "Hi Tech City Main Road",
        "name:etymology:wikidata": "Q3322188",
        "oneway": "yes",
        "surface": "asphalt",
        "@geometry": "center"
      },
      "geometry": {
        "type": "Point",
        "coordinates": [
          78.3745334,
          17.4355535
        ]
      },
      "id": "way/420191034"
    },
    {
      "type": "Feature",
      "properties": {
        "@id": "way/420191035",
        "highway": "primary",
        "lanes": "3",
        "lit": "yes",
        "maxspeed": "60",
        "name": "Hi Tech City Main Road",
        "name:etymology:wikidata": "Q3322188",
        "oneway": "yes",
        "surface": "asphalt",
        "@geometry": "center"
      },
      "geometry": {
        "type": "Point",
        "coordinates": [
          78.3743625,
          17.4358147
        ]
      },
      "id": "way/420191035"
    },
    {
      "type": "Feature",
      "properties": {
        "@id": "way/420191036",
        "highway": "primary",
        "lanes": "3",
        "lit": "yes",
        "maxspeed": "60",
        "name": "Hi Tech City Main Road",
        "name:etymology:wikidata": "Q3322188",
        "oneway": "yes",
        "surface": "asphalt",
        "@geometry": "center"
      },
      "geometry": {
        "type": "Point",
        "coordinates": [
          78.3745191,
          17.4363198
        ]
      },
      "id": "way/420191036"
    },
    {
      "type": "Feature",
      "properties": {
        "@id": "way/420191037",
        "highway": "primary",
        "lanes": "3",
        "lit": "yes",
        "maxspeed": "60",
        "name": "Hi Tech City Main Road",
        "name:etymology:wikidata": "Q3322188",
        "oneway": "yes",
        "surface": "asphalt",
        "@geometry": "center"
      },
      "geometry": {
        "type": "Point",
        "coordinates": [
          78.3746633,
          17.4340635
        ]
      },
      "id": "way/420191037"
    },
    {
      "type": "Feature",
      "properties": {
        "@id": "way/420191038",
        "highway": "primary",
        "lanes": "3",
        "lit": "yes",
        "maxspeed": "60",
        "name": "Hi Tech City Main Road",
        "name:etymology:wikidata": "Q3322188",
        "oneway": "yes",
        "surface": "asphalt",
        "@geometry": "center"
      },
      "geometry": {
        "type": "Point",
        "coordinates": [
          78.3744185,
          17.435132
        ]
      },
      "id": "way/420191038"
    },
    {
      "type": "Feature",
      "properties": {
        "@id": "way/420191040",
        "highway": "primary",
        "lanes": "3",
        "lit": "yes",
        "maxspeed": "60",
        "name": "Hi Tech City Main Road",
        "name:etymology:wikidata": "Q3322188",
        "oneway": "yes",
        "surface": "asphalt",
        "@geometry": "center"
      },
      "geometry": {
        "type": "Point",
        "coordinates": [
          78.374497,
          17.4343145
        ]
      },
      "id": "way/420191040"
    },
    {
      "type": "Feature",
      "properties": {
        "@id": "way/420191041",
        "highway": "primary",
        "lanes": "3",
        "lit": "yes",
        "maxspeed": "60",
        "name": "Hi Tech City Main Road",
        "name:etymology:wikidata": "Q3322188",
        "oneway": "yes",
        "surface": "asphalt",
        "@geometry": "center"
      },
      "geometry": {
        "type": "Point",
        "coordinates": [
          78.3745722,
          17.4367015
        ]
      },
      "id": "way/420191041"
    },
    {
      "type": "Feature",
      "properties": {
        "@id": "way/420191042",
        "highway": "primary",
        "lanes": "3",
        "lit": "yes",
        "maxspeed": "60",
        "name": "Hi Tech City Main Road",
        "name:etymology:wikidata": "Q3322188",
        "oneway": "yes",
        "surface": "asphalt",
        "@geometry": "center"
      },
      "geometry": {
        "type": "Point",
        "coordinates": [
          78.3745799,
          17.4347932
        ]
      },
      "id": "way/420191042"
    },
    {
      "type": "Feature",
      "properties": {
        "@id": "way/420191044",
        "highway": "primary",
        "lanes": "3",
        "lit": "yes",
        "maxspeed": "60",
        "name": "Hi Tech City Main Road",
        "name:etymology:wikidata": "Q3322188",
        "oneway": "yes",
        "surface": "asphalt",
        "@geometry": "center"
      },
      "geometry": {
        "type": "Point",
        "coordinates": [
          78.3751806,
          17.4376349
        ]
      },
      "id": "way/420191044"
    },
    {
      "type": "Feature",
      "properties": {
        "@id": "way/420247491",
        "highway": "residential",
        "lit": "yes",
        "maxspeed:type": "IN:urban",
        "name": "Madhapur Flyover Link",
        "oneway": "no",
        "surface": "concrete",
        "@geometry": "center"
      },
      "geometry": {
        "type": "Point",
        "coordinates": [
          78.3878088,
          17.4445279
        ]
      },
      "id": "way/420247491"
    },
    {
      "type": "Feature",
      "properties": {
        "@id": "way/431608352",
        "bicycle": "no",
        "embankment": "left",
        "foot": "no",
        "highway": "motorway",
        "horse": "no",
        "lanes": "5",
        "lit": "yes",
        "maxspeed": "120",
        "maxspeed:advisory:lanes": "80|80|80|100|100",
        "motor_vehicle": "designated",
        "motorcycle": "no",
        "name": "Outer Ring Road",
        "name:hi": "आउटर रिंग रोड",
        "name:te": "ఔటర్ రింగు రోడ్డు",
        "official_name": "Nehru Outer Ring Road",
        "official_name:hi": "नेहरू आउटर रिंग रोड",
        "official_name:te": "నెహ్రూ ఔటర్ రింగ్ రోడ్",
        "oneway": "yes",
        "operator": "Hyderabad Metropolitan Development Authority",
        "placement": "right_of:3",
        "ref": "ORR",
        "shoulder": "left",
        "smoothness": "excellent",
        "source": "Esri World Imagery (2023-09-10)",
        "start_date": "2012-12-03",
        "surface": "asphalt",
        "toll": "yes",
        "turn:lanes": "merge_to_right|through|through|through|through",
        "@geometry": "center"
      },
      "geometry": {
        "type": "Point",
        "coordinates": [
          78.2388191,
          17.5403411
        ]
      },
      "id": "way/431608352"
    },
    {
      "type": "Feature",
      "properties": {
        "@id": "way/431608371",
        "bicycle": "no",
        "bridge": "yes",
        "foot": "no",
        "highway": "motorway",
        "horse": "no",
        "lanes": "5",
        "layer": "1",
        "lit": "yes",
        "maxspeed": "120",
        "maxspeed:advisory:lanes": "80|80|80|100|100",
        "motor_vehicle": "designated",
        "motorcycle": "no",
        "name": "Outer Ring Road",
        "name:hi": "आउटर रिंग रोड",
        "name:te": "ఔటర్ రింగు రోడ్డు",
        "official_name": "Nehru Outer Ring Road",
        "official_name:hi": "नेहरू आउटर रिंग रोड",
        "official_name:te": "నెహ్రూ ఔటర్ రింగ్ రోడ్",
        "oneway": "yes",
        "operator": "Hyderabad Metropolitan Development Authority",
        "placement": "right_of:3",
        "ref": "ORR",
        "shoulder": "left",
        "smoothness": "excellent",
        "source": "Esri World Imagery (2023-09-10)",
        "start_date": "2012-12-03",
        "surface": "asphalt",
        "toll": "yes",
        "turn:lanes": "slight_left|slight_left;through|through|through|through",
        "@geometry": "center"
      },
      "geometry": {
        "type": "Point",
        "coordinates": [
          78.2397891,
          17.5409041
        ]
      },
      "id": "way/431608371"
    },
    {
      "type": "Feature",
      "properties": {
        "@id": "way/431608388",
        "bicycle": "no",
        "bridge": "yes",
        "foot": "no",
        "highway": "motorway",
        "horse": "no",
        "lanes": "5",
        "layer": "1",
        "lit": "yes",
        "maxspeed": "120",
        "maxspeed:advisory:lanes": "80|80|80|100|100",
        "motor_vehicle": "designated",
        "motorcycle": "no",
        "name": "Outer Ring Road",
        "name:hi": "आउटर रिंग रोड",
        "name:te": "ఔటర్ రింగు రోడ్డు",
        "official_name": "Nehru Outer Ring Road",
        "official_name:hi": "नेहरू आउटर रिंग रोड",
        "official_name:te": "నెహ్రూ ఔటర్ రింగ్ రోడ్",
        "oneway": "yes",
        "operator": "Hyderabad Metropolitan Development Authority",
        "placement": "right_of:3",
        "ref": "ORR",
        "shoulder": "left",
        "smoothness": "excellent",
        "source": "Esri World Imagery (2023-09-10)",
        "start_date": "2012-12-03",
        "surface": "asphalt",
        "toll": "yes",
        "turn:lanes": "merge_to_right|through|through|through|through",
        "@geometry": "center"
      },
      "geometry": {
        "type": "Point",
        "coordinates": [
          78.2395582,
          17.5409633
        ]
      },
      "id": "way/431608388"
    },
    {
      "type": "Feature",
      "properties": {
        "@id": "way/431608394",
        "bicycle": "no",
        "embankment": "left",
        "foot": "no",
        "highway": "motorway",
        "horse": "no",
        "lanes": "5",
        "lit": "yes",
        "maxspeed": "120",
        "maxspeed:advisory:lanes": "80|80|80|100|100",
        "motor_vehicle": "designated",
        "motorcycle": "no",
        "name": "Outer Ring Road",
        "name:hi": "आउटर रिंग रोड",
        "name:te": "ఔటర్ రింగు రోడ్డు",
        "official_name": "Nehru Outer Ring Road",
        "official_name:hi": "नेहरू आउटर रिंग रोड",
        "official_name:te": "నెహ్రూ ఔటర్ రింగ్ రోడ్",
        "oneway": "yes",
        "operator": "Hyderabad Metropolitan Development Authority",
        "placement": "right_of:3",
        "ref": "ORR",
        "shoulder": "left",
        "smoothness": "excellent",
        "source": "Esri World Imagery (2023-09-10)",
        "start_date": "2012-12-03",
        "surface": "asphalt",
        "toll": "yes",
        "turn:lanes": "slight_left|slight_left;through|through|through|through",
        "@geometry": "center"
      },
      "geometry": {
        "type": "Point",
        "coordinates": [
          78.2389758,
          17.5402204
        ]
      },
      "id": "way/431608394"
    },
    {
      "type": "Feature",
      "properties": {
        "@id": "way/431608399",
        "bicycle": "no",
        "embankment": "left",
        "foot": "no",
        "highway": "motorway",
        "horse": "no",
        "lanes": "4",
        "lit": "yes",
        "maxspeed": "120",
        "maxspeed:advisory:lanes": "80|80|120|120",
        "motor_vehicle": "designated",
        "motorcycle": "no",
        "name": "Outer Ring Road",
        "name:hi": "आउटर रिंग रोड",
        "name:te": "ఔటర్ రింగు రోడ్డు",
        "official_name": "Nehru Outer Ring Road",
        "official_name:hi": "नेहरू आउटर रिंग रोड",
        "official_name:te": "నెహ్రూ ఔటర్ రింగ్ రోడ్",
        "oneway": "yes",
        "operator": "Hyderabad Metropolitan Development Authority",
        "ref": "ORR",
        "shoulder": "left",
        "smoothness": "excellent",
        "source": "Esri World Imagery (2023-09-12)",
        "start_date": "2012-12-03",
        "surface": "asphalt",
        "toll": "yes",
        "turn:lanes": "slight_left;through|through|through|through",
        "@geometry": "center"
      },
      "geometry": {
        "type": "Point",
        "coordinates": [
          78.247912,
          17.5437037
        ]
      },
      "id": "way/431608399"
    },
    {
      "type": "Feature",
      "properties": {
        "@id": "way/431608400",
        "bicycle": "no",
        "embankment": "left",
        "foot": "no",
        "highway": "motorway",
        "horse": "no",
        "lanes": "4",
        "lit": "yes",
        "maxspeed": "120",
        "maxspeed:advisory:lanes": "80|80|120|120",
        "motor_vehicle": "designated",
        "motorcycle": "no",
        "name": "Outer Ring Road",
        "name:hi": "आउटर रिंग रोड",
        "name:te": "ఔటర్ రింగు రోడ్డు",
        "official_name": "Nehru Outer Ring Road",
        "official_name:hi": "नेहरू आउटर रिंग रोड",
        "official_name:te": "నెహ్రూ ఔటర్ రింగ్ రోడ్",
        "oneway": "yes",
        "operator": "Hyderabad Metropolitan Development Authority",
        "ref": "ORR",
        "shoulder": "left",
        "smoothness": "excellent",
        "source": "Esri World Imagery (2023-09-12)",
        "start_date": "2012-12-03",
        "surface": "asphalt",
        "toll": "yes",
        "@geometry": "center"
      },
      "geometry": {
        "type": "Point",
        "coordinates": [
          78.247249,
          17.5435932
        ]
      },
      "id": "way/431608400"
    },
    {
      "type": "Feature",
      "properties": {
        "@id": "way/431651364",
        "bicycle": "no",
        "embankment": "left",
        "foot": "no",
        "highway": "motorway",
        "horse": "no",
        "lanes": "4",
        "lit": "yes",
        "maxspeed": "120",
        "maxspeed:advisory:lanes": "80|80|120|120",
        "motor_vehicle": "designated",
        "motorcycle": "no",
        "name": "Outer Ring Road",
        "name:hi": "आउटर रिंग रोड",
        "name:te": "ఔటర్ రింగు రోడ్డు",
        "official_name": "Nehru Outer Ring Road",
        "official_name:hi": "नेहरू आउटर रिंग रोड",
        "official_name:te": "నెహ్రూ ఔటర్ రింగ్ రోడ్",
        "oneway": "yes",
        "operator": "Hyderabad Metropolitan Development Authority",
        "ref": "ORR",
        "shoulder": "left",
        "smoothness": "excellent",
        "source": "Esri World Imagery (2023-10-08)",
        "start_date": "2008-11-14",
        "surface": "asphalt",
        "toll": "yes",
        "@geometry": "center"
      },
      "geometry": {
        "type": "Point",
        "coordinates": [
          78.3763807,
          17.3154972
        ]
      },
      "id": "way/431651364"
    },
    {
      "type": "Feature",
      "properties": {
        "@id": "way/431854870",
        "highway": "primary",
        "lit": "yes",
        "name": "Habsiguda Main Road",
        "oneway": "yes",
        "@geometry": "center"
      },
      "geometry": {
        "type": "Point",
        "coordinates": [
          78.532796,
          17.4259776
        ]
      },
      "id": "way/431854870"
    },
    {
      "type": "Feature",
      "properties": {
        "@id": "way/431854876",
        "foot": "yes",
        "highway": "primary",
        "lit": "yes",
        "oneway": "yes",
        "@geometry": "center"
      },
      "geometry": {
        "type": "Point",
        "coordinates": [
          78.5326433,
          17.4259002
        ]
      },
      "id": "way/431854876"
    },
    {
      "type": "Feature",
      "properties": {
        "@id": "way/431902169",
        "alt_name": "Inner Ring Road",
        "highway": "primary",
        "lit": "yes",
        "maxspeed": "60",
        "name": "Road Number 1",
        "name:te": "రోడ్డు నెంబర్ 1",
        "oneway": "yes",
        "ref": "IRR",
        "surface": "paved",
        "@geometry": "center"
      },
      "geometry": {
        "type": "Point",
        "coordinates": [
          78.4482155,
          17.4192044
        ]
      },
      "id": "way/431902169"
    },
    {
      "type": "Feature",
      "properties": {
        "@id": "way/431902172",
        "alt_name": "Inner Ring Road",
        "highway": "primary",
        "junction": "roundabout",
        "lit": "yes",
        "maxspeed": "60",
        "name": "Road Number 1",
        "oneway": "yes",
        "ref": "IRR",
        "@geometry": "center"
      },
      "geometry": {
        "type": "Point",
        "coordinates": [
          78.4478467,
          17.4200174
        ]
      },
      "id": "way/431902172"
    },
    {
      "type": "Feature",
      "properties": {
        "@id": "way/431902174",
        "alt_name": "Inner Ring Road",
        "highway": "primary",
        "junction": "roundabout",
        "lit": "yes",
        "name": "Road Number 1",
        "oneway": "yes",
        "ref": "IRR",
        "@geometry": "center"
      },
      "geometry": {
        "type": "Point",
        "coordinates": [
          78.4483482,
          17.4183851
        ]
      },
      "id": "way/431902174"
    },
    {
      "type": "Feature",
      "properties": {
        "@id": "way/431902175",
        "highway": "trunk_link",
        "lanes": "1",
        "lit": "yes",
        "oneway": "yes",
        "@geometry": "center"
      },
      "geometry": {
        "type": "Point",
        "coordinates": [
          78.4438342,
          17.314351
        ]
      },
      "id": "way/431902175"
    },
    {
      "type": "Feature",
      "properties": {
        "@id": "way/431916192",
        "bridge": "yes",
        "highway": "primary",
        "layer": "1",
        "lit": "yes",
        "name": "Inner Ring Road",
        "oneway": "yes",
        "ref": "IRR",
        "@geometry": "center"
      },
      "geometry": {
        "type": "Point",
        "coordinates": [
          78.4293797,
          17.3732021
        ]
      },
      "id": "way/431916192"
    },
    {
      "type": "Feature",
      "properties": {
        "@id": "way/431916193",
        "bridge": "yes",
        "highway": "primary",
        "layer": "1",
        "lit": "yes",
        "name": "Inner Ring Road",
        "oneway": "yes",
        "ref": "IRR",
        "@geometry": "center"
      },
      "geometry": {
        "type": "Point",
        "coordinates": [
          78.4293117,
          17.3730386
        ]
      },
      "id": "way/431916193"
    },
    {
      "type": "Feature",
      "properties": {
        "@id": "way/431916194",
        "highway": "primary",
        "lit": "yes",
        "name": "Inner Ring Road",
        "oneway": "yes",
        "ref": "IRR",
        "@geometry": "center"
      },
      "geometry": {
        "type": "Point",
        "coordinates": [
          78.4294197,
          17.3750649
        ]
      },
      "id": "way/431916194"
    },
    {
      "type": "Feature",
      "properties": {
        "@id": "way/431916195",
        "highway": "primary",
        "lit": "yes",
        "name": "Inner Ring Road",
        "oneway": "yes",
        "ref": "IRR",
        "@geometry": "center"
      },
      "geometry": {
        "type": "Point",
        "coordinates": [
          78.4292797,
          17.3753591
        ]
      },
      "id": "way/431916195"
    },
    {
      "type": "Feature",
      "properties": {
        "@id": "way/432358592",
        "highway": "primary",
        "lit": "yes",
        "maxspeed": "50",
        "name": "Abids Road",
        "name:etymology:wikidata": "Q4667611",
        "name:kn": "ಅಬಿಡ್ಸ್ ರಸ್ತೆ",
        "oneway": "yes",
        "ref": "Old NH7",
        "ref:old": "NH7",
        "@geometry": "center"
      },
      "geometry": {
        "type": "Point",
        "coordinates": [
          78.4763862,
          17.3895051
        ]
      },
      "id": "way/432358592"
    },
    {
      "type": "Feature",
      "properties": {
        "@id": "way/432358615",
        "highway": "primary",
        "lit": "yes",
        "oneway": "yes",
        "ref": "Old NH7",
        "ref:old": "NH7",
        "@geometry": "center"
      },
      "geometry": {
        "type": "Point",
        "coordinates": [
          78.4745631,
          17.3985503
        ]
      },
      "id": "way/432358615"
    },
    {
      "type": "Feature",
      "properties": {
        "@id": "way/432358616",
        "highway": "primary",
        "lit": "yes",
        "maxspeed": "60",
        "oneway": "yes",
        "ref": "Old NH7",
        "ref:old": "NH7",
        "@geometry": "center"
      },
      "geometry": {
        "type": "Point",
        "coordinates": [
          78.4750014,
          17.3988399
        ]
      },
      "id": "way/432358616"
    },
    {
      "type": "Feature",
      "properties": {
        "@id": "way/432358624",
        "alt_name": "Inner Ring Road",
        "highway": "primary",
        "lit": "yes",
        "name": "Krishna Deva Raya Road",
        "name:etymology:wikidata": "Q121235",
        "oneway": "yes",
        "@geometry": "center"
      },
      "geometry": {
        "type": "Point",
        "coordinates": [
          78.5303083,
          17.4273819
        ]
      },
      "id": "way/432358624"
    },
    {
      "type": "Feature",
      "properties": {
        "@id": "way/432362022",
        "alt_name": "Inner Ring Road",
        "foot": "yes",
        "highway": "primary",
        "lit": "yes",
        "maxspeed": "60",
        "name": "Greenlands Road",
        "oneway": "yes",
        "ref": "IRR",
        "@geometry": "center"
      },
      "geometry": {
        "type": "Point",
        "coordinates": [
          78.4559372,
          17.4303413
        ]
      },
      "id": "way/432362022"
    },
    {
      "type": "Feature",
      "properties": {
        "@id": "way/432395850",
        "bicycle": "no",
        "bridge": "yes",
        "foot": "no",
        "highway": "motorway",
        "horse": "no",
        "lanes": "4",
        "layer": "1",
        "lit": "yes",
        "maxspeed": "120",
        "maxspeed:advisory:lanes": "80|80|120|120",
        "motor_vehicle": "designated",
        "motorcycle": "no",
        "name": "Outer Ring Road",
        "name:hi": "आउटर रिंग रोड",
        "name:te": "ఔటర్ రింగు రోడ్డు",
        "official_name": "Nehru Outer Ring Road",
        "official_name:hi": "नेहरू आउटर रिंग रोड",
        "official_name:te": "నెహ్రూ ఔటర్ రింగ్ రోడ్",
        "oneway": "yes",
        "operator": "Hyderabad Metropolitan Development Authority",
        "ref": "ORR",
        "shoulder": "left",
        "smoothness": "excellent",
        "source": "Esri World Imagery (2023-09-10)",
        "start_date": "2012-12-03",
        "surface": "asphalt",
        "toll": "yes",
        "@geometry": "center"
      },
      "geometry": {
        "type": "Point",
        "coordinates": [
          78.2761527,
          17.5500077
        ]
      },
      "id": "way/432395850"
    },
    {
      "type": "Feature",
      "properties": {
        "@id": "way/432395864",
        "bicycle": "no",
        "bridge": "yes",
        "foot": "no",
        "highway": "motorway",
        "horse": "no",
        "lanes": "4",
        "layer": "1",
        "lit": "yes",
        "maxspeed": "120",
        "maxspeed:advisory:lanes": "80|80|120|120",
        "motor_vehicle": "designated",
        "motorcycle": "no",
        "name": "Outer Ring Road",
        "name:hi": "आउटर रिंग रोड",
        "name:te": "ఔటర్ రింగు రోడ్డు",
        "official_name": "Nehru Outer Ring Road",
        "official_name:hi": "नेहरू आउटर रिंग रोड",
        "official_name:te": "నెహ్రూ ఔటర్ రింగ్ రోడ్",
        "oneway": "yes",
        "operator": "Hyderabad Metropolitan Development Authority",
        "ref": "ORR",
        "shoulder": "left",
        "smoothness": "excellent",
        "source": "Esri World Imagery (2023-09-10)",
        "start_date": "2012-12-03",
        "surface": "asphalt",
        "toll": "yes",
        "@geometry": "center"
      },
      "geometry": {
        "type": "Point",
        "coordinates": [
          78.2761969,
          17.5498277
        ]
      },
      "id": "way/432395864"
    },
    {
      "type": "Feature",
      "properties": {
        "@id": "way/432395877",
        "bicycle": "no",
        "embankment": "left",
        "foot": "no",
        "highway": "motorway",
        "horse": "no",
        "lanes": "4",
        "lit": "yes",
        "maxspeed": "120",
        "maxspeed:advisory:lanes": "80|80|120|120",
        "motor_vehicle": "designated",
        "motorcycle": "no",
        "name": "Outer Ring Road",
        "name:hi": "आउटर रिंग रोड",
        "name:te": "ఔటర్ రింగు రోడ్డు",
        "official_name": "Nehru Outer Ring Road",
        "official_name:hi": "नेहरू आउटर रिंग रोड",
        "official_name:te": "నెహ్రూ ఔటర్ రింగ్ రోడ్",
        "oneway": "yes",
        "operator": "Hyderabad Metropolitan Development Authority",
        "ref": "ORR",
        "shoulder": "left",
        "smoothness": "excellent",
        "source": "Esri World Imagery (2023-09-10)",
        "start_date": "2012-12-03",
        "surface": "asphalt",
        "toll": "yes",
        "@geometry": "center"
      },
      "geometry": {
        "type": "Point",
        "coordinates": [
          78.2844721,
          17.5512384
        ]
      },
      "id": "way/432395877"
    },
    {
      "type": "Feature",
      "properties": {
        "@id": "way/432395878",
        "bicycle": "no",
        "embankment": "left",
        "foot": "no",
        "highway": "motorway",
        "horse": "no",
        "lanes": "4",
        "lit": "yes",
        "maxspeed": "120",
        "maxspeed:advisory:lanes": "80|80|120|120",
        "motor_vehicle": "designated",
        "motorcycle": "no",
        "name": "Outer Ring Road",
        "name:hi": "आउटर रिंग रोड",
        "name:te": "ఔటర్ రింగు రోడ్డు",
        "official_name": "Nehru Outer Ring Road",
        "official_name:hi": "नेहरू आउटर रिंग रोड",
        "official_name:te": "నెహ్రూ ఔటర్ రింగ్ రోడ్",
        "oneway": "yes",
        "operator": "Hyderabad Metropolitan Development Authority",
        "ref": "ORR",
        "shoulder": "left",
        "smoothness": "excellent",
        "source": "Esri World Imagery (2023-09-10)",
        "start_date": "2012-12-03",
        "surface": "asphalt",
        "toll": "yes",
        "@geometry": "center"
      },
      "geometry": {
        "type": "Point",
        "coordinates": [
          78.2845035,
          17.5510564
        ]
      },
      "id": "way/432395878"
    },
    {
      "type": "Feature",
      "properties": {
        "@id": "way/432570528",
        "alt_name": "Inner Ring Road",
        "highway": "primary",
        "lit": "yes",
        "maxspeed": "60",
        "name": "Begumpet Airport Flyover",
        "oneway": "yes",
        "ref": "IRR",
        "@geometry": "center"
      },
      "geometry": {
        "type": "Point",
        "coordinates": [
          78.4670603,
          17.4447322
        ]
      },
      "id": "way/432570528"
    },
    {
      "type": "Feature",
      "properties": {
        "@id": "way/432570530",
        "alt_name": "Inner Ring Road",
        "highway": "primary",
        "lanes": "2",
        "lit": "yes",
        "maxspeed": "60",
        "name": "Begumpet Railway Flyover",
        "name:etymology:wikidata": "Q4880629",
        "oneway": "yes",
        "ref": "IRR",
        "surface": "asphalt",
        "@geometry": "center"
      },
      "geometry": {
        "type": "Point",
        "coordinates": [
          78.4560772,
          17.4324591
        ]
      },
      "id": "way/432570530"
    },
    {
      "type": "Feature",
      "properties": {
        "@id": "way/432570531",
        "alt_name": "Inner Ring Road",
        "highway": "primary",
        "lit": "yes",
        "maxspeed": "60",
        "name": "Begumpet Railway Flyover",
        "name:etymology:wikidata": "Q4880629",
        "oneway": "yes",
        "ref": "IRR",
        "@geometry": "center"
      },
      "geometry": {
        "type": "Point",
        "coordinates": [
          78.4581111,
          17.4418078
        ]
      },
      "id": "way/432570531"
    },
    {
      "type": "Feature",
      "properties": {
        "@id": "way/432570532",
        "alt_name": "Inner Ring Road",
        "highway": "primary",
        "lit": "yes",
        "maxspeed": "60",
        "name": "Begumpet Railway Flyover",
        "name:etymology:wikidata": "Q4880629",
        "oneway": "yes",
        "ref": "IRR",
        "@geometry": "center"
      },
      "geometry": {
        "type": "Point",
        "coordinates": [
          78.4579974,
          17.4418321
        ]
      },
      "id": "way/432570532"
    },
    {
      "type": "Feature",
      "properties": {
        "@id": "way/432570534",
        "alt_name": "Inner Ring Road",
        "highway": "primary",
        "lit": "yes",
        "maxspeed": "60",
        "name": "Greenlands Road",
        "oneway": "yes",
        "ref": "IRR",
        "surface": "asphalt",
        "@geometry": "center"
      },
      "geometry": {
        "type": "Point",
        "coordinates": [
          78.4556365,
          17.4352271
        ]
      },
      "id": "way/432570534"
    },
    {
      "type": "Feature",
      "properties": {
        "@id": "way/432570535",
        "alt_name": "Inner Ring Road",
        "highway": "primary",
        "lit": "yes",
        "maxspeed": "60",
        "name": "Greenlands Road",
        "oneway": "yes",
        "ref": "IRR",
        "@geometry": "center"
      },
      "geometry": {
        "type": "Point",
        "coordinates": [
          78.4551823,
          17.4293921
        ]
      },
      "id": "way/432570535"
    },
    {
      "type": "Feature",
      "properties": {
        "@id": "way/432570539",
        "alt_name": "Inner Ring Road",
        "highway": "primary",
        "lit": "yes",
        "maxspeed": "60",
        "name": "Paradise Flyover",
        "oneway": "yes",
        "ref": "IRR",
        "@geometry": "center"
      },
      "geometry": {
        "type": "Point",
        "coordinates": [
          78.4898807,
          17.443359
        ]
      },
      "id": "way/432570539"
    },
    {
      "type": "Feature",
      "properties": {
        "@id": "way/432570540",
        "alt_name": "Inner Ring Road",
        "highway": "primary",
        "lit": "yes",
        "maxspeed": "60",
        "name": "Paradise Flyover",
        "oneway": "yes",
        "ref": "IRR",
        "@geometry": "center"
      },
      "geometry": {
        "type": "Point",
        "coordinates": [
          78.4831804,
          17.4434455
        ]
      },
      "id": "way/432570540"
    },
    {
      "type": "Feature",
      "properties": {
        "@id": "way/432570541",
        "alt_name": "Inner Ring Road",
        "highway": "primary",
        "lit": "yes",
        "maxspeed": "60",
        "name": "Paradise Flyover",
        "oneway": "yes",
        "ref": "IRR",
        "@geometry": "center"
      },
      "geometry": {
        "type": "Point",
        "coordinates": [
          78.4834333,
          17.4433512
        ]
      },
      "id": "way/432570541"
    },
    {
      "type": "Feature",
      "properties": {
        "@id": "way/432570544",
        "alt_name": "Inner Ring Road",
        "bridge": "yes",
        "highway": "primary",
        "lanes": "2",
        "layer": "1",
        "lit": "yes",
        "maxspeed": "60",
        "name": "Punjagutta Flyover",
        "name:etymology:wikidata": "Q7260358",
        "oneway": "yes",
        "ref": "IRR",
        "@geometry": "center"
      },
      "geometry": {
        "type": "Point",
        "coordinates": [
          78.4489112,
          17.425382
        ]
      },
      "id": "way/432570544"
    },
    {
      "type": "Feature",
      "properties": {
        "@id": "way/432570546",
        "alt_name": "Inner Ring Road",
        "highway": "primary",
        "lit": "yes",
        "maxspeed": "60",
        "name": "Punjagutta Flyover",
        "name:etymology:wikidata": "Q7260358",
        "oneway": "yes",
        "ref": "IRR",
        "@geometry": "center"
      },
      "geometry": {
        "type": "Point",
        "coordinates": [
          78.4562408,
          17.4314398
        ]
      },
      "id": "way/432570546"
    },
    {
      "type": "Feature",
      "properties": {
        "@id": "way/432570547",
        "alt_name": "Inner Ring Road",
        "highway": "primary",
        "lit": "yes",
        "maxspeed": "60",
        "name": "Rail Nilayam Road",
        "oneway": "yes",
        "ref": "IRR",
        "@geometry": "center"
      },
      "geometry": {
        "type": "Point",
        "coordinates": [
          78.5058039,
          17.4407994
        ]
      },
      "id": "way/432570547"
    },
    {
      "type": "Feature",
      "properties": {
        "@id": "way/432570550",
        "alt_name": "Inner Ring Road",
        "highway": "primary",
        "lit": "yes",
        "maxspeed": "60",
        "name": "Rail Nilayam Road",
        "oneway": "yes",
        "ref": "IRR",
        "@geometry": "center"
      },
      "geometry": {
        "type": "Point",
        "coordinates": [
          78.5123833,
          17.4346211
        ]
      },
      "id": "way/432570550"
    },
    {
      "type": "Feature",
      "properties": {
        "@id": "way/432570552",
        "alt_name": "Inner Ring Road",
        "highway": "primary_link",
        "lit": "yes",
        "name": "Rail Nilayam Road",
        "oneway": "yes",
        "ref": "IRR",
        "@geometry": "center"
      },
      "geometry": {
        "type": "Point",
        "coordinates": [
          78.5124245,
          17.4350305
        ]
      },
      "id": "way/432570552"
    },
    {
      "type": "Feature",
      "properties": {
        "@id": "way/432570553",
        "highway": "secondary",
        "lanes": "3",
        "lit": "yes",
        "maxspeed": "50",
        "name": "Raj Bhavan Road",
        "oneway": "yes",
        "surface": "asphalt",
        "@geometry": "center"
      },
      "geometry": {
        "type": "Point",
        "coordinates": [
          78.4556339,
          17.4287112
        ]
      },
      "id": "way/432570553"
    },
    {
      "type": "Feature",
      "properties": {
        "@id": "way/432570556",
        "alt_name": "Inner Ring Road",
        "highway": "primary",
        "lit": "yes",
        "maxspeed": "60",
        "name": "Sardar Patel Flyover",
        "name:etymology:wikidata": "Q9455",
        "oneway": "yes",
        "ref": "IRR",
        "@geometry": "center"
      },
      "geometry": {
        "type": "Point",
        "coordinates": [
          78.5008578,
          17.442821
        ]
      },
      "id": "way/432570556"
    },
    {
      "type": "Feature",
      "properties": {
        "@id": "way/432570557",
        "alt_name": "Inner Ring Road",
        "highway": "primary",
        "lit": "yes",
        "maxspeed": "60",
        "name": "Sardar Patel Flyover",
        "name:etymology:wikidata": "Q9455",
        "oneway": "yes",
        "ref": "IRR",
        "@geometry": "center"
      },
      "geometry": {
        "type": "Point",
        "coordinates": [
          78.5009553,
          17.4428749
        ]
      },
      "id": "way/432570557"
    },
    {
      "type": "Feature",
      "properties": {
        "@id": "way/432570558",
        "alt_name": "Inner Ring Road",
        "highway": "primary",
        "lit": "yes",
        "maxspeed": "60",
        "name": "Sardar Patel Road",
        "name:etymology:wikidata": "Q9455",
        "oneway": "yes",
        "ref": "IRR",
        "@geometry": "center"
      },
      "geometry": {
        "type": "Point",
        "coordinates": [
          78.4904676,
          17.4433476
        ]
      },
      "id": "way/432570558"
    },
    {
      "type": "Feature",
      "properties": {
        "@id": "way/432570564",
        "highway": "primary",
        "lit": "yes",
        "maxspeed": "60",
        "name": "Punjagutta Flyover",
        "name:etymology:wikidata": "Q7260358",
        "oneway": "yes",
        "ref": "IRR",
        "@geometry": "center"
      },
      "geometry": {
        "type": "Point",
        "coordinates": [
          78.4502007,
          17.4261701
        ]
      },
      "id": "way/432570564"
    },
    {
      "type": "Feature",
      "properties": {
        "@id": "way/432570565",
        "alt_name": "Inner Ring Road",
        "highway": "primary",
        "lit": "yes",
        "maxspeed": "60",
        "name": "St Johns Road",
        "name:etymology:wikidata": "Q9455",
        "oneway": "yes",
        "ref": "IRR",
        "@geometry": "center"
      },
      "geometry": {
        "type": "Point",
        "coordinates": [
          78.5055674,
          17.4410668
        ]
      },
      "id": "way/432570565"
    },
    {
      "type": "Feature",
      "properties": {
        "@id": "way/432570566",
        "alt_name": "Inner Ring Road",
        "bridge": "yes",
        "highway": "primary",
        "layer": "1",
        "lit": "yes",
        "maxspeed": "60",
        "name": "Tarnaka Flyover",
        "oneway": "yes",
        "ref": "IRR",
        "@geometry": "center"
      },
      "geometry": {
        "type": "Point",
        "coordinates": [
          78.5319704,
          17.4264263
        ]
      },
      "id": "way/432570566"
    },
    {
      "type": "Feature",
      "properties": {
        "@id": "way/432570567",
        "alt_name": "Inner Ring Road",
        "bridge": "yes",
        "highway": "primary",
        "layer": "1",
        "lit": "yes",
        "maxspeed": "60",
        "name": "Tarnaka Flyover",
        "oneway": "yes",
        "ref": "IRR",
        "sidewalk": "no",
        "@geometry": "center"
      },
      "geometry": {
        "type": "Point",
        "coordinates": [
          78.531946,
          17.4263748
        ]
      },
      "id": "way/432570567"
    },
    {
      "type": "Feature",
      "properties": {
        "@id": "way/432570568",
        "alt_name": "Inner Ring Road",
        "highway": "primary",
        "lit": "yes",
        "maxspeed": "60",
        "name": "Tarnaka Flyover",
        "oneway": "yes",
        "ref": "IRR",
        "@geometry": "center"
      },
      "geometry": {
        "type": "Point",
        "coordinates": [
          78.5296498,
          17.4277726
        ]
      },
      "id": "way/432570568"
    },
    {
      "type": "Feature",
      "properties": {
        "@id": "way/432570569",
        "alt_name": "Inner Ring Road",
        "highway": "primary",
        "lit": "yes",
        "maxspeed": "60",
        "name": "Tarnaka Flyover",
        "oneway": "yes",
        "ref": "IRR",
        "sidewalk": "both",
        "@geometry": "center"
      },
      "geometry": {
        "type": "Point",
        "coordinates": [
          78.5295947,
          17.4276853
        ]
      },
      "id": "way/432570569"
    },
    {
      "type": "Feature",
      "properties": {
        "@id": "way/432570572",
        "highway": "primary_link",
        "lit": "yes",
        "name": "Ameerpet Road",
        "name:etymology:wikidata": "Q4742142",
        "oneway": "yes",
        "surface": "asphalt",
        "@geometry": "center"
      },
      "geometry": {
        "type": "Point",
        "coordinates": [
          78.4553308,
          17.4354005
        ]
      },
      "id": "way/432570572"
    },
    {
      "type": "Feature",
      "properties": {
        "@id": "way/432779495",
        "alt_name": "Inner Ring Road",
        "highway": "primary_link",
        "lit": "yes",
        "name": "Rail Nilayam Road",
        "oneway": "yes",
        "ref": "IRR",
        "@geometry": "center"
      },
      "geometry": {
        "type": "Point",
        "coordinates": [
          78.505561,
          17.4407664
        ]
      },
      "id": "way/432779495"
    },
    {
      "type": "Feature",
      "properties": {
        "@id": "way/432779496",
        "alt_name": "Inner Ring Road",
        "highway": "primary",
        "lit": "yes",
        "maxspeed": "60",
        "name": "Sardar Patel Road",
        "name:etymology:wikidata": "Q9455",
        "oneway": "yes",
        "ref": "IRR",
        "@geometry": "center"
      },
      "geometry": {
        "type": "Point",
        "coordinates": [
          78.4984757,
          17.4430798
        ]
      },
      "id": "way/432779496"
    },
    {
      "type": "Feature",
      "properties": {
        "@id": "way/432779497",
        "alt_name": "Inner Ring Road",
        "highway": "primary",
        "lit": "yes",
        "maxspeed": "60",
        "name": "Sardar Patel Road",
        "name:etymology:wikidata": "Q9455",
        "oneway": "yes",
        "ref": "IRR",
        "@geometry": "center"
      },
      "geometry": {
        "type": "Point",
        "coordinates": [
          78.4984833,
          17.4429112
        ]
      },
      "id": "way/432779497"
    },
    {
      "type": "Feature",
      "properties": {
        "@id": "way/432779498",
        "alt_name": "Inner Ring Road",
        "highway": "primary_link",
        "lit": "yes",
        "name": "Sardar Patel Road",
        "name:etymology:wikidata": "Q9455",
        "oneway": "yes",
        "ref": "IRR",
        "@geometry": "center"
      },
      "geometry": {
        "type": "Point",
        "coordinates": [
          78.4986548,
          17.4429811
        ]
      },
      "id": "way/432779498"
    },
    {
      "type": "Feature",
      "properties": {
        "@id": "way/432779499",
        "alt_name": "Inner Ring Road",
        "highway": "primary_link",
        "lit": "yes",
        "name": "Sardar Patel Road",
        "name:etymology:wikidata": "Q9455",
        "oneway": "yes",
        "ref": "IRR",
        "@geometry": "center"
      },
      "geometry": {
        "type": "Point",
        "coordinates": [
          78.4982887,
          17.4430105
        ]
      },
      "id": "way/432779499"
    },
    {
      "type": "Feature",
      "properties": {
        "@id": "way/432779504",
        "highway": "primary_link",
        "lit": "yes",
        "oneway": "yes",
        "@geometry": "center"
      },
      "geometry": {
        "type": "Point",
        "coordinates": [
          78.4983232,
          17.4431575
        ]
      },
      "id": "way/432779504"
    },
    {
      "type": "Feature",
      "properties": {
        "@id": "way/432779505",
        "highway": "secondary",
        "lit": "yes",
        "name": "St Marys Road",
        "oneway": "yes",
        "@geometry": "center"
      },
      "geometry": {
        "type": "Point",
        "coordinates": [
          78.4982746,
          17.4428037
        ]
      },
      "id": "way/432779505"
    },
    {
      "type": "Feature",
      "properties": {
        "@id": "way/432779508",
        "highway": "primary_link",
        "lit": "yes",
        "oneway": "yes",
        "@geometry": "center"
      },
      "geometry": {
        "type": "Point",
        "coordinates": [
          78.5054081,
          17.4406827
        ]
      },
      "id": "way/432779508"
    },
    {
      "type": "Feature",
      "properties": {
        "@id": "way/435128505",
        "access": "yes",
        "bicycle": "yes",
        "cycleway": "no",
        "foot": "yes",
        "highway": "secondary",
        "lanes": "3",
        "lit": "yes",
        "maxspeed": "50",
        "name": "ISB Road",
        "name:etymology:wikidata": "Q3273896",
        "oneway": "yes",
        "source": "GPS",
        "surface": "asphalt",
        "@geometry": "center"
      },
      "geometry": {
        "type": "Point",
        "coordinates": [
          78.3406474,
          17.4258152
        ]
      },
      "id": "way/435128505"
    },
    {
      "type": "Feature",
      "properties": {
        "@id": "way/435128507",
        "access": "yes",
        "bicycle": "yes",
        "cycleway": "no",
        "foot": "yes",
        "highway": "secondary",
        "lanes": "3",
        "lit": "yes",
        "name": "ISB Road",
        "name:etymology:wikidata": "Q3273896",
        "oneway": "yes",
        "source": "GPS",
        "surface": "asphalt",
        "@geometry": "center"
      },
      "geometry": {
        "type": "Point",
        "coordinates": [
          78.3404212,
          17.4257624
        ]
      },
      "id": "way/435128507"
    },
    {
      "type": "Feature",
      "properties": {
        "@id": "way/435128512",
        "highway": "secondary",
        "lit": "yes",
        "note": "fixme",
        "oneway": "yes",
        "@geometry": "center"
      },
      "geometry": {
        "type": "Point",
        "coordinates": [
          78.340492,
          17.4257158
        ]
      },
      "id": "way/435128512"
    },
    {
      "type": "Feature",
      "properties": {
        "@id": "way/435245636",
        "highway": "primary",
        "lanes": "2",
        "lit": "yes",
        "maxspeed": "60",
        "name": "Gachibowli - Miyapur Highway",
        "oneway": "yes",
        "surface": "asphalt",
        "@geometry": "center"
      },
      "geometry": {
        "type": "Point",
        "coordinates": [
          78.3659546,
          17.4587874
        ]
      },
      "id": "way/435245636"
    },
    {
      "type": "Feature",
      "properties": {
        "@id": "way/435245640",
        "highway": "primary",
        "lanes": "3",
        "lit": "yes",
        "maxspeed": "60",
        "name": "Hitec City - Kondapur Main Road",
        "oneway": "yes",
        "surface": "asphalt",
        "@geometry": "center"
      },
      "geometry": {
        "type": "Point",
        "coordinates": [
          78.3663854,
          17.4588713
        ]
      },
      "id": "way/435245640"
    },
    {
      "type": "Feature",
      "properties": {
        "@id": "way/435245642",
        "highway": "primary_link",
        "lanes": "2",
        "lit": "yes",
        "oneway": "yes",
        "surface": "asphalt",
        "@geometry": "center"
      },
      "geometry": {
        "type": "Point",
        "coordinates": [
          78.3659038,
          17.4583426
        ]
      },
      "id": "way/435245642"
    },
    {
      "type": "Feature",
      "properties": {
        "@id": "way/435245643",
        "footway": "crossing",
        "highway": "footway",
        "lit": "yes",
        "@geometry": "center"
      },
      "geometry": {
        "type": "Point",
        "coordinates": [
          78.3661096,
          17.4588303
        ]
      },
      "id": "way/435245643"
    },
    {
      "type": "Feature",
      "properties": {
        "@id": "way/435245644",
        "bicycle": "no",
        "footway": "crossing",
        "highway": "footway",
        "lit": "yes",
        "@geometry": "center"
      },
      "geometry": {
        "type": "Point",
        "coordinates": [
          78.3662853,
          17.4589481
        ]
      },
      "id": "way/435245644"
    },
    {
      "type": "Feature",
      "properties": {
        "@id": "way/435248358",
        "alt_name": "HITEC City Road",
        "highway": "primary",
        "lanes": "3",
        "lit": "yes",
        "maxspeed": "60",
        "name": "Cyber Towers–Madhapur Main Road",
        "oneway": "yes",
        "surface": "asphalt",
        "@geometry": "center"
      },
      "geometry": {
        "type": "Point",
        "coordinates": [
          78.3813129,
          17.4512347
        ]
      },
      "id": "way/435248358"
    },
    {
      "type": "Feature",
      "properties": {
        "@id": "way/435248360",
        "highway": "primary",
        "lit": "yes",
        "name": "HITEC City–Kukatpally Main Road",
        "oneway": "yes",
        "@geometry": "center"
      },
      "geometry": {
        "type": "Point",
        "coordinates": [
          78.3814387,
          17.4516822
        ]
      },
      "id": "way/435248360"
    },
    {
      "type": "Feature",
      "properties": {
        "@id": "way/435248361",
        "highway": "primary_link",
        "lit": "yes",
        "name": "HITEC City Road",
        "name:etymology:wikidata": "Q3322188",
        "oneway": "yes",
        "@geometry": "center"
      },
      "geometry": {
        "type": "Point",
        "coordinates": [
          78.38129,
          17.4519967
        ]
      },
      "id": "way/435248361"
    },
    {
      "type": "Feature",
      "properties": {
        "@id": "way/435248362",
        "highway": "primary_link",
        "lit": "yes",
        "name": "HITEC City Road",
        "name:etymology:wikidata": "Q3322188",
        "oneway": "yes",
        "@geometry": "center"
      },
      "geometry": {
        "type": "Point",
        "coordinates": [
          78.3809409,
          17.4511705
        ]
      },
      "id": "way/435248362"
    },
    {
      "type": "Feature",
      "properties": {
        "@id": "way/435248363",
        "highway": "primary",
        "lanes": "4",
        "lit": "yes",
        "name": "HITEC City Road",
        "name:etymology:wikidata": "Q3322188",
        "oneway": "yes",
        "@geometry": "center"
      },
      "geometry": {
        "type": "Point",
        "coordinates": [
          78.3807118,
          17.4513956
        ]
      },
      "id": "way/435248363"
    },
    {
      "type": "Feature",
      "properties": {
        "@id": "way/435248364",
        "highway": "primary_link",
        "lit": "yes",
        "name": "HITEC City Road",
        "name:etymology:wikidata": "Q3322188",
        "oneway": "yes",
        "surface": "asphalt",
        "@geometry": "center"
      },
      "geometry": {
        "type": "Point",
        "coordinates": [
          78.3806546,
          17.4514561
        ]
      },
      "id": "way/435248364"
    },
    {
      "type": "Feature",
      "properties": {
        "@id": "way/435248365",
        "highway": "primary",
        "lanes": "3",
        "lit": "yes",
        "maxspeed": "60",
        "name": "HITEC City–Kondapur Main Road",
        "oneway": "yes",
        "surface": "asphalt",
        "@geometry": "center"
      },
      "geometry": {
        "type": "Point",
        "coordinates": [
          78.3807807,
          17.4517944
        ]
      },
      "id": "way/435248365"
    },
    {
      "type": "Feature",
      "properties": {
        "@id": "way/435248366",
        "bicycle": "no",
        "footway": "crossing",
        "highway": "footway",
        "lit": "yes",
        "@geometry": "center"
      },
      "geometry": {
        "type": "Point",
        "coordinates": [
          78.3807572,
          17.4515826
        ]
      },
      "id": "way/435248366"
    },
    {
      "type": "Feature",
      "properties": {
        "@id": "way/435248367",
        "bicycle": "no",
        "footway": "crossing",
        "highway": "footway",
        "lit": "yes",
        "@geometry": "center"
      },
      "geometry": {
        "type": "Point",
        "coordinates": [
          78.3811082,
          17.4518991
        ]
      },
      "id": "way/435248367"
    },
    {
      "type": "Feature",
      "properties": {
        "@id": "way/435248370",
        "bicycle": "no",
        "footway": "crossing",
        "highway": "footway",
        "lit": "yes",
        "@geometry": "center"
      },
      "geometry": {
        "type": "Point",
        "coordinates": [
          78.3814631,
          17.4515055
        ]
      },
      "id": "way/435248370"
    },
    {
      "type": "Feature",
      "properties": {
        "@id": "way/435248372",
        "highway": "primary",
        "lit": "yes",
        "oneway": "yes",
        "@geometry": "center"
      },
      "geometry": {
        "type": "Point",
        "coordinates": [
          78.3812772,
          17.4518464
        ]
      },
      "id": "way/435248372"
    },
    {
      "type": "Feature",
      "properties": {
        "@id": "way/435248373",
        "bicycle": "no",
        "footway": "crossing",
        "highway": "footway",
        "lit": "yes",
        "@geometry": "center"
      },
      "geometry": {
        "type": "Point",
        "coordinates": [
          78.3809588,
          17.4517107
        ]
      },
      "id": "way/435248373"
    },
    {
      "type": "Feature",
      "properties": {
        "@id": "way/435248374",
        "bicycle": "no",
        "footway": "crossing",
        "highway": "footway",
        "lit": "yes",
        "@geometry": "center"
      },
      "geometry": {
        "type": "Point",
        "coordinates": [
          78.3812812,
          17.4513534
        ]
      },
      "id": "way/435248374"
    },
    {
      "type": "Feature",
      "properties": {
        "@id": "way/435248376",
        "bicycle": "no",
        "footway": "crossing",
        "highway": "footway",
        "lit": "yes",
        "@geometry": "center"
      },
      "geometry": {
        "type": "Point",
        "coordinates": [
          78.3812712,
          17.4516723
        ]
      },
      "id": "way/435248376"
    },
    {
      "type": "Feature",
      "properties": {
        "@id": "way/435248378",
        "bicycle": "no",
        "footway": "crossing",
        "highway": "footway",
        "lit": "yes",
        "@geometry": "center"
      },
      "geometry": {
        "type": "Point",
        "coordinates": [
          78.3809689,
          17.4513919
        ]
      },
      "id": "way/435248378"
    },
    {
      "type": "Feature",
      "properties": {
        "@id": "way/435248379",
        "highway": "primary_link",
        "lit": "yes",
        "oneway": "yes",
        "@geometry": "center"
      },
      "geometry": {
        "type": "Point",
        "coordinates": [
          78.3815231,
          17.451343
        ]
      },
      "id": "way/435248379"
    },
    {
      "type": "Feature",
      "properties": {
        "@id": "way/435454115",
        "alt_name": "Road No 8",
        "highway": "primary",
        "lit": "yes",
        "maxspeed": "60",
        "name": "Shivam Road",
        "oneway": "yes",
        "@geometry": "center"
      },
      "geometry": {
        "type": "Point",
        "coordinates": [
          78.5109212,
          17.3912335
        ]
      },
      "id": "way/435454115"
    },
    {
      "type": "Feature",
      "properties": {
        "@id": "way/435454116",
        "alt_name": "Road No 8",
        "highway": "primary",
        "lit": "yes",
        "maxspeed": "60",
        "name": "Shivam Road",
        "oneway": "yes",
        "@geometry": "center"
      },
      "geometry": {
        "type": "Point",
        "coordinates": [
          78.511006,
          17.3912457
        ]
      },
      "id": "way/435454116"
    },
    {
      "type": "Feature",
      "properties": {
        "@id": "way/435454118",
        "alt_name": "Road No 8",
        "highway": "primary",
        "lit": "yes",
        "maxspeed": "60",
        "name": "Shivam Road",
        "oneway": "yes",
        "@geometry": "center"
      },
      "geometry": {
        "type": "Point",
        "coordinates": [
          78.5109575,
          17.3914919
        ]
      },
      "id": "way/435454118"
    },
    {
      "type": "Feature",
      "properties": {
        "@id": "way/436397585",
        "alt_name": "Womens College to Esamia Bazar Road",
        "highway": "primary",
        "lit": "yes",
        "maxspeed": "60",
        "name": "Main Road",
        "oneway": "yes",
        "@geometry": "center"
      },
      "geometry": {
        "type": "Point",
        "coordinates": [
          78.491561,
          17.3812506
        ]
      },
      "id": "way/436397585"
    },
    {
      "type": "Feature",
      "properties": {
        "@id": "way/466702310",
        "highway": "primary_link",
        "lit": "yes",
        "@geometry": "center"
      },
      "geometry": {
        "type": "Point",
        "coordinates": [
          78.4702332,
          17.4441763
        ]
      },
      "id": "way/466702310"
    },
    {
      "type": "Feature",
      "properties": {
        "@id": "way/469409903",
        "bicycle": "no",
        "foot": "yes",
        "highway": "footway",
        "horse": "no",
        "lit": "yes",
        "motor_vehicle": "no",
        "name": "SBI Colony park footpath",
        "surface": "paved",
        "@geometry": "center"
      },
      "geometry": {
        "type": "Point",
        "coordinates": [
          78.5179645,
          17.3991154
        ]
      },
      "id": "way/469409903"
    },
    {
      "type": "Feature",
      "properties": {
        "@id": "way/469414393",
        "highway": "footway",
        "lit": "yes",
        "surface": "paved",
        "@geometry": "center"
      },
      "geometry": {
        "type": "Point",
        "coordinates": [
          78.5182969,
          17.3990095
        ]
      },
      "id": "way/469414393"
    },
    {
      "type": "Feature",
      "properties": {
        "@id": "way/469657595",
        "access": "permissive",
        "foot": "yes",
        "highway": "footway",
        "lit": "yes",
        "name": "Amazon Path way",
        "@geometry": "center"
      },
      "geometry": {
        "type": "Point",
        "coordinates": [
          78.3395442,
          17.4203038
        ]
      },
      "id": "way/469657595"
    },
    {
      "type": "Feature",
      "properties": {
        "@id": "way/470625990",
        "access": "no",
        "foot": "yes",
        "highway": "footway",
        "lit": "yes",
        "@geometry": "center"
      },
      "geometry": {
        "type": "Point",
        "coordinates": [
          78.3581717,
          17.444504
        ]
      },
      "id": "way/470625990"
    },
    {
      "type": "Feature",
      "properties": {
        "@id": "way/473916697",
        "highway": "residential",
        "lit": "yes",
        "name": "Street number 3",
        "name:te": "స్ట్రీట్ నంబరు 3",
        "sidewalk": "no",
        "surface": "asphalt",
        "@geometry": "center"
      },
      "geometry": {
        "type": "Point",
        "coordinates": [
          78.5716738,
          17.3538675
        ]
      },
      "id": "way/473916697"
    },
    {
      "type": "Feature",
      "properties": {
        "@id": "way/477491164",
        "alt_name": "Hi Tech City Main Road",
        "highway": "primary",
        "lanes": "3",
        "layer": "-1",
        "lit": "yes",
        "maxspeed": "60",
        "name": "Mindspace Underpass",
        "oneway": "yes",
        "surface": "asphalt",
        "tunnel": "yes",
        "@geometry": "center"
      },
      "geometry": {
        "type": "Point",
        "coordinates": [
          78.3765958,
          17.439781
        ]
      },
      "id": "way/477491164"
    },
    {
      "type": "Feature",
      "properties": {
        "@id": "way/477491169",
        "highway": "primary",
        "lanes": "3",
        "lit": "yes",
        "maxspeed": "60",
        "name": "Hi Tech City Main Road",
        "name:etymology:wikidata": "Q3322188",
        "oneway": "yes",
        "surface": "asphalt",
        "@geometry": "center"
      },
      "geometry": {
        "type": "Point",
        "coordinates": [
          78.3743375,
          17.4360968
        ]
      },
      "id": "way/477491169"
    },
    {
      "type": "Feature",
      "properties": {
        "@id": "way/477491170",
        "highway": "primary",
        "lanes": "3",
        "lit": "yes",
        "maxspeed": "60",
        "name": "Hi Tech City Main Road",
        "name:etymology:wikidata": "Q3322188",
        "oneway": "yes",
        "surface": "asphalt",
        "@geometry": "center"
      },
      "geometry": {
        "type": "Point",
        "coordinates": [
          78.3746236,
          17.4368571
        ]
      },
      "id": "way/477491170"
    },
    {
      "type": "Feature",
      "properties": {
        "@id": "way/491672720",
        "highway": "trunk",
        "lanes": "2",
        "lit": "yes",
        "maxspeed": "60",
        "oneway": "yes",
        "ref": "NH65",
        "ref:old": "NH9",
        "source": "Yahoo hires",
        "toll": "yes",
        "tunnel": "building_passage",
        "@geometry": "center"
      },
      "geometry": {
        "type": "Point",
        "coordinates": [
          78.273353,
          17.5235128
        ]
      },
      "id": "way/491672720"
    },
    {
      "type": "Feature",
      "properties": {
        "@id": "way/491672721",
        "highway": "trunk",
        "lanes": "2",
        "lit": "yes",
        "maxspeed": "60",
        "oneway": "yes",
        "ref": "NH65",
        "ref:old": "NH9",
        "source": "Yahoo hires",
        "toll": "yes",
        "@geometry": "center"
      },
      "geometry": {
        "type": "Point",
        "coordinates": [
          78.2715104,
          17.5249332
        ]
      },
      "id": "way/491672721"
    },
    {
      "type": "Feature",
      "properties": {
        "@id": "way/502400995",
        "foot": "yes",
        "highway": "primary",
        "lanes": "4",
        "lit": "yes",
        "maxspeed": "60",
        "name": "Musheerabad Main Road",
        "name:etymology:wikidata": "Q6941245",
        "oneway": "yes",
        "surface": "asphalt",
        "@geometry": "center"
      },
      "geometry": {
        "type": "Point",
        "coordinates": [
          78.4991712,
          17.4158566
        ]
      },
      "id": "way/502400995"
    },
    {
      "type": "Feature",
      "properties": {
        "@id": "way/539950972",
        "access": "private",
        "bicycle": "yes",
        "cycleway": "no",
        "foot": "yes",
        "highway": "service",
        "lit": "yes",
        "maxspeed": "20",
        "name": "swecha road",
        "name:te": "స్వేచ్చ రోడ్డు",
        "oneway": "no",
        "surface": "concrete",
        "@geometry": "center"
      },
      "geometry": {
        "type": "Point",
        "coordinates": [
          78.3612254,
          17.4360204
        ]
      },
      "id": "way/539950972"
    },
    {
      "type": "Feature",
      "properties": {
        "@id": "way/546065976",
        "highway": "primary",
        "lanes": "3",
        "lit": "yes",
        "name": "Inner Ring Road",
        "oneway": "yes",
        "ref": "IRR",
        "surface": "asphalt",
        "@geometry": "center"
      },
      "geometry": {
        "type": "Point",
        "coordinates": [
          78.5526602,
          17.3488974
        ]
      },
      "id": "way/546065976"
    },
    {
      "type": "Feature",
      "properties": {
        "@id": "way/546068721",
        "highway": "primary",
        "lanes": "3",
        "lit": "yes",
        "name": "Inner Ring Road",
        "oneway": "yes",
        "ref": "IRR",
        "surface": "asphalt",
        "@geometry": "center"
      },
      "geometry": {
        "type": "Point",
        "coordinates": [
          78.5518208,
          17.3478334
        ]
      },
      "id": "way/546068721"
    },
    {
      "type": "Feature",
      "properties": {
        "@id": "way/558979476",
        "addr:city": "Beside Centre for Good Governance, Greenlands colony, Gachibowli 'X'Roads, Sherilingampally, Rangareddy Dt.,",
        "addr:postcode": "Hyderabad – 500032",
        "addr:street": "Sundarayya Vignana Kendram road",
        "leisure": "pitch",
        "lit": "yes",
        "name": "SVK Stadium",
        "sport": "soccer",
        "surface": "artificial_turf",
        "@geometry": "center"
      },
      "geometry": {
        "type": "Point",
        "coordinates": [
          78.3610884,
          17.435537
        ]
      },
      "id": "way/558979476"
    },
    {
      "type": "Feature",
      "properties": {
        "@id": "way/562832900",
        "AND:importance_level": "2",
        "highway": "primary",
        "lit": "yes",
        "maxspeed": "60",
        "name": "Old Bombay Road",
        "oneway": "yes",
        "@geometry": "center"
      },
      "geometry": {
        "type": "Point",
        "coordinates": [
          78.3199222,
          17.4795335
        ]
      },
      "id": "way/562832900"
    },
    {
      "type": "Feature",
      "properties": {
        "@id": "way/563623443",
        "highway": "primary_link",
        "lit": "yes",
        "@geometry": "center"
      },
      "geometry": {
        "type": "Point",
        "coordinates": [
          78.5263289,
          17.4295886
        ]
      },
      "id": "way/563623443"
    },
    {
      "type": "Feature",
      "properties": {
        "@id": "way/563782270",
        "highway": "primary_link",
        "lit": "yes",
        "@geometry": "center"
      },
      "geometry": {
        "type": "Point",
        "coordinates": [
          78.5366255,
          17.4240087
        ]
      },
      "id": "way/563782270"
    },
    {
      "type": "Feature",
      "properties": {
        "@id": "way/563787621",
        "highway": "primary",
        "lanes": "3",
        "lit": "yes",
        "maxspeed": "60",
        "name": "Hi Tech City Main Road",
        "name:etymology:wikidata": "Q3322188",
        "oneway": "yes",
        "surface": "asphalt",
        "@geometry": "center"
      },
      "geometry": {
        "type": "Point",
        "coordinates": [
          78.3752903,
          17.4374818
        ]
      },
      "id": "way/563787621"
    },
    {
      "type": "Feature",
      "properties": {
        "@id": "way/563788682",
        "alt_name": "Hi Tech City Main Road",
        "highway": "primary",
        "lanes": "3",
        "layer": "-1",
        "lit": "yes",
        "maxspeed": "60",
        "name": "Mindspace Underpass",
        "oneway": "yes",
        "surface": "asphalt",
        "tunnel": "yes",
        "@geometry": "center"
      },
      "geometry": {
        "type": "Point",
        "coordinates": [
          78.3767445,
          17.4397298
        ]
      },
      "id": "way/563788682"
    },
    {
      "type": "Feature",
      "properties": {
        "@id": "way/564195698",
        "highway": "primary_link",
        "lit": "yes",
        "@geometry": "center"
      },
      "geometry": {
        "type": "Point",
        "coordinates": [
          78.4517435,
          17.4017517
        ]
      },
      "id": "way/564195698"
    },
    {
      "type": "Feature",
      "properties": {
        "@id": "way/570709695",
        "alt_name": "RTC X Road",
        "highway": "primary",
        "lit": "yes",
        "maxspeed": "60",
        "name": "Indira Park Road",
        "name:etymology:wikidata": "Q11219005",
        "oneway": "yes",
        "@geometry": "center"
      },
      "geometry": {
        "type": "Point",
        "coordinates": [
          78.4890543,
          17.4092195
        ]
      },
      "id": "way/570709695"
    },
    {
      "type": "Feature",
      "properties": {
        "@id": "way/570709697",
        "alt_name": "RTC X Road",
        "highway": "primary",
        "lit": "yes",
        "maxspeed": "60",
        "name": "Indira Park Road",
        "name:etymology:wikidata": "Q11219005",
        "oneway": "yes",
        "@geometry": "center"
      },
      "geometry": {
        "type": "Point",
        "coordinates": [
          78.4832167,
          17.4110974
        ]
      },
      "id": "way/570709697"
    },
    {
      "type": "Feature",
      "properties": {
        "@id": "way/570711706",
        "alt_name": "RTC X Road",
        "highway": "primary",
        "lit": "yes",
        "maxspeed": "60",
        "name": "Indira Park Road",
        "name:etymology:wikidata": "Q11219005",
        "oneway": "yes",
        "@geometry": "center"
      },
      "geometry": {
        "type": "Point",
        "coordinates": [
          78.4930286,
          17.4078606
        ]
      },
      "id": "way/570711706"
    },
    {
      "type": "Feature",
      "properties": {
        "@id": "way/570712195",
        "highway": "primary_link",
        "lit": "yes",
        "@geometry": "center"
      },
      "geometry": {
        "type": "Point",
        "coordinates": [
          78.4942047,
          17.4075689
        ]
      },
      "id": "way/570712195"
    },
    {
      "type": "Feature",
      "properties": {
        "@id": "way/573890892",
        "highway": "trunk",
        "lanes": "2",
        "lit": "yes",
        "maxspeed": "60",
        "oneway": "yes",
        "ref": "NH65",
        "ref:old": "NH9",
        "source": "Yahoo hires",
        "@geometry": "center"
      },
      "geometry": {
        "type": "Point",
        "coordinates": [
          78.2519317,
          17.5334138
        ]
      },
      "id": "way/573890892"
    },
    {
      "type": "Feature",
      "properties": {
        "@id": "way/573890896",
        "highway": "trunk",
        "lanes": "2",
        "lit": "yes",
        "maxspeed": "60",
        "oneway": "yes",
        "ref": "NH65",
        "ref:old": "NH9",
        "source": "Yahoo hires",
        "@geometry": "center"
      },
      "geometry": {
        "type": "Point",
        "coordinates": [
          78.2519774,
          17.5334968
        ]
      },
      "id": "way/573890896"
    },
    {
      "type": "Feature",
      "properties": {
        "@id": "way/585932062",
        "bicycle": "no",
        "embankment": "left",
        "foot": "no",
        "highway": "motorway",
        "horse": "no",
        "lanes": "4",
        "lit": "yes",
        "maxspeed": "120",
        "maxspeed:advisory:lanes": "80|80|120|120",
        "motor_vehicle": "designated",
        "motorcycle": "no",
        "name": "Outer Ring Road",
        "name:hi": "आउटर रिंग रोड",
        "name:te": "ఔటర్ రింగు రోడ్డు",
        "official_name": "Nehru Outer Ring Road",
        "official_name:hi": "नेहरू आउटर रिंग रोड",
        "official_name:te": "నెహ్రూ ఔటర్ రింగ్ రోడ్",
        "oneway": "yes",
        "operator": "Hyderabad Metropolitan Development Authority",
        "ref": "ORR",
        "shoulder": "left",
        "smoothness": "excellent",
        "source": "Esri World Imagery (2023-09-10)",
        "start_date": "2012-12-03",
        "surface": "asphalt",
        "toll": "yes",
        "@geometry": "center"
      },
      "geometry": {
        "type": "Point",
        "coordinates": [
          78.2664727,
          17.5475223
        ]
      },
      "id": "way/585932062"
    },
    {
      "type": "Feature",
      "properties": {
        "@id": "way/588023940",
        "highway": "primary",
        "lit": "yes",
        "oneway": "yes",
        "ref": "Old NH7",
        "ref:old": "NH7",
        "@geometry": "center"
      },
      "geometry": {
        "type": "Point",
        "coordinates": [
          78.4745869,
          17.3982395
        ]
      },
      "id": "way/588023940"
    },
    {
      "type": "Feature",
      "properties": {
        "@id": "way/588023941",
        "highway": "primary",
        "lit": "yes",
        "maxspeed": "60",
        "oneway": "yes",
        "ref": "Old NH7",
        "ref:old": "NH7",
        "@geometry": "center"
      },
      "geometry": {
        "type": "Point",
        "coordinates": [
          78.4748244,
          17.3984733
        ]
      },
      "id": "way/588023941"
    },
    {
      "type": "Feature",
      "properties": {
        "@id": "way/588023942",
        "highway": "primary_link",
        "lit": "yes",
        "oneway": "yes",
        "@geometry": "center"
      },
      "geometry": {
        "type": "Point",
        "coordinates": [
          78.4749832,
          17.3982406
        ]
      },
      "id": "way/588023942"
    },
    {
      "type": "Feature",
      "properties": {
        "@id": "way/588023943",
        "highway": "primary",
        "lit": "yes",
        "oneway": "yes",
        "ref": "Old NH7",
        "ref:old": "NH7",
        "@geometry": "center"
      },
      "geometry": {
        "type": "Point",
        "coordinates": [
          78.4748301,
          17.3982847
        ]
      },
      "id": "way/588023943"
    },
    {
      "type": "Feature",
      "properties": {
        "@id": "way/588023944",
        "highway": "primary_link",
        "lit": "yes",
        "oneway": "yes",
        "@geometry": "center"
      },
      "geometry": {
        "type": "Point",
        "coordinates": [
          78.4745803,
          17.3987985
        ]
      },
      "id": "way/588023944"
    },
    {
      "type": "Feature",
      "properties": {
        "@id": "way/589249726",
        "alt_name": "Banjara Hills Main Road",
        "highway": "primary_link",
        "lit": "yes",
        "name": "Judge Kushan Road",
        "oneway": "yes",
        "@geometry": "center"
      },
      "geometry": {
        "type": "Point",
        "coordinates": [
          78.4491599,
          17.4171962
        ]
      },
      "id": "way/589249726"
    },
    {
      "type": "Feature",
      "properties": {
        "@id": "way/614574299",
        "access": "private",
        "highway": "residential",
        "lit": "yes",
        "oneway": "no",
        "width": "5",
        "@geometry": "center"
      },
      "geometry": {
        "type": "Point",
        "coordinates": [
          78.3322124,
          17.433924
        ]
      },
      "id": "way/614574299"
    },
    {
      "type": "Feature",
      "properties": {
        "@id": "way/629256870",
        "area": "yes",
        "bridge": "viaduct",
        "layer": "1",
        "lit": "yes",
        "public_transport": "platform",
        "railway": "platform",
        "shelter": "yes",
        "@geometry": "center"
      },
      "geometry": {
        "type": "Point",
        "coordinates": [
          78.5589004,
          17.3908604
        ]
      },
      "id": "way/629256870"
    },
    {
      "type": "Feature",
      "properties": {
        "@id": "way/629256873",
        "area": "yes",
        "bridge": "viaduct",
        "layer": "1",
        "lit": "yes",
        "public_transport": "platform",
        "railway": "platform",
        "shelter": "yes",
        "@geometry": "center"
      },
      "geometry": {
        "type": "Point",
        "coordinates": [
          78.5587494,
          17.3908696
        ]
      },
      "id": "way/629256873"
    },
    {
      "type": "Feature",
      "properties": {
        "@id": "way/630975198",
        "highway": "secondary",
        "lit": "yes",
        "maxspeed": "60",
        "name": "Ameerpet Road",
        "name:etymology:wikidata": "Q4742142",
        "oneway": "yes",
        "@geometry": "center"
      },
      "geometry": {
        "type": "Point",
        "coordinates": [
          78.4545804,
          17.4356131
        ]
      },
      "id": "way/630975198"
    },
    {
      "type": "Feature",
      "properties": {
        "@id": "way/634132557",
        "highway": "primary",
        "lit": "yes",
        "maxspeed": "60",
        "name": "Road No. 2",
        "name:te": "రోడ్డు నెంబర్ 2",
        "oneway": "yes",
        "@geometry": "center"
      },
      "geometry": {
        "type": "Point",
        "coordinates": [
          78.426408,
          17.4231159
        ]
      },
      "id": "way/634132557"
    },
    {
      "type": "Feature",
      "properties": {
        "@id": "way/634132562",
        "highway": "primary",
        "lit": "yes",
        "maxspeed": "60",
        "name": "Road No 3",
        "oneway": "yes",
        "@geometry": "center"
      },
      "geometry": {
        "type": "Point",
        "coordinates": [
          78.4397105,
          17.4271586
        ]
      },
      "id": "way/634132562"
    },
    {
      "type": "Feature",
      "properties": {
        "@id": "way/634153116",
        "leisure": "pitch",
        "lit": "yes",
        "name": "Asif Tennis Club",
        "sport": "tennis",
        "@geometry": "center"
      },
      "geometry": {
        "type": "Point",
        "coordinates": [
          78.470664,
          17.3973855
        ]
      },
      "id": "way/634153116"
    },
    {
      "type": "Feature",
      "properties": {
        "@id": "way/639735537",
        "highway": "primary",
        "lit": "yes",
        "maxspeed": "60",
        "oneway": "yes",
        "@geometry": "center"
      },
      "geometry": {
        "type": "Point",
        "coordinates": [
          78.5113046,
          17.437008
        ]
      },
      "id": "way/639735537"
    },
    {
      "type": "Feature",
      "properties": {
        "@id": "way/639735539",
        "alt_name": "Rail Nilayam Road",
        "bicycle": "yes",
        "highway": "primary",
        "highway_1": "tunnel",
        "horse": "no",
        "layer": "-1",
        "lit": "yes",
        "maxspeed": "60",
        "name": "Rail Nilayam Road Underpass",
        "oneway": "yes",
        "sidewalk": "both",
        "surface": "concrete",
        "tunnel": "yes",
        "@geometry": "center"
      },
      "geometry": {
        "type": "Point",
        "coordinates": [
          78.5120434,
          17.4359689
        ]
      },
      "id": "way/639735539"
    },
    {
      "type": "Feature",
      "properties": {
        "@id": "way/639735540",
        "highway": "primary",
        "lit": "yes",
        "maxspeed": "60",
        "oneway": "yes",
        "sidewalk": "left",
        "surface": "concrete",
        "@geometry": "center"
      },
      "geometry": {
        "type": "Point",
        "coordinates": [
          78.5136131,
          17.4352733
        ]
      },
      "id": "way/639735540"
    },
    {
      "type": "Feature",
      "properties": {
        "@id": "way/656500631",
        "highway": "primary_link",
        "lit": "yes",
        "sidewalk": "no",
        "surface": "asphalt",
        "@geometry": "center"
      },
      "geometry": {
        "type": "Point",
        "coordinates": [
          78.5524693,
          17.4092528
        ]
      },
      "id": "way/656500631"
    },
    {
      "type": "Feature",
      "properties": {
        "@id": "way/656507234",
        "highway": "primary_link",
        "lit": "yes",
        "@geometry": "center"
      },
      "geometry": {
        "type": "Point",
        "coordinates": [
          78.4938329,
          17.4431615
        ]
      },
      "id": "way/656507234"
    },
    {
      "type": "Feature",
      "properties": {
        "@id": "way/658049833",
        "bicycle": "no",
        "highway": "path",
        "horse": "no",
        "lit": "yes",
        "name": "park walk path",
        "surface": "sett",
        "trail_visibility": "excellent",
        "@geometry": "center"
      },
      "geometry": {
        "type": "Point",
        "coordinates": [
          78.3638715,
          17.4614387
        ]
      },
      "id": "way/658049833"
    },
    {
      "type": "Feature",
      "properties": {
        "@id": "way/661338478",
        "highway": "residential",
        "lit": "yes",
        "source": "Maxar",
        "surface": "asphalt",
        "@geometry": "center"
      },
      "geometry": {
        "type": "Point",
        "coordinates": [
          78.3869129,
          17.4428364
        ]
      },
      "id": "way/661338478"
    },
    {
      "type": "Feature",
      "properties": {
        "@id": "way/673604582",
        "highway": "primary",
        "lit": "yes",
        "maxspeed": "60",
        "name": "Nallakunta Main Road",
        "name:etymology:wikidata": "Q15260865",
        "oneway": "yes",
        "@geometry": "center"
      },
      "geometry": {
        "type": "Point",
        "coordinates": [
          78.5051089,
          17.3981068
        ]
      },
      "id": "way/673604582"
    },
    {
      "type": "Feature",
      "properties": {
        "@id": "way/673604586",
        "alt_name": "RTC X Road",
        "highway": "primary",
        "lit": "yes",
        "maxspeed": "60",
        "name": "RTC X Road",
        "oneway": "yes",
        "@geometry": "center"
      },
      "geometry": {
        "type": "Point",
        "coordinates": [
          78.5077111,
          17.4022894
        ]
      },
      "id": "way/673604586"
    },
    {
      "type": "Feature",
      "properties": {
        "@id": "way/673604590",
        "alt_name": "RTC X Road",
        "foot": "yes",
        "highway": "primary",
        "lit": "yes",
        "maxspeed": "60",
        "name": "RTC X Road",
        "oneway": "yes",
        "@geometry": "center"
      },
      "geometry": {
        "type": "Point",
        "coordinates": [
          78.5004741,
          17.4052609
        ]
      },
      "id": "way/673604590"
    },
    {
      "type": "Feature",
      "properties": {
        "@id": "way/673608246",
        "highway": "primary",
        "lit": "yes",
        "maxspeed": "60",
        "name": "Barkhatpura Road",
        "oneway": "yes",
        "@geometry": "center"
      },
      "geometry": {
        "type": "Point",
        "coordinates": [
          78.5026,
          17.3956849
        ]
      },
      "id": "way/673608246"
    },
    {
      "type": "Feature",
      "properties": {
        "@id": "way/673608249",
        "bridge": "yes",
        "highway": "primary",
        "layer": "1",
        "lit": "yes",
        "maxspeed": "60",
        "name": "Barkhatpura Bridge",
        "oneway": "yes",
        "@geometry": "center"
      },
      "geometry": {
        "type": "Point",
        "coordinates": [
          78.5015621,
          17.3950712
        ]
      },
      "id": "way/673608249"
    },
    {
      "type": "Feature",
      "properties": {
        "@id": "way/673608252",
        "highway": "primary",
        "lit": "yes",
        "maxspeed": "60",
        "name": "Barkhatpura Road",
        "oneway": "yes",
        "@geometry": "center"
      },
      "geometry": {
        "type": "Point",
        "coordinates": [
          78.4999507,
          17.3946751
        ]
      },
      "id": "way/673608252"
    },
    {
      "type": "Feature",
      "properties": {
        "@id": "way/673610991",
        "alt_name": "Road No 8",
        "highway": "primary",
        "lit": "yes",
        "maxspeed": "60",
        "name": "Shivam Road",
        "oneway": "yes",
        "@geometry": "center"
      },
      "geometry": {
        "type": "Point",
        "coordinates": [
          78.5108068,
          17.393898
        ]
      },
      "id": "way/673610991"
    },
    {
      "type": "Feature",
      "properties": {
        "@id": "way/673610992",
        "alt_name": "Road No 8",
        "highway": "primary",
        "lit": "yes",
        "maxspeed": "60",
        "name": "Shivam Road",
        "oneway": "yes",
        "@geometry": "center"
      },
      "geometry": {
        "type": "Point",
        "coordinates": [
          78.5108847,
          17.3938281
        ]
      },
      "id": "way/673610992"
    },
    {
      "type": "Feature",
      "properties": {
        "@id": "way/673610994",
        "alt_name": "Road No 8",
        "highway": "primary",
        "lit": "yes",
        "maxspeed": "60",
        "name": "Shivam Road",
        "oneway": "yes",
        "@geometry": "center"
      },
      "geometry": {
        "type": "Point",
        "coordinates": [
          78.5108851,
          17.3938866
        ]
      },
      "id": "way/673610994"
    },
    {
      "type": "Feature",
      "properties": {
        "@id": "way/673610998",
        "highway": "primary",
        "lit": "yes",
        "maxspeed": "60",
        "name": "Tilak Nagar Main Road",
        "oneway": "yes",
        "@geometry": "center"
      },
      "geometry": {
        "type": "Point",
        "coordinates": [
          78.5108455,
          17.3938671
        ]
      },
      "id": "way/673610998"
    },
    {
      "type": "Feature",
      "properties": {
        "@id": "way/686886941",
        "highway": "tertiary",
        "lit": "yes",
        "@geometry": "center"
      },
      "geometry": {
        "type": "Point",
        "coordinates": [
          78.4525272,
          17.4360292
        ]
      },
      "id": "way/686886941"
    },
    {
      "type": "Feature",
      "properties": {
        "@id": "way/686956475",
        "highway": "primary_link",
        "lit": "yes",
        "oneway": "yes",
        "@geometry": "center"
      },
      "geometry": {
        "type": "Point",
        "coordinates": [
          78.4482167,
          17.4202468
        ]
      },
      "id": "way/686956475"
    },
    {
      "type": "Feature",
      "properties": {
        "@id": "way/687306642",
        "highway": "primary",
        "lit": "yes",
        "oneway": "yes",
        "@geometry": "center"
      },
      "geometry": {
        "type": "Point",
        "coordinates": [
          78.4773401,
          17.4062722
        ]
      },
      "id": "way/687306642"
    },
    {
      "type": "Feature",
      "properties": {
        "@id": "way/687379414",
        "highway": "primary_link",
        "lit": "yes",
        "oneway": "yes",
        "@geometry": "center"
      },
      "geometry": {
        "type": "Point",
        "coordinates": [
          78.4806813,
          17.4434475
        ]
      },
      "id": "way/687379414"
    },
    {
      "type": "Feature",
      "properties": {
        "@id": "way/693078195",
        "highway": "primary_link",
        "lit": "yes",
        "@geometry": "center"
      },
      "geometry": {
        "type": "Point",
        "coordinates": [
          78.494867,
          17.4431218
        ]
      },
      "id": "way/693078195"
    },
    {
      "type": "Feature",
      "properties": {
        "@id": "way/693158748",
        "highway": "primary_link",
        "lit": "yes",
        "@geometry": "center"
      },
      "geometry": {
        "type": "Point",
        "coordinates": [
          78.5076309,
          17.4027642
        ]
      },
      "id": "way/693158748"
    },
    {
      "type": "Feature",
      "properties": {
        "@id": "way/694260862",
        "highway": "primary_link",
        "lit": "yes",
        "@geometry": "center"
      },
      "geometry": {
        "type": "Point",
        "coordinates": [
          78.4294086,
          17.3798597
        ]
      },
      "id": "way/694260862"
    },
    {
      "type": "Feature",
      "properties": {
        "@id": "way/694278943",
        "highway": "primary_link",
        "lit": "yes",
        "name": "Tilak Nagar Main Road",
        "@geometry": "center"
      },
      "geometry": {
        "type": "Point",
        "coordinates": [
          78.5041851,
          17.3952156
        ]
      },
      "id": "way/694278943"
    },
    {
      "type": "Feature",
      "properties": {
        "@id": "way/694306477",
        "highway": "primary_link",
        "lit": "yes",
        "sidewalk": "left",
        "surface": "asphalt",
        "@geometry": "center"
      },
      "geometry": {
        "type": "Point",
        "coordinates": [
          78.5082185,
          17.4398487
        ]
      },
      "id": "way/694306477"
    },
    {
      "type": "Feature",
      "properties": {
        "@id": "way/694328269",
        "highway": "primary_link",
        "lit": "yes",
        "@geometry": "center"
      },
      "geometry": {
        "type": "Point",
        "coordinates": [
          78.5012349,
          17.3950087
        ]
      },
      "id": "way/694328269"
    },
    {
      "type": "Feature",
      "properties": {
        "@id": "way/694846239",
        "highway": "primary_link",
        "lit": "yes",
        "sidewalk": "both",
        "@geometry": "center"
      },
      "geometry": {
        "type": "Point",
        "coordinates": [
          78.5217667,
          17.4335535
        ]
      },
      "id": "way/694846239"
    },
    {
      "type": "Feature",
      "properties": {
        "@id": "way/694941637",
        "highway": "primary_link",
        "lit": "yes",
        "sidewalk": "no",
        "surface": "asphalt",
        "@geometry": "center"
      },
      "geometry": {
        "type": "Point",
        "coordinates": [
          78.515303,
          17.4359442
        ]
      },
      "id": "way/694941637"
    },
    {
      "type": "Feature",
      "properties": {
        "@id": "way/694954465",
        "highway": "residential",
        "lit": "yes",
        "surface": "concrete",
        "@geometry": "center"
      },
      "geometry": {
        "type": "Point",
        "coordinates": [
          78.5116474,
          17.4368602
        ]
      },
      "id": "way/694954465"
    },
    {
      "type": "Feature",
      "properties": {
        "@id": "way/722759030",
        "highway": "residential",
        "lit": "yes",
        "sidewalk": "no",
        "surface": "asphalt",
        "@geometry": "center"
      },
      "geometry": {
        "type": "Point",
        "coordinates": [
          78.568364,
          17.3547592
        ]
      },
      "id": "way/722759030"
    },
    {
      "type": "Feature",
      "properties": {
        "@id": "way/722760762",
        "highway": "residential",
        "lit": "yes",
        "name": "Street number 9",
        "name:te": "స్ట్రీట్ నంబరు 9",
        "sidewalk": "no",
        "surface": "concrete",
        "@geometry": "center"
      },
      "geometry": {
        "type": "Point",
        "coordinates": [
          78.5700372,
          17.354861
        ]
      },
      "id": "way/722760762"
    },
    {
      "type": "Feature",
      "properties": {
        "@id": "way/722760850",
        "highway": "residential",
        "lit": "yes",
        "name": "Street number 14",
        "name:te": "స్ట్రీట్ నంబరు 14",
        "sidewalk": "no",
        "surface": "asphalt",
        "@geometry": "center"
      },
      "geometry": {
        "type": "Point",
        "coordinates": [
          78.5685315,
          17.3556083
        ]
      },
      "id": "way/722760850"
    },
    {
      "type": "Feature",
      "properties": {
        "@id": "way/722761253",
        "highway": "residential",
        "lit": "yes",
        "name": "Street number 13",
        "name:te": "స్ట్రీట్ నంబరు 13",
        "sidewalk": "no",
        "surface": "asphalt",
        "@geometry": "center"
      },
      "geometry": {
        "type": "Point",
        "coordinates": [
          78.5688515,
          17.3554712
        ]
      },
      "id": "way/722761253"
    },
    {
      "type": "Feature",
      "properties": {
        "@id": "way/728941828",
        "access": "yes",
        "alt_name": "Old Bombay Highway",
        "bicycle": "yes",
        "bridge": "yes",
        "cycleway": "no",
        "foot": "yes",
        "highway": "primary",
        "lanes": "2",
        "layer": "1",
        "lit": "yes",
        "maxspeed": "60",
        "name": "Tolichowki Flyover",
        "oneway": "yes",
        "surface": "asphalt",
        "@geometry": "center"
      },
      "geometry": {
        "type": "Point",
        "coordinates": [
          78.4161447,
          17.3994521
        ]
      },
      "id": "way/728941828"
    },
    {
      "type": "Feature",
      "properties": {
        "@id": "way/728941829",
        "access": "yes",
        "bicycle": "yes",
        "cycleway": "no",
        "foot": "yes",
        "highway": "primary",
        "lanes": "2",
        "lit": "yes",
        "maxspeed": "60",
        "name": "Old Bombay Highway",
        "oneway": "yes",
        "surface": "asphalt",
        "@geometry": "center"
      },
      "geometry": {
        "type": "Point",
        "coordinates": [
          78.4235113,
          17.3968549
        ]
      },
      "id": "way/728941829"
    },
    {
      "type": "Feature",
      "properties": {
        "@id": "way/728941830",
        "alt_name": "Old Bombay Highway",
        "bridge": "yes",
        "highway": "primary",
        "layer": "1",
        "lit": "yes",
        "maxspeed": "60",
        "name": "Tolichowki Flyover",
        "oneway": "yes",
        "@geometry": "center"
      },
      "geometry": {
        "type": "Point",
        "coordinates": [
          78.4158612,
          17.3997525
        ]
      },
      "id": "way/728941830"
    },
    {
      "type": "Feature",
      "properties": {
        "@id": "way/744210540",
        "highway": "primary_link",
        "lit": "yes",
        "oneway": "yes",
        "@geometry": "center"
      },
      "geometry": {
        "type": "Point",
        "coordinates": [
          78.5058342,
          17.4328498
        ]
      },
      "id": "way/744210540"
    },
    {
      "type": "Feature",
      "properties": {
        "@id": "way/747373027",
        "highway": "primary",
        "lanes": "2",
        "lit": "yes",
        "maxspeed": "60",
        "name": "Chikkadapally Road",
        "name:etymology:wikidata": "Q6965556",
        "oneway": "yes",
        "@geometry": "center"
      },
      "geometry": {
        "type": "Point",
        "coordinates": [
          78.4956629,
          17.4036751
        ]
      },
      "id": "way/747373027"
    },
    {
      "type": "Feature",
      "properties": {
        "@id": "way/747389075",
        "conveying": "reversible",
        "covered": "yes",
        "handrail:left": "yes",
        "handrail:right": "yes",
        "highway": "steps",
        "incline": "down",
        "layer": "1",
        "lit": "yes",
        "ramp": "no",
        "width": "2.5",
        "@geometry": "center"
      },
      "geometry": {
        "type": "Point",
        "coordinates": [
          78.485344,
          17.4429355
        ]
      },
      "id": "way/747389075"
    },
    {
      "type": "Feature",
      "properties": {
        "@id": "way/747389091",
        "bridge": "yes",
        "covered": "yes",
        "highway": "footway",
        "layer": "2",
        "lit": "yes",
        "smoothness": "excellent",
        "surface": "paving_stones",
        "width": "4",
        "@geometry": "center"
      },
      "geometry": {
        "type": "Point",
        "coordinates": [
          78.4852783,
          17.4433083
        ]
      },
      "id": "way/747389091"
    },
    {
      "type": "Feature",
      "properties": {
        "@id": "way/747389100",
        "bridge": "yes",
        "highway": "footway",
        "layer": "1",
        "level": "1",
        "lit": "yes",
        "smoothness": "excellent",
        "surface": "paving_stones",
        "width": "4",
        "@geometry": "center"
      },
      "geometry": {
        "type": "Point",
        "coordinates": [
          78.4984162,
          17.4433501
        ]
      },
      "id": "way/747389100"
    },
    {
      "type": "Feature",
      "properties": {
        "@id": "way/747389112",
        "bridge": "yes",
        "highway": "footway",
        "layer": "1",
        "level": "1",
        "lit": "yes",
        "smoothness": "excellent",
        "surface": "paving_stones",
        "width": "2.5",
        "@geometry": "center"
      },
      "geometry": {
        "type": "Point",
        "coordinates": [
          78.498218,
          17.4437025
        ]
      },
      "id": "way/747389112"
    },
    {
      "type": "Feature",
      "properties": {
        "@id": "way/748838166",
        "bridge": "yes",
        "highway": "footway",
        "layer": "1",
        "level": "1",
        "lit": "yes",
        "smoothness": "excellent",
        "surface": "paving_stones",
        "width": "3",
        "@geometry": "center"
      },
      "geometry": {
        "type": "Point",
        "coordinates": [
          78.4734897,
          17.385414
        ]
      },
      "id": "way/748838166"
    },
    {
      "type": "Feature",
      "properties": {
        "@id": "way/748838169",
        "bridge": "yes",
        "highway": "footway",
        "layer": "1",
        "level": "1",
        "lit": "yes",
        "smoothness": "excellent",
        "surface": "paving_stones",
        "width": "3",
        "@geometry": "center"
      },
      "geometry": {
        "type": "Point",
        "coordinates": [
          78.4736649,
          17.3854299
        ]
      },
      "id": "way/748838169"
    },
    {
      "type": "Feature",
      "properties": {
        "@id": "way/748838175",
        "bridge": "yes",
        "check_date:ramp": "2025-01-07",
        "handrail:left": "yes",
        "handrail:right": "yes",
        "highway": "steps",
        "incline": "down",
        "layer": "1",
        "level": "1",
        "lit": "yes",
        "ramp": "no",
        "smoothness": "excellent",
        "surface": "paving_stones",
        "width": "3",
        "@geometry": "center"
      },
      "geometry": {
        "type": "Point",
        "coordinates": [
          78.4736327,
          17.3851195
        ]
      },
      "id": "way/748838175"
    },
    {
      "type": "Feature",
      "properties": {
        "@id": "way/748838178",
        "bridge": "yes",
        "check_date:ramp": "2025-01-07",
        "handrail:left": "yes",
        "handrail:right": "yes",
        "highway": "steps",
        "incline": "down",
        "layer": "1",
        "level": "1",
        "lit": "yes",
        "ramp": "no",
        "smoothness": "excellent",
        "surface": "paving_stones",
        "width": "3",
        "@geometry": "center"
      },
      "geometry": {
        "type": "Point",
        "coordinates": [
          78.4738668,
          17.3852469
        ]
      },
      "id": "way/748838178"
    },
    {
      "type": "Feature",
      "properties": {
        "@id": "way/749677534",
        "bridge": "yes",
        "highway": "footway",
        "layer": "1",
        "lit": "yes",
        "smoothness": "excellent",
        "surface": "paving_stones",
        "width": "2",
        "@geometry": "center"
      },
      "geometry": {
        "type": "Point",
        "coordinates": [
          78.4606577,
          17.4122842
        ]
      },
      "id": "way/749677534"
    },
    {
      "type": "Feature",
      "properties": {
        "@id": "way/749677539",
        "conveying": "forward",
        "handrail:left": "yes",
        "handrail:right": "yes",
        "highway": "steps",
        "incline": "up",
        "lit": "yes",
        "ramp": "no",
        "@geometry": "center"
      },
      "geometry": {
        "type": "Point",
        "coordinates": [
          78.4606367,
          17.4126247
        ]
      },
      "id": "way/749677539"
    },
    {
      "type": "Feature",
      "properties": {
        "@id": "way/749689096",
        "highway": "primary",
        "lit": "yes",
        "maxspeed": "60",
        "name": "Chaderghat Road",
        "oneway": "yes",
        "@geometry": "center"
      },
      "geometry": {
        "type": "Point",
        "coordinates": [
          78.490784,
          17.3775492
        ]
      },
      "id": "way/749689096"
    },
    {
      "type": "Feature",
      "properties": {
        "@id": "way/749704114",
        "bicycle": "no",
        "foot": "yes",
        "highway": "footway",
        "horse": "no",
        "lit": "yes",
        "surface": "grass_paver",
        "@geometry": "center"
      },
      "geometry": {
        "type": "Point",
        "coordinates": [
          78.3605782,
          17.4362166
        ]
      },
      "id": "way/749704114"
    },
    {
      "type": "Feature",
      "properties": {
        "@id": "way/749704115",
        "bicycle": "no",
        "foot": "yes",
        "highway": "footway",
        "horse": "no",
        "lit": "yes",
        "surface": "grass_paver",
        "@geometry": "center"
      },
      "geometry": {
        "type": "Point",
        "coordinates": [
          78.3605179,
          17.4362369
        ]
      },
      "id": "way/749704115"
    },
    {
      "type": "Feature",
      "properties": {
        "@id": "way/749704116",
        "bicycle": "no",
        "foot": "yes",
        "highway": "footway",
        "horse": "no",
        "lit": "yes",
        "surface": "grass_paver",
        "@geometry": "center"
      },
      "geometry": {
        "type": "Point",
        "coordinates": [
          78.3607432,
          17.436091
        ]
      },
      "id": "way/749704116"
    },
    {
      "type": "Feature",
      "properties": {
        "@id": "way/749704118",
        "access": "permissive",
        "bicycle": "yes",
        "cycleway": "no",
        "foot": "yes",
        "highway": "service",
        "lit": "yes",
        "maxspeed": "20",
        "name": "swecha road",
        "name:te": "స్వేచ్చ రోడ్డు",
        "oneway": "no",
        "service": "parking_aisle",
        "surface": "dirt",
        "@geometry": "center"
      },
      "geometry": {
        "type": "Point",
        "coordinates": [
          78.3609297,
          17.4357959
        ]
      },
      "id": "way/749704118"
    },
    {
      "type": "Feature",
      "properties": {
        "@id": "way/749815856",
        "highway": "residential",
        "lit": "yes",
        "name": "Vittal Rao Nagar",
        "source": "Maxar",
        "surface": "concrete",
        "@geometry": "center"
      },
      "geometry": {
        "type": "Point",
        "coordinates": [
          78.3859432,
          17.4429978
        ]
      },
      "id": "way/749815856"
    },
    {
      "type": "Feature",
      "properties": {
        "@id": "way/750313210",
        "highway": "footway",
        "layer": "1",
        "level": "1",
        "lit": "yes",
        "smoothness": "excellent",
        "surface": "paving_stones",
        "width": "2.5",
        "@geometry": "center"
      },
      "geometry": {
        "type": "Point",
        "coordinates": [
          78.5603735,
          17.4003643
        ]
      },
      "id": "way/750313210"
    },
    {
      "type": "Feature",
      "properties": {
        "@id": "way/750313218",
        "conveying": "backward",
        "handrail": "yes",
        "highway": "steps",
        "incline": "down",
        "lit": "yes",
        "ramp": "no",
        "smoothness": "excellent",
        "surface": "paving_stones",
        "width": "2.5",
        "@geometry": "center"
      },
      "geometry": {
        "type": "Point",
        "coordinates": [
          78.5599562,
          17.4005122
        ]
      },
      "id": "way/750313218"
    },
    {
      "type": "Feature",
      "properties": {
        "@id": "way/750313219",
        "highway": "footway",
        "layer": "1",
        "level": "1",
        "lit": "yes",
        "smoothness": "excellent",
        "surface": "paving_stones",
        "width": "2.5",
        "@geometry": "center"
      },
      "geometry": {
        "type": "Point",
        "coordinates": [
          78.5600205,
          17.4002199
        ]
      },
      "id": "way/750313219"
    },
    {
      "type": "Feature",
      "properties": {
        "@id": "way/750313221",
        "highway": "footway",
        "layer": "1",
        "level": "1",
        "lit": "yes",
        "smoothness": "excellent",
        "surface": "paving_stones",
        "width": "2.5",
        "@geometry": "center"
      },
      "geometry": {
        "type": "Point",
        "coordinates": [
          78.5599671,
          17.3997659
        ]
      },
      "id": "way/750313221"
    },
    {
      "type": "Feature",
      "properties": {
        "@id": "way/750313222",
        "highway": "footway",
        "layer": "1",
        "level": "1",
        "lit": "yes",
        "smoothness": "excellent",
        "surface": "paving_stones",
        "width": "2.5",
        "@geometry": "center"
      },
      "geometry": {
        "type": "Point",
        "coordinates": [
          78.5603406,
          17.3998025
        ]
      },
      "id": "way/750313222"
    },
    {
      "type": "Feature",
      "properties": {
        "@id": "way/750313223",
        "conveying": "no",
        "handrail:left": "yes",
        "handrail:right": "yes",
        "highway": "steps",
        "incline": "up",
        "lit": "yes",
        "ramp": "no",
        "surface": "paving_stones",
        "width": "3",
        "@geometry": "center"
      },
      "geometry": {
        "type": "Point",
        "coordinates": [
          78.5604212,
          17.4004986
        ]
      },
      "id": "way/750313223"
    },
    {
      "type": "Feature",
      "properties": {
        "@id": "way/750313224",
        "conveying": "backward",
        "handrail:left": "yes",
        "handrail:right": "yes",
        "highway": "steps",
        "incline": "down",
        "lit": "yes",
        "ramp": "no",
        "width": "1",
        "@geometry": "center"
      },
      "geometry": {
        "type": "Point",
        "coordinates": [
          78.5604055,
          17.4001705
        ]
      },
      "id": "way/750313224"
    },
    {
      "type": "Feature",
      "properties": {
        "@id": "way/750313230",
        "handrail:left": "yes",
        "handrail:right": "yes",
        "highway": "steps",
        "incline": "down",
        "lit": "yes",
        "ramp": "no",
        "surface": "paving_stones",
        "@geometry": "center"
      },
      "geometry": {
        "type": "Point",
        "coordinates": [
          78.5599462,
          17.3999009
        ]
      },
      "id": "way/750313230"
    },
    {
      "type": "Feature",
      "properties": {
        "@id": "way/759234116",
        "bicycle": "no",
        "bridge": "yes",
        "foot": "no",
        "highway": "motorway",
        "horse": "no",
        "lanes": "4",
        "layer": "1",
        "lit": "yes",
        "maxspeed": "120",
        "maxspeed:advisory:lanes": "80|80|120|120",
        "motor_vehicle": "designated",
        "motorcycle": "no",
        "name": "Outer Ring Road",
        "name:hi": "आउटर रिंग रोड",
        "name:te": "ఔటర్ రింగు రోడ్డు",
        "official_name": "Nehru Outer Ring Road",
        "official_name:hi": "नेहरू आउटर रिंग रोड",
        "official_name:te": "నెహ్రూ ఔటర్ రింగ్ రోడ్",
        "oneway": "yes",
        "operator": "Hyderabad Metropolitan Development Authority",
        "ref": "ORR",
        "shoulder": "left",
        "smoothness": "excellent",
        "source": "Esri World Imagery (2023-09-04)",
        "start_date": "2008-11-14",
        "surface": "asphalt",
        "toll": "yes",
        "@geometry": "center"
      },
      "geometry": {
        "type": "Point",
        "coordinates": [
          78.3751068,
          17.3239603
        ]
      },
      "id": "way/759234116"
    },
    {
      "type": "Feature",
      "properties": {
        "@id": "way/759329620",
        "bicycle": "no",
        "foot": "yes",
        "highway": "footway",
        "horse": "no",
        "lit": "yes",
        "name": "svk path",
        "surface": "concrete",
        "width": "100",
        "@geometry": "center"
      },
      "geometry": {
        "type": "Point",
        "coordinates": [
          78.3617152,
          17.4363513
        ]
      },
      "id": "way/759329620"
    },
    {
      "type": "Feature",
      "properties": {
        "@id": "way/760444806",
        "highway": "primary_link",
        "lit": "yes",
        "@geometry": "center"
      },
      "geometry": {
        "type": "Point",
        "coordinates": [
          78.5381845,
          17.4223035
        ]
      },
      "id": "way/760444806"
    },
    {
      "type": "Feature",
      "properties": {
        "@id": "way/771971560",
        "bridge": "yes",
        "highway": "footway",
        "layer": "1",
        "lit": "yes",
        "source": "Bing (2020-02-12)",
        "tunnel": "building_passage",
        "@geometry": "center"
      },
      "geometry": {
        "type": "Point",
        "coordinates": [
          78.4850923,
          17.3796267
        ]
      },
      "id": "way/771971560"
    },
    {
      "type": "Feature",
      "properties": {
        "@id": "way/771971561",
        "highway": "footway",
        "lit": "yes",
        "source": "Bing (2020-02-12)",
        "@geometry": "center"
      },
      "geometry": {
        "type": "Point",
        "coordinates": [
          78.4844376,
          17.3793338
        ]
      },
      "id": "way/771971561"
    },
    {
      "type": "Feature",
      "properties": {
        "@id": "way/788477815",
        "highway": "residential",
        "lit": "yes",
        "name": "Sundarayya street",
        "sidewalk": "no",
        "surface": "unpaved",
        "surface:note": "small pebbles and uneven potholes",
        "@geometry": "center"
      },
      "geometry": {
        "type": "Point",
        "coordinates": [
          78.3612471,
          17.4355809
        ]
      },
      "id": "way/788477815"
    },
    {
      "type": "Feature",
      "properties": {
        "@id": "way/797826934",
        "alt_name": "Womens College to Esamia Bazar Road",
        "highway": "primary",
        "lit": "yes",
        "maxspeed": "60",
        "name": "Koti Women's College Road",
        "oneway": "yes",
        "@geometry": "center"
      },
      "geometry": {
        "type": "Point",
        "coordinates": [
          78.4859796,
          17.3848804
        ]
      },
      "id": "way/797826934"
    },
    {
      "type": "Feature",
      "properties": {
        "@id": "way/797826935",
        "alt_name": "Womens College to Esamia Bazar Road",
        "highway": "primary",
        "lit": "yes",
        "maxspeed": "60",
        "name": "Main Road",
        "oneway": "yes",
        "@geometry": "center"
      },
      "geometry": {
        "type": "Point",
        "coordinates": [
          78.4879044,
          17.384785
        ]
      },
      "id": "way/797826935"
    },
    {
      "type": "Feature",
      "properties": {
        "@id": "way/801031324",
        "foot": "yes",
        "highway": "primary_link",
        "lit": "yes",
        "oneway": "yes",
        "@geometry": "center"
      },
      "geometry": {
        "type": "Point",
        "coordinates": [
          78.530733,
          17.4267622
        ]
      },
      "id": "way/801031324"
    },
    {
      "type": "Feature",
      "properties": {
        "@id": "way/817584054",
        "bench": "yes",
        "bin": "yes",
        "lit": "yes",
        "public_transport": "platform",
        "railway": "platform_edge",
        "ref": "1",
        "shelter": "yes",
        "@geometry": "center"
      },
      "geometry": {
        "type": "Point",
        "coordinates": [
          78.4678513,
          17.3947298
        ]
      },
      "id": "way/817584054"
    },
    {
      "type": "Feature",
      "properties": {
        "@id": "way/817584056",
        "bench": "yes",
        "bin": "yes",
        "lit": "yes",
        "public_transport": "platform",
        "railway": "platform_edge",
        "ref": "3",
        "shelter": "yes",
        "@geometry": "center"
      },
      "geometry": {
        "type": "Point",
        "coordinates": [
          78.4676735,
          17.3946929
        ]
      },
      "id": "way/817584056"
    },
    {
      "type": "Feature",
      "properties": {
        "@id": "way/817584058",
        "bench": "yes",
        "bin": "yes",
        "lit": "yes",
        "public_transport": "platform",
        "railway": "platform_edge",
        "ref": "2",
        "shelter": "yes",
        "@geometry": "center"
      },
      "geometry": {
        "type": "Point",
        "coordinates": [
          78.4677615,
          17.3947036
        ]
      },
      "id": "way/817584058"
    },
    {
      "type": "Feature",
      "properties": {
        "@id": "way/817584060",
        "bench": "yes",
        "bin": "yes",
        "lit": "yes",
        "public_transport": "platform",
        "railway": "platform_edge",
        "ref": "4",
        "shelter": "yes",
        "@geometry": "center"
      },
      "geometry": {
        "type": "Point",
        "coordinates": [
          78.4675124,
          17.3936822
        ]
      },
      "id": "way/817584060"
    },
    {
      "type": "Feature",
      "properties": {
        "@id": "way/817584062",
        "bench": "yes",
        "bin": "yes",
        "lit": "yes",
        "public_transport": "platform",
        "railway": "platform_edge",
        "ref": "6",
        "shelter": "yes",
        "@geometry": "center"
      },
      "geometry": {
        "type": "Point",
        "coordinates": [
          78.4673731,
          17.3937035
        ]
      },
      "id": "way/817584062"
    },
    {
      "type": "Feature",
      "properties": {
        "@id": "way/817584064",
        "bench": "yes",
        "bin": "yes",
        "lit": "yes",
        "public_transport": "platform",
        "railway": "platform_edge",
        "ref": "5",
        "shelter": "yes",
        "@geometry": "center"
      },
      "geometry": {
        "type": "Point",
        "coordinates": [
          78.4674311,
          17.3936744
        ]
      },
      "id": "way/817584064"
    },
    {
      "type": "Feature",
      "properties": {
        "@id": "way/822842757",
        "highway": "residential",
        "lane_markings": "no",
        "lit": "yes",
        "source": "digitalglobe",
        "surface": "asphalt",
        "@geometry": "center"
      },
      "geometry": {
        "type": "Point",
        "coordinates": [
          78.4292566,
          17.4191767
        ]
      },
      "id": "way/822842757"
    },
    {
      "type": "Feature",
      "properties": {
        "@id": "way/822842758",
        "highway": "primary",
        "lit": "yes",
        "maxspeed": "60",
        "name": "Road No 2",
        "name:te": "రోడ్డు నెంబర్ 2",
        "oneway": "yes",
        "@geometry": "center"
      },
      "geometry": {
        "type": "Point",
        "coordinates": [
          78.4263106,
          17.423023
        ]
      },
      "id": "way/822842758"
    },
    {
      "type": "Feature",
      "properties": {
        "@id": "way/823402787",
        "access": "permissive",
        "foot": "yes",
        "highway": "footway",
        "lit": "yes",
        "name": "Amazon Path way",
        "@geometry": "center"
      },
      "geometry": {
        "type": "Point",
        "coordinates": [
          78.3391888,
          17.4204062
        ]
      },
      "id": "way/823402787"
    },
    {
      "type": "Feature",
      "properties": {
        "@id": "way/823761155",
        "highway": "residential",
        "lit": "yes",
        "name": "Street number 10",
        "sidewalk": "no",
        "source": "digitalglobe",
        "surface": "asphalt",
        "@geometry": "center"
      },
      "geometry": {
        "type": "Point",
        "coordinates": [
          78.5697234,
          17.3550114
        ]
      },
      "id": "way/823761155"
    },
    {
      "type": "Feature",
      "properties": {
        "@id": "way/824537726",
        "highway": "primary",
        "lanes": "3",
        "lit": "yes",
        "maxspeed": "60",
        "name": "Hi Tech City Main Road",
        "name:etymology:wikidata": "Q3322188",
        "oneway": "yes",
        "surface": "asphalt",
        "@geometry": "center"
      },
      "geometry": {
        "type": "Point",
        "coordinates": [
          78.374448,
          17.4366226
        ]
      },
      "id": "way/824537726"
    },
    {
      "type": "Feature",
      "properties": {
        "@id": "way/824537727",
        "bicycle": "no",
        "bridge": "viaduct",
        "foot": "no",
        "hgv": "no",
        "highway": "motorway_link",
        "horse": "no",
        "lanes": "2",
        "layer": "2",
        "lit": "yes",
        "name": "Shilpa Layout Flyover",
        "oneway": "yes",
        "smoothness": "excellent",
        "start_date": "2022-11-25",
        "surface": "asphalt",
        "@geometry": "center"
      },
      "geometry": {
        "type": "Point",
        "coordinates": [
          78.3671935,
          17.4394465
        ]
      },
      "id": "way/824537727"
    },
    {
      "type": "Feature",
      "properties": {
        "@id": "way/826041707",
        "highway": "primary",
        "lit": "yes",
        "@geometry": "center"
      },
      "geometry": {
        "type": "Point",
        "coordinates": [
          78.4911746,
          17.4244109
        ]
      },
      "id": "way/826041707"
    },
    {
      "type": "Feature",
      "properties": {
        "@id": "way/826041708",
        "foot": "yes",
        "highway": "primary",
        "lanes": "4",
        "lit": "yes",
        "maxspeed": "60",
        "name": "Musheerabad Main Road",
        "name:etymology:wikidata": "Q6941245",
        "oneway": "yes",
        "source": "digitalglobe",
        "surface": "asphalt",
        "@geometry": "center"
      },
      "geometry": {
        "type": "Point",
        "coordinates": [
          78.4990121,
          17.4158987
        ]
      },
      "id": "way/826041708"
    },
    {
      "type": "Feature",
      "properties": {
        "@id": "way/826041709",
        "highway": "primary",
        "lanes": "2",
        "lit": "yes",
        "maxspeed": "60",
        "name": "Boyiguda Road",
        "oneway": "yes",
        "source": "digitalglobe",
        "@geometry": "center"
      },
      "geometry": {
        "type": "Point",
        "coordinates": [
          78.5031522,
          17.4266018
        ]
      },
      "id": "way/826041709"
    },
    {
      "type": "Feature",
      "properties": {
        "@id": "way/826041710",
        "highway": "primary",
        "lit": "yes",
        "maxspeed": "60",
        "oneway": "yes",
        "@geometry": "center"
      },
      "geometry": {
        "type": "Point",
        "coordinates": [
          78.5058999,
          17.4326982
        ]
      },
      "id": "way/826041710"
    },
    {
      "type": "Feature",
      "properties": {
        "@id": "way/826046620",
        "highway": "primary",
        "lit": "yes",
        "oneway": "yes",
        "source": "digitalglobe",
        "@geometry": "center"
      },
      "geometry": {
        "type": "Point",
        "coordinates": [
          78.4949213,
          17.4228626
        ]
      },
      "id": "way/826046620"
    },
    {
      "type": "Feature",
      "properties": {
        "@id": "way/826068693",
        "highway": "primary_link",
        "lit": "yes",
        "source": "digitalglobe",
        "@geometry": "center"
      },
      "geometry": {
        "type": "Point",
        "coordinates": [
          78.5443247,
          17.4390683
        ]
      },
      "id": "way/826068693"
    },
    {
      "type": "Feature",
      "properties": {
        "@id": "way/826068694",
        "highway": "primary_link",
        "lit": "yes",
        "source": "digitalglobe",
        "@geometry": "center"
      },
      "geometry": {
        "type": "Point",
        "coordinates": [
          78.5445495,
          17.4395367
        ]
      },
      "id": "way/826068694"
    },
    {
      "type": "Feature",
      "properties": {
        "@id": "way/826068705",
        "alt_name": "Maula Ali Road",
        "bridge": "yes",
        "highway": "primary",
        "layer": "1",
        "lit": "yes",
        "maxspeed": "60",
        "name": "Maula Ali Flyover",
        "oneway": "yes",
        "source": "digitalglobe",
        "@geometry": "center"
      },
      "geometry": {
        "type": "Point",
        "coordinates": [
          78.5477049,
          17.4437154
        ]
      },
      "id": "way/826068705"
    },
    {
      "type": "Feature",
      "properties": {
        "@id": "way/826093292",
        "highway": "primary_link",
        "lit": "yes",
        "source": "digitalglobe",
        "@geometry": "center"
      },
      "geometry": {
        "type": "Point",
        "coordinates": [
          78.5411913,
          17.4349625
        ]
      },
      "id": "way/826093292"
    },
    {
      "type": "Feature",
      "properties": {
        "@id": "way/826093293",
        "foot": "yes",
        "highway": "primary",
        "lit": "yes",
        "maxspeed": "60",
        "name": "Maula Ali Road",
        "oneway": "yes",
        "source": "digitalglobe",
        "@geometry": "center"
      },
      "geometry": {
        "type": "Point",
        "coordinates": [
          78.5335321,
          17.4291918
        ]
      },
      "id": "way/826093293"
    },
    {
      "type": "Feature",
      "properties": {
        "@id": "way/826093294",
        "bridge": "yes",
        "highway": "primary",
        "layer": "1",
        "lit": "yes",
        "maxspeed": "60",
        "name": "Lalaguda Flyover",
        "oneway": "yes",
        "source": "digitalglobe",
        "@geometry": "center"
      },
      "geometry": {
        "type": "Point",
        "coordinates": [
          78.538392,
          17.4332151
        ]
      },
      "id": "way/826093294"
    },
    {
      "type": "Feature",
      "properties": {
        "@id": "way/826093295",
        "highway": "primary",
        "lit": "yes",
        "maxspeed": "60",
        "name": "Maula Ali Road",
        "oneway": "yes",
        "source": "digitalglobe",
        "@geometry": "center"
      },
      "geometry": {
        "type": "Point",
        "coordinates": [
          78.5412422,
          17.4349197
        ]
      },
      "id": "way/826093295"
    },
    {
      "type": "Feature",
      "properties": {
        "@id": "way/826093296",
        "highway": "primary",
        "lit": "yes",
        "maxspeed": "60",
        "name": "Maula Ali Road",
        "oneway": "yes",
        "@geometry": "center"
      },
      "geometry": {
        "type": "Point",
        "coordinates": [
          78.5412155,
          17.4349774
        ]
      },
      "id": "way/826093296"
    },
    {
      "type": "Feature",
      "properties": {
        "@id": "way/826135441",
        "highway": "primary",
        "lit": "yes",
        "maxspeed": "60",
        "name": "Maula Ali Road",
        "oneway": "yes",
        "source": "digitalglobe",
        "@geometry": "center"
      },
      "geometry": {
        "type": "Point",
        "coordinates": [
          78.5444435,
          17.4390107
        ]
      },
      "id": "way/826135441"
    },
    {
      "type": "Feature",
      "properties": {
        "@id": "way/826135442",
        "highway": "primary",
        "lit": "yes",
        "maxspeed": "60",
        "name": "Maula Ali Road",
        "oneway": "yes",
        "@geometry": "center"
      },
      "geometry": {
        "type": "Point",
        "coordinates": [
          78.5443773,
          17.439018
        ]
      },
      "id": "way/826135442"
    },
    {
      "type": "Feature",
      "properties": {
        "@id": "way/826147291",
        "highway": "primary_link",
        "lit": "yes",
        "source": "digitalglobe",
        "@geometry": "center"
      },
      "geometry": {
        "type": "Point",
        "coordinates": [
          78.5528364,
          17.4513444
        ]
      },
      "id": "way/826147291"
    },
    {
      "type": "Feature",
      "properties": {
        "@id": "way/826402145",
        "highway": "primary",
        "lit": "yes",
        "@geometry": "center"
      },
      "geometry": {
        "type": "Point",
        "coordinates": [
          78.4868593,
          17.4100379
        ]
      },
      "id": "way/826402145"
    },
    {
      "type": "Feature",
      "properties": {
        "@id": "way/826430436",
        "alt_name": "RTC X Road",
        "bridge": "yes",
        "foot": "yes",
        "highway": "primary",
        "layer": "1",
        "lit": "yes",
        "maxspeed": "60",
        "name": "Indira Park Road",
        "name:etymology:wikidata": "Q11219005",
        "oneway": "yes",
        "@geometry": "center"
      },
      "geometry": {
        "type": "Point",
        "coordinates": [
          78.488382,
          17.4096468
        ]
      },
      "id": "way/826430436"
    },
    {
      "type": "Feature",
      "properties": {
        "@id": "way/826430437",
        "alt_name": "RTC X Road",
        "bridge": "yes",
        "highway": "primary",
        "layer": "1",
        "lit": "yes",
        "maxspeed": "60",
        "name": "Indira Park Road",
        "name:etymology:wikidata": "Q11219005",
        "oneway": "yes",
        "@geometry": "center"
      },
      "geometry": {
        "type": "Point",
        "coordinates": [
          78.4883249,
          17.4094573
        ]
      },
      "id": "way/826430437"
    },
    {
      "type": "Feature",
      "properties": {
        "@id": "way/827957374",
        "alt_name": "Ameerpet-FatehNagar Road",
        "bridge": "yes",
        "highway": "secondary",
        "layer": "1",
        "lit": "yes",
        "maxspeed": "50",
        "name": "Balkampet road",
        "oneway": "yes",
        "@geometry": "center"
      },
      "geometry": {
        "type": "Point",
        "coordinates": [
          78.4483181,
          17.4368278
        ]
      },
      "id": "way/827957374"
    },
    {
      "type": "Feature",
      "properties": {
        "@id": "way/827957375",
        "alt_name": "Ameerpet-FatehNagar Road",
        "highway": "secondary",
        "lit": "yes",
        "maxspeed": "50",
        "name": "Balkampet road",
        "oneway": "yes",
        "@geometry": "center"
      },
      "geometry": {
        "type": "Point",
        "coordinates": [
          78.4483132,
          17.4371512
        ]
      },
      "id": "way/827957375"
    },
    {
      "type": "Feature",
      "properties": {
        "@id": "way/828325906",
        "foot": "yes",
        "highway": "primary",
        "lit": "yes",
        "maxspeed": "60",
        "oneway": "yes",
        "@geometry": "center"
      },
      "geometry": {
        "type": "Point",
        "coordinates": [
          78.527869,
          17.4240013
        ]
      },
      "id": "way/828325906"
    },
    {
      "type": "Feature",
      "properties": {
        "@id": "way/828325907",
        "highway": "primary",
        "lit": "yes",
        "maxspeed": "60",
        "name": "Adikmet Road",
        "name:etymology:wikidata": "Q4682781",
        "oneway": "yes",
        "@geometry": "center"
      },
      "geometry": {
        "type": "Point",
        "coordinates": [
          78.5225781,
          17.416301
        ]
      },
      "id": "way/828325907"
    },
    {
      "type": "Feature",
      "properties": {
        "@id": "way/828325908",
        "alt_name": "Adikmet Road",
        "bridge": "yes",
        "highway": "primary",
        "layer": "1",
        "lit": "yes",
        "maxspeed": "50",
        "name": "Adikmet Flyover",
        "name:etymology:wikidata": "Q4682781",
        "@geometry": "center"
      },
      "geometry": {
        "type": "Point",
        "coordinates": [
          78.5191962,
          17.4112791
        ]
      },
      "id": "way/828325908"
    },
    {
      "type": "Feature",
      "properties": {
        "@id": "way/843452864",
        "foot": "yes",
        "highway": "trunk",
        "lanes": "2",
        "lit": "yes",
        "maxspeed": "60",
        "name": "Miyapur - Allwyn Cross Road Mumbai Highway",
        "oneway": "yes",
        "ref": "NH65",
        "surface": "asphalt",
        "@geometry": "center"
      },
      "geometry": {
        "type": "Point",
        "coordinates": [
          78.3561495,
          17.495288
        ]
      },
      "id": "way/843452864"
    },
    {
      "type": "Feature",
      "properties": {
        "@id": "way/844775424",
        "highway": "primary",
        "lit": "yes",
        "maxspeed": "60",
        "name": "Barkhatpura Road",
        "oneway": "yes",
        "source": "Maxar",
        "@geometry": "center"
      },
      "geometry": {
        "type": "Point",
        "coordinates": [
          78.5025409,
          17.3957556
        ]
      },
      "id": "way/844775424"
    },
    {
      "type": "Feature",
      "properties": {
        "@id": "way/900686420",
        "alt_name": "Inner Ring Road",
        "highway": "primary",
        "lit": "yes",
        "maxspeed": "60",
        "name": "Krishna Deva Raya Road",
        "name:etymology:wikidata": "Q121235",
        "oneway": "yes",
        "ref": "IRR",
        "@geometry": "center"
      },
      "geometry": {
        "type": "Point",
        "coordinates": [
          78.513599,
          17.4350598
        ]
      },
      "id": "way/900686420"
    },
    {
      "type": "Feature",
      "properties": {
        "@id": "way/900686421",
        "alt_name": "Inner Ring Road",
        "foot": "yes",
        "highway": "primary",
        "lit": "yes",
        "maxspeed": "60",
        "name": "Rail Nilayam Road",
        "oneway": "yes",
        "ref": "IRR",
        "@geometry": "center"
      },
      "geometry": {
        "type": "Point",
        "coordinates": [
          78.5112403,
          17.4369213
        ]
      },
      "id": "way/900686421"
    },
    {
      "type": "Feature",
      "properties": {
        "@id": "way/900696832",
        "highway": "residential",
        "lit": "yes",
        "surface": "asphalt",
        "@geometry": "center"
      },
      "geometry": {
        "type": "Point",
        "coordinates": [
          78.5223191,
          17.4369337
        ]
      },
      "id": "way/900696832"
    },
    {
      "type": "Feature",
      "properties": {
        "@id": "way/965848768",
        "access": "permit",
        "leisure": "swimming_pool",
        "lit": "yes",
        "location": "outdoor",
        "@geometry": "center"
      },
      "geometry": {
        "type": "Point",
        "coordinates": [
          78.514187,
          17.4389568
        ]
      },
      "id": "way/965848768"
    },
    {
      "type": "Feature",
      "properties": {
        "@id": "way/965848770",
        "access": "no",
        "leisure": "pitch",
        "lit": "yes",
        "sport": "hockey",
        "surface": "artificial_turf",
        "@geometry": "center"
      },
      "geometry": {
        "type": "Point",
        "coordinates": [
          78.5125039,
          17.4411399
        ]
      },
      "id": "way/965848770"
    },
    {
      "type": "Feature",
      "properties": {
        "@id": "way/965848777",
        "access": "no",
        "hoops": "2",
        "leisure": "pitch",
        "lit": "yes",
        "sport": "basketball",
        "surface": "asphalt",
        "@geometry": "center"
      },
      "geometry": {
        "type": "Point",
        "coordinates": [
          78.5127864,
          17.4395641
        ]
      },
      "id": "way/965848777"
    },
    {
      "type": "Feature",
      "properties": {
        "@id": "way/1032456289",
        "highway": "primary",
        "lanes": "3",
        "lit": "yes",
        "maxspeed": "50",
        "name": "Hi Tech City Main Road",
        "name:etymology:wikidata": "Q3322188",
        "oneway": "yes",
        "surface": "asphalt",
        "@geometry": "center"
      },
      "geometry": {
        "type": "Point",
        "coordinates": [
          78.3747337,
          17.4288303
        ]
      },
      "id": "way/1032456289"
    },
    {
      "type": "Feature",
      "properties": {
        "@id": "way/1032456290",
        "highway": "primary",
        "lanes": "3",
        "lit": "yes",
        "maxspeed": "60",
        "name": "Hi Tech City Main Road",
        "name:etymology:wikidata": "Q3322188",
        "oneway": "yes",
        "surface": "asphalt",
        "@geometry": "center"
      },
      "geometry": {
        "type": "Point",
        "coordinates": [
          78.3749873,
          17.4289392
        ]
      },
      "id": "way/1032456290"
    },
    {
      "type": "Feature",
      "properties": {
        "@id": "way/1032456291",
        "foot": "yes",
        "highway": "construction",
        "lanes": "2",
        "lit": "yes",
        "maxspeed": "50",
        "name": "Hi Tech City Main Road",
        "name:etymology:wikidata": "Q3322188",
        "oneway": "yes",
        "surface": "asphalt",
        "@geometry": "center"
      },
      "geometry": {
        "type": "Point",
        "coordinates": [
          78.3746466,
          17.4290691
        ]
      },
      "id": "way/1032456291"
    },
    {
      "type": "Feature",
      "properties": {
        "@id": "way/1032456292",
        "foot": "yes",
        "highway": "primary",
        "lanes": "3",
        "lit": "yes",
        "maxspeed": "60",
        "name": "Hi Tech City Main Road",
        "name:etymology:wikidata": "Q3322188",
        "oneway": "yes",
        "surface": "asphalt",
        "@geometry": "center"
      },
      "geometry": {
        "type": "Point",
        "coordinates": [
          78.3747451,
          17.4292289
        ]
      },
      "id": "way/1032456292"
    },
    {
      "type": "Feature",
      "properties": {
        "@id": "way/1032456293",
        "foot": "yes",
        "highway": "construction",
        "lanes": "3",
        "lit": "yes",
        "maxspeed": "50",
        "name": "Hi Tech City Main Road",
        "name:etymology:wikidata": "Q3322188",
        "oneway": "yes",
        "surface": "asphalt",
        "@geometry": "center"
      },
      "geometry": {
        "type": "Point",
        "coordinates": [
          78.3745459,
          17.428928
        ]
      },
      "id": "way/1032456293"
    },
    {
      "type": "Feature",
      "properties": {
        "@id": "way/1032456294",
        "highway": "construction",
        "lanes": "2",
        "lit": "yes",
        "oneway": "yes",
        "surface": "paved",
        "@geometry": "center"
      },
      "geometry": {
        "type": "Point",
        "coordinates": [
          78.3745691,
          17.4292295
        ]
      },
      "id": "way/1032456294"
    },
    {
      "type": "Feature",
      "properties": {
        "@id": "way/1032456297",
        "highway": "construction",
        "lanes": "2",
        "lit": "yes",
        "oneway": "yes",
        "surface": "paved",
        "@geometry": "center"
      },
      "geometry": {
        "type": "Point",
        "coordinates": [
          78.3748083,
          17.4289535
        ]
      },
      "id": "way/1032456297"
    },
    {
      "type": "Feature",
      "properties": {
        "@id": "way/1034368102",
        "bicycle": "yes",
        "foot": "no",
        "highway": "motorway",
        "horse": "no",
        "lanes": "2",
        "lit": "yes",
        "maxspeed": "40",
        "motor_vehicle": "yes",
        "motorcycle": "yes",
        "name": "Outer Ring Road",
        "name:hi": "आउटर रिंग रोड",
        "name:te": "ఔటర్ రింగు రోడ్డు",
        "official_name": "Nehru Outer Ring Road",
        "official_name:hi": "नेहरू आउटर रिंग रोड",
        "official_name:te": "నెహ్రూ ఔటర్ రింగ్ రోడ్",
        "oneway": "yes",
        "operator": "Hyderabad Metropolitan Development Authority",
        "ref": "ORR",
        "smoothness": "excellent",
        "source": "GPS",
        "start_date": "2008-11-14",
        "surface": "asphalt",
        "toll": "no",
        "@geometry": "center"
      },
      "geometry": {
        "type": "Point",
        "coordinates": [
          78.3636546,
          17.4383507
        ]
      },
      "id": "way/1034368102"
    },
    {
      "type": "Feature",
      "properties": {
        "@id": "way/1046513801",
        "highway": "primary",
        "lit": "yes",
        "name": "Inner Ring Road",
        "oneway": "yes",
        "ref": "IRR",
        "@geometry": "center"
      },
      "geometry": {
        "type": "Point",
        "coordinates": [
          78.4291533,
          17.3705801
        ]
      },
      "id": "way/1046513801"
    },
    {
      "type": "Feature",
      "properties": {
        "@id": "way/1050171867",
        "alt_name:en": "Old Bombay Highway",
        "bridge": "yes",
        "highway": "primary",
        "lanes": "3",
        "layer": "1",
        "lit": "yes",
        "maxspeed": "60",
        "name": "Shaikpet Flyover",
        "oneway": "yes",
        "surface": "asphalt",
        "@geometry": "center"
      },
      "geometry": {
        "type": "Point",
        "coordinates": [
          78.398083,
          17.4112167
        ]
      },
      "id": "way/1050171867"
    },
    {
      "type": "Feature",
      "properties": {
        "@id": "way/1057079071",
        "highway": "primary",
        "lanes": "2",
        "lit": "yes",
        "maxspeed": "60",
        "name": "Narayanaguda Road",
        "name:etymology:wikidata": "Q6965556",
        "oneway": "yes",
        "@geometry": "center"
      },
      "geometry": {
        "type": "Point",
        "coordinates": [
          78.4922247,
          17.3972669
        ]
      },
      "id": "way/1057079071"
    },
    {
      "type": "Feature",
      "properties": {
        "@id": "way/1057079073",
        "highway": "primary",
        "lanes": "2",
        "layer": "-1",
        "lit": "yes",
        "maxspeed": "60",
        "name": "Narayanaguda Road",
        "name:etymology:wikidata": "Q6965556",
        "oneway": "yes",
        "@geometry": "center"
      },
      "geometry": {
        "type": "Point",
        "coordinates": [
          78.4971965,
          17.4087516
        ]
      },
      "id": "way/1057079073"
    },
    {
      "type": "Feature",
      "properties": {
        "@id": "way/1057079074",
        "highway": "primary",
        "lanes": "2",
        "lit": "yes",
        "maxspeed": "60",
        "name": "Chikkadapally Road",
        "name:etymology:wikidata": "Q6965556",
        "oneway": "yes",
        "@geometry": "center"
      },
      "geometry": {
        "type": "Point",
        "coordinates": [
          78.4965082,
          17.4067758
        ]
      },
      "id": "way/1057079074"
    },
    {
      "type": "Feature",
      "properties": {
        "@id": "way/1059195741",
        "highway": "primary",
        "lanes": "2",
        "lit": "yes",
        "maxspeed": "60",
        "name": "Chikkadapally Road",
        "name:etymology:wikidata": "Q6965556",
        "oneway": "yes",
        "@geometry": "center"
      },
      "geometry": {
        "type": "Point",
        "coordinates": [
          78.4946948,
          17.4000131
        ]
      },
      "id": "way/1059195741"
    },
    {
      "type": "Feature",
      "properties": {
        "@id": "way/1074557636",
        "foot": "yes",
        "highway": "primary",
        "lit": "yes",
        "maxspeed": "60",
        "name": "Maula Ali Road",
        "oneway": "yes",
        "@geometry": "center"
      },
      "geometry": {
        "type": "Point",
        "coordinates": [
          78.5350271,
          17.430746
        ]
      },
      "id": "way/1074557636"
    },
    {
      "type": "Feature",
      "properties": {
        "@id": "way/1089985653",
        "highway": "trunk",
        "lanes": "2",
        "lit": "yes",
        "maxspeed": "60",
        "oneway": "yes",
        "ref": "NH65",
        "ref:old": "NH9",
        "source": "Yahoo hires",
        "@geometry": "center"
      },
      "geometry": {
        "type": "Point",
        "coordinates": [
          78.2424877,
          17.5372569
        ]
      },
      "id": "way/1089985653"
    },
    {
      "type": "Feature",
      "properties": {
        "@id": "way/1089985654",
        "highway": "trunk",
        "lanes": "2",
        "lit": "yes",
        "maxspeed": "60",
        "oneway": "yes",
        "ref": "NH65",
        "ref:old": "NH9",
        "source": "Yahoo hires",
        "@geometry": "center"
      },
      "geometry": {
        "type": "Point",
        "coordinates": [
          78.2424422,
          17.5371654
        ]
      },
      "id": "way/1089985654"
    },
    {
      "type": "Feature",
      "properties": {
        "@id": "way/1090376039",
        "alt_name:en": "Old Bombay Road",
        "bridge": "yes",
        "highway": "primary",
        "lanes": "3",
        "layer": "1",
        "lit": "yes",
        "maxspeed": "60",
        "name": "Shaikpet Flyover",
        "oneway": "yes",
        "surface": "asphalt",
        "@geometry": "center"
      },
      "geometry": {
        "type": "Point",
        "coordinates": [
          78.4038571,
          17.4066025
        ]
      },
      "id": "way/1090376039"
    },
    {
      "type": "Feature",
      "properties": {
        "@id": "way/1090376040",
        "access": "yes",
        "bicycle": "yes",
        "cycleway": "no",
        "foot": "yes",
        "highway": "primary",
        "lanes": "2",
        "lit": "yes",
        "maxspeed": "50",
        "name": "Old Bombay Highway",
        "oneway": "yes",
        "surface": "asphalt",
        "@geometry": "center"
      },
      "geometry": {
        "type": "Point",
        "coordinates": [
          78.4073448,
          17.4041266
        ]
      },
      "id": "way/1090376040"
    },
    {
      "type": "Feature",
      "properties": {
        "@id": "way/1090376041",
        "highway": "primary",
        "lit": "yes",
        "maxspeed": "20",
        "name": "Old Bombay Road",
        "oneway": "yes",
        "@geometry": "center"
      },
      "geometry": {
        "type": "Point",
        "coordinates": [
          78.4072763,
          17.4044419
        ]
      },
      "id": "way/1090376041"
    },
    {
      "type": "Feature",
      "properties": {
        "@id": "way/1090415391",
        "foot": "yes",
        "highway": "primary",
        "lanes": "4",
        "lit": "yes",
        "maxspeed": "60",
        "name": "Musheerabad Main Road",
        "name:etymology:wikidata": "Q6941245",
        "oneway": "yes",
        "source": "digitalglobe",
        "surface": "asphalt",
        "@geometry": "center"
      },
      "geometry": {
        "type": "Point",
        "coordinates": [
          78.5005141,
          17.4206898
        ]
      },
      "id": "way/1090415391"
    },
    {
      "type": "Feature",
      "properties": {
        "@id": "way/1090415394",
        "foot": "yes",
        "highway": "primary",
        "lanes": "2",
        "lit": "yes",
        "maxspeed": "60",
        "name": "Boyiguda Road",
        "oneway": "yes",
        "surface": "unpaved",
        "@geometry": "center"
      },
      "geometry": {
        "type": "Point",
        "coordinates": [
          78.5006935,
          17.4206378
        ]
      },
      "id": "way/1090415394"
    },
    {
      "type": "Feature",
      "properties": {
        "@id": "way/1090415395",
        "highway": "secondary",
        "lit": "yes",
        "oneway": "yes",
        "@geometry": "center"
      },
      "geometry": {
        "type": "Point",
        "coordinates": [
          78.5007925,
          17.4206134
        ]
      },
      "id": "way/1090415395"
    },
    {
      "type": "Feature",
      "properties": {
        "@id": "way/1101439076",
        "highway": "trunk",
        "lanes": "2",
        "lit": "yes",
        "maxspeed": "60",
        "oneway": "yes",
        "ref": "NH65",
        "ref:old": "NH9",
        "source": "Yahoo hires",
        "@geometry": "center"
      },
      "geometry": {
        "type": "Point",
        "coordinates": [
          78.2630908,
          17.5296165
        ]
      },
      "id": "way/1101439076"
    },
    {
      "type": "Feature",
      "properties": {
        "@id": "way/1101439077",
        "highway": "trunk",
        "lanes": "2",
        "lit": "yes",
        "maxspeed": "60",
        "oneway": "yes",
        "ref": "NH65",
        "ref:old": "NH9",
        "source": "Yahoo hires",
        "@geometry": "center"
      },
      "geometry": {
        "type": "Point",
        "coordinates": [
          78.2630749,
          17.529528
        ]
      },
      "id": "way/1101439077"
    },
    {
      "type": "Feature",
      "properties": {
        "@id": "way/1103135117",
        "highway": "primary",
        "lit": "yes",
        "name": "Inner Ring Road",
        "oneway": "yes",
        "ref": "IRR",
        "@geometry": "center"
      },
      "geometry": {
        "type": "Point",
        "coordinates": [
          78.4281809,
          17.3644894
        ]
      },
      "id": "way/1103135117"
    },
    {
      "type": "Feature",
      "properties": {
        "@id": "way/1103419497",
        "alt_name": "JN Road",
        "foot": "yes",
        "highway": "primary",
        "lit": "yes",
        "maxspeed": "60",
        "name": "Abids to MJ Market Road",
        "oneway": "yes",
        "ref": "Old NH7",
        "ref:old": "NH7",
        "@geometry": "center"
      },
      "geometry": {
        "type": "Point",
        "coordinates": [
          78.4762762,
          17.387321
        ]
      },
      "id": "way/1103419497"
    },
    {
      "type": "Feature",
      "properties": {
        "@id": "way/1103419498",
        "alt_name": "JN Road",
        "highway": "primary",
        "lit": "yes",
        "maxspeed": "60",
        "name": "Abids to MJ Market Road",
        "oneway": "yes",
        "ref": "Old NH7",
        "ref:old": "NH7",
        "@geometry": "center"
      },
      "geometry": {
        "type": "Point",
        "coordinates": [
          78.4761936,
          17.3873178
        ]
      },
      "id": "way/1103419498"
    },
    {
      "type": "Feature",
      "properties": {
        "@id": "way/1104581672",
        "highway": "primary",
        "lit": "yes",
        "maxspeed": "50",
        "name": "Chaderghat Road",
        "@geometry": "center"
      },
      "geometry": {
        "type": "Point",
        "coordinates": [
          78.4849354,
          17.375412
        ]
      },
      "id": "way/1104581672"
    },
    {
      "type": "Feature",
      "properties": {
        "@id": "way/1104857727",
        "alt_name": "Inner Ring Road",
        "highway": "primary",
        "lit": "yes",
        "maxspeed": "60",
        "name": "Sardar Patel Road",
        "name:etymology:wikidata": "Q9455",
        "oneway": "yes",
        "ref": "IRR",
        "@geometry": "center"
      },
      "geometry": {
        "type": "Point",
        "coordinates": [
          78.4783195,
          17.4435868
        ]
      },
      "id": "way/1104857727"
    },
    {
      "type": "Feature",
      "properties": {
        "@id": "way/1107322009",
        "alt_name": "Inner Ring Road",
        "highway": "primary",
        "lit": "yes",
        "maxspeed": "60",
        "name": "Sardar Patel Road",
        "name:etymology:wikidata": "Q9455",
        "oneway": "yes",
        "ref": "IRR",
        "@geometry": "center"
      },
      "geometry": {
        "type": "Point",
        "coordinates": [
          78.4800075,
          17.4433906
        ]
      },
      "id": "way/1107322009"
    },
    {
      "type": "Feature",
      "properties": {
        "@id": "way/1109179959",
        "foot": "yes",
        "highway": "primary",
        "lanes": "2",
        "lit": "yes",
        "name": "Inner Ring Road",
        "oneway": "yes",
        "ref": "IRR",
        "@geometry": "center"
      },
      "geometry": {
        "type": "Point",
        "coordinates": [
          78.4317062,
          17.3945006
        ]
      },
      "id": "way/1109179959"
    },
    {
      "type": "Feature",
      "properties": {
        "@id": "way/1111051452",
        "highway": "primary",
        "lit": "yes",
        "name": "Inner Ring Road",
        "oneway": "yes",
        "ref": "IRR",
        "@geometry": "center"
      },
      "geometry": {
        "type": "Point",
        "coordinates": [
          78.4292332,
          17.3720181
        ]
      },
      "id": "way/1111051452"
    },
    {
      "type": "Feature",
      "properties": {
        "@id": "way/1118600973",
        "highway": "primary",
        "lit": "yes",
        "maxspeed": "60",
        "name": "Adikmet Main Road",
        "oneway": "yes",
        "@geometry": "center"
      },
      "geometry": {
        "type": "Point",
        "coordinates": [
          78.5114117,
          17.4050873
        ]
      },
      "id": "way/1118600973"
    },
    {
      "type": "Feature",
      "properties": {
        "@id": "way/1123614830",
        "alt_name": "RTC X Road",
        "highway": "primary",
        "lit": "yes",
        "maxspeed": "60",
        "name": "RTC X Road",
        "oneway": "yes",
        "@geometry": "center"
      },
      "geometry": {
        "type": "Point",
        "coordinates": [
          78.5031428,
          17.4044994
        ]
      },
      "id": "way/1123614830"
    },
    {
      "type": "Feature",
      "properties": {
        "@id": "way/1123614831",
        "alt_name": "RTC X Road",
        "highway": "primary",
        "lit": "yes",
        "maxspeed": "60",
        "name": "RTC X Road",
        "oneway": "yes",
        "@geometry": "center"
      },
      "geometry": {
        "type": "Point",
        "coordinates": [
          78.5070064,
          17.4031153
        ]
      },
      "id": "way/1123614831"
    },
    {
      "type": "Feature",
      "properties": {
        "@id": "way/1124070421",
        "agricultural": "no",
        "bicycle": "no",
        "foot": "no",
        "hgv": "no",
        "highway": "motorway_link",
        "horse": "no",
        "lanes": "1",
        "lit": "yes",
        "motorcar": "designated",
        "motorcycle": "no",
        "name": "Flyover",
        "oneway": "yes",
        "shoulder": "no",
        "smoothness": "excellent",
        "source": "Esri World Imagery (2023-08-29)",
        "surface": "asphalt",
        "@geometry": "center"
      },
      "geometry": {
        "type": "Point",
        "coordinates": [
          78.4296354,
          17.3849344
        ]
      },
      "id": "way/1124070421"
    },
    {
      "type": "Feature",
      "properties": {
        "@id": "way/1124359190",
        "agricultural": "no",
        "bicycle": "no",
        "foot": "no",
        "hgv": "no",
        "highway": "motorway_link",
        "horse": "no",
        "lanes": "1",
        "lit": "yes",
        "motorcar": "designated",
        "motorcycle": "no",
        "name": "Flyover",
        "oneway": "yes",
        "shoulder": "no",
        "smoothness": "excellent",
        "source": "Esri World Imagery (2023-08-31)",
        "surface": "asphalt",
        "@geometry": "center"
      },
      "geometry": {
        "type": "Point",
        "coordinates": [
          78.4241143,
          17.3578291
        ]
      },
      "id": "way/1124359190"
    },
    {
      "type": "Feature",
      "properties": {
        "@id": "way/1124359191",
        "agricultural": "no",
        "bicycle": "no",
        "bridge": "yes",
        "foot": "no",
        "hgv": "no",
        "highway": "motorway_link",
        "horse": "no",
        "lanes": "1",
        "layer": "1",
        "lit": "yes",
        "motorcar": "designated",
        "motorcycle": "no",
        "name": "Flyover",
        "oneway": "yes",
        "shoulder": "no",
        "smoothness": "excellent",
        "source": "Esri World Imagery (2023-08-31)",
        "surface": "asphalt",
        "@geometry": "center"
      },
      "geometry": {
        "type": "Point",
        "coordinates": [
          78.4260529,
          17.3592465
        ]
      },
      "id": "way/1124359191"
    },
    {
      "type": "Feature",
      "properties": {
        "@id": "way/1127708138",
        "highway": "primary",
        "lit": "yes",
        "maxspeed": "60",
        "name": "Nallakunta Main Road",
        "name:etymology:wikidata": "Q15260865",
        "oneway": "yes",
        "@geometry": "center"
      },
      "geometry": {
        "type": "Point",
        "coordinates": [
          78.5079375,
          17.4007189
        ]
      },
      "id": "way/1127708138"
    },
    {
      "type": "Feature",
      "properties": {
        "@id": "way/1129143548",
        "alt_name:en": "Inner Ring Road",
        "bridge": "yes",
        "highway": "trunk",
        "lanes": "3",
        "layer": "1",
        "lit": "yes",
        "maxspeed": "60",
        "name": "Nagole Flyover",
        "name:etymology:wikidata": "Q6958903",
        "oneway": "yes",
        "ref": "IRR",
        "surface": "asphalt",
        "@geometry": "center"
      },
      "geometry": {
        "type": "Point",
        "coordinates": [
          78.557839,
          17.3752797
        ]
      },
      "id": "way/1129143548"
    },
    {
      "type": "Feature",
      "properties": {
        "@id": "way/1133067306",
        "alt_name": "Beerappagadda Road",
        "highway": "secondary",
        "lit": "yes",
        "maxspeed": "50",
        "name": "Meher Garden Road",
        "oneway": "yes",
        "@geometry": "center"
      },
      "geometry": {
        "type": "Point",
        "coordinates": [
          78.5560389,
          17.4058078
        ]
      },
      "id": "way/1133067306"
    },
    {
      "type": "Feature",
      "properties": {
        "@id": "way/1134048309",
        "bicycle": "no",
        "bridge": "viaduct",
        "foot": "no",
        "hgv": "no",
        "highway": "motorway_link",
        "horse": "no",
        "lanes": "2",
        "layer": "2",
        "lit": "yes",
        "name": "Shilpa Layout Flyover",
        "oneway": "yes",
        "smoothness": "excellent",
        "start_date": "2022-11-25",
        "surface": "asphalt",
        "@geometry": "center"
      },
      "geometry": {
        "type": "Point",
        "coordinates": [
          78.3658669,
          17.4385065
        ]
      },
      "id": "way/1134048309"
    },
    {
      "type": "Feature",
      "properties": {
        "@id": "way/1146989404",
        "highway": "residential",
        "lit": "yes",
        "motor_vehicle": "no",
        "source": "Maxar",
        "surface": "asphalt",
        "@geometry": "center"
      },
      "geometry": {
        "type": "Point",
        "coordinates": [
          78.3865334,
          17.4426266
        ]
      },
      "id": "way/1146989404"
    },
    {
      "type": "Feature",
      "properties": {
        "@id": "way/1147904809",
        "highway": "primary",
        "lit": "yes",
        "maxspeed": "60",
        "name": "Tilak Nagar Main Road",
        "oneway": "yes",
        "@geometry": "center"
      },
      "geometry": {
        "type": "Point",
        "coordinates": [
          78.5108464,
          17.3939174
        ]
      },
      "id": "way/1147904809"
    },
    {
      "type": "Feature",
      "properties": {
        "@id": "way/1147904810",
        "highway": "primary",
        "lit": "yes",
        "maxspeed": "60",
        "name": "Tilak Nagar Main Road",
        "oneway": "yes",
        "@geometry": "center"
      },
      "geometry": {
        "type": "Point",
        "coordinates": [
          78.5083116,
          17.3941279
        ]
      },
      "id": "way/1147904810"
    },
    {
      "type": "Feature",
      "properties": {
        "@id": "way/1148122209",
        "alt_name": "Road No 8",
        "highway": "primary",
        "lit": "yes",
        "maxspeed": "60",
        "name": "Shivam Road",
        "oneway": "yes",
        "@geometry": "center"
      },
      "geometry": {
        "type": "Point",
        "coordinates": [
          78.5108767,
          17.3914759
        ]
      },
      "id": "way/1148122209"
    },
    {
      "type": "Feature",
      "properties": {
        "@id": "way/1148156248",
        "highway": "primary",
        "lit": "yes",
        "maxspeed": "60",
        "name": "Hyderabad - Mancherial Highway",
        "oneway": "yes",
        "ref": "SH1",
        "@geometry": "center"
      },
      "geometry": {
        "type": "Point",
        "coordinates": [
          78.4964619,
          17.4512616
        ]
      },
      "id": "way/1148156248"
    },
    {
      "type": "Feature",
      "properties": {
        "@id": "way/1148423996",
        "highway": "primary_link",
        "lit": "yes",
        "sidewalk": "no",
        "surface": "asphalt",
        "@geometry": "center"
      },
      "geometry": {
        "type": "Point",
        "coordinates": [
          78.5151557,
          17.4358418
        ]
      },
      "id": "way/1148423996"
    },
    {
      "type": "Feature",
      "properties": {
        "@id": "way/1150086407",
        "alt_name": "Womens College to Esamia Bazar Road",
        "highway": "primary",
        "lit": "yes",
        "maxspeed": "60",
        "name": "Main Road",
        "oneway": "yes",
        "@geometry": "center"
      },
      "geometry": {
        "type": "Point",
        "coordinates": [
          78.4916899,
          17.38107
        ]
      },
      "id": "way/1150086407"
    },
    {
      "type": "Feature",
      "properties": {
        "@id": "way/1150336131",
        "foot": "yes",
        "highway": "primary",
        "lit": "yes",
        "maxspeed": "60",
        "oneway": "yes",
        "@geometry": "center"
      },
      "geometry": {
        "type": "Point",
        "coordinates": [
          78.5261982,
          17.4227371
        ]
      },
      "id": "way/1150336131"
    },
    {
      "type": "Feature",
      "properties": {
        "@id": "way/1154911733",
        "highway": "secondary",
        "lit": "yes",
        "name": "Ameerpet Road",
        "name:etymology:wikidata": "Q4742142",
        "oneway": "yes",
        "surface": "asphalt",
        "@geometry": "center"
      },
      "geometry": {
        "type": "Point",
        "coordinates": [
          78.4555085,
          17.4352204
        ]
      },
      "id": "way/1154911733"
    },
    {
      "type": "Feature",
      "properties": {
        "@id": "way/1154911735",
        "alt_name": "Inner Ring Road",
        "highway": "primary",
        "lit": "yes",
        "maxspeed": "60",
        "name": "Greenlands Road",
        "oneway": "yes",
        "ref": "IRR",
        "surface": "asphalt",
        "@geometry": "center"
      },
      "geometry": {
        "type": "Point",
        "coordinates": [
          78.4555884,
          17.4350896
        ]
      },
      "id": "way/1154911735"
    },
    {
      "type": "Feature",
      "properties": {
        "@id": "way/1154911737",
        "highway": "tertiary",
        "lit": "yes",
        "oneway": "yes",
        "surface": "asphalt",
        "@geometry": "center"
      },
      "geometry": {
        "type": "Point",
        "coordinates": [
          78.4554428,
          17.4353757
        ]
      },
      "id": "way/1154911737"
    },
    {
      "type": "Feature",
      "properties": {
        "@id": "way/1154911738",
        "highway": "primary_link",
        "lit": "yes",
        "name": "Begumpet Railway Flyover",
        "name:etymology:wikidata": "Q4742142",
        "oneway": "yes",
        "surface": "asphalt",
        "@geometry": "center"
      },
      "geometry": {
        "type": "Point",
        "coordinates": [
          78.4555838,
          17.4355028
        ]
      },
      "id": "way/1154911738"
    },
    {
      "type": "Feature",
      "properties": {
        "@id": "way/1154911739",
        "highway": "tertiary",
        "lit": "yes",
        "oneway": "yes",
        "surface": "asphalt",
        "@geometry": "center"
      },
      "geometry": {
        "type": "Point",
        "coordinates": [
          78.456064,
          17.4365899
        ]
      },
      "id": "way/1154911739"
    },
    {
      "type": "Feature",
      "properties": {
        "@id": "way/1154911740",
        "highway": "secondary",
        "lit": "yes",
        "maxspeed": "60",
        "name": "Ameerpet Road",
        "name:etymology:wikidata": "Q4742142",
        "oneway": "yes",
        "surface": "asphalt",
        "@geometry": "center"
      },
      "geometry": {
        "type": "Point",
        "coordinates": [
          78.4528912,
          17.4354325
        ]
      },
      "id": "way/1154911740"
    },
    {
      "type": "Feature",
      "properties": {
        "@id": "way/1156952685",
        "alt_name": "Inner Ring Road",
        "highway": "primary",
        "junction": "roundabout",
        "lit": "yes",
        "maxspeed": "60",
        "name": "Road Number 1",
        "oneway": "yes",
        "ref": "IRR",
        "@geometry": "center"
      },
      "geometry": {
        "type": "Point",
        "coordinates": [
          78.4478245,
          17.4199402
        ]
      },
      "id": "way/1156952685"
    },
    {
      "type": "Feature",
      "properties": {
        "@id": "way/1156952686",
        "alt_name": "Inner Ring Road",
        "foot": "no",
        "highway": "primary",
        "junction": "roundabout",
        "lit": "yes",
        "maxspeed": "60",
        "name": "Road Number 1",
        "oneway": "yes",
        "ref": "IRR",
        "sidewalk": "no",
        "surface": "asphalt",
        "@geometry": "center"
      },
      "geometry": {
        "type": "Point",
        "coordinates": [
          78.4480521,
          17.4199208
        ]
      },
      "id": "way/1156952686"
    },
    {
      "type": "Feature",
      "properties": {
        "@id": "way/1169779730",
        "highway": "primary",
        "lit": "yes",
        "maxspeed": "60",
        "name": "Rashtrapati Road",
        "name:te": "రాష్ట్రపతి రోడ్డు",
        "oneway": "yes",
        "ref": "SH1",
        "@geometry": "center"
      },
      "geometry": {
        "type": "Point",
        "coordinates": [
          78.4945982,
          17.4380431
        ]
      },
      "id": "way/1169779730"
    },
    {
      "type": "Feature",
      "properties": {
        "@id": "way/1169779731",
        "highway": "primary",
        "lit": "yes",
        "maxspeed": "60",
        "name": "Rashtrapati Road",
        "name:te": "రాష్ట్రపతి రోడ్డు",
        "oneway": "yes",
        "ref": "SH1",
        "@geometry": "center"
      },
      "geometry": {
        "type": "Point",
        "coordinates": [
          78.494301,
          17.4377495
        ]
      },
      "id": "way/1169779731"
    },
    {
      "type": "Feature",
      "properties": {
        "@id": "way/1169779732",
        "highway": "primary",
        "lit": "yes",
        "maxspeed": "60",
        "name": "Rashtrapati Road",
        "name:te": "రాష్ట్రపతి రోడ్డు",
        "oneway": "yes",
        "ref": "SH1",
        "@geometry": "center"
      },
      "geometry": {
        "type": "Point",
        "coordinates": [
          78.4946605,
          17.4379751
        ]
      },
      "id": "way/1169779732"
    },
    {
      "type": "Feature",
      "properties": {
        "@id": "way/1188031810",
        "highway": "primary",
        "lit": "yes",
        "maxspeed": "60",
        "name": "Road No. 10",
        "oneway": "yes",
        "@geometry": "center"
      },
      "geometry": {
        "type": "Point",
        "coordinates": [
          78.427438,
          17.422482
        ]
      },
      "id": "way/1188031810"
    },
    {
      "type": "Feature",
      "properties": {
        "@id": "way/1188059898",
        "highway": "residential",
        "lit": "yes",
        "@geometry": "center"
      },
      "geometry": {
        "type": "Point",
        "coordinates": [
          78.4524713,
          17.4361019
        ]
      },
      "id": "way/1188059898"
    },
    {
      "type": "Feature",
      "properties": {
        "@id": "way/1188059899",
        "highway": "residential",
        "lit": "yes",
        "@geometry": "center"
      },
      "geometry": {
        "type": "Point",
        "coordinates": [
          78.4525702,
          17.4370014
        ]
      },
      "id": "way/1188059899"
    },
    {
      "type": "Feature",
      "properties": {
        "@id": "way/1188065497",
        "highway": "service",
        "lit": "yes",
        "surface": "asphalt",
        "@geometry": "center"
      },
      "geometry": {
        "type": "Point",
        "coordinates": [
          78.4531788,
          17.4363042
        ]
      },
      "id": "way/1188065497"
    },
    {
      "type": "Feature",
      "properties": {
        "@id": "way/1188612304",
        "highway": "primary",
        "lit": "yes",
        "maxspeed": "60",
        "name": "Rail Nilayam Road Underpass",
        "oneway": "yes",
        "sidewalk": "left",
        "surface": "concrete",
        "@geometry": "center"
      },
      "geometry": {
        "type": "Point",
        "coordinates": [
          78.5123579,
          17.4353994
        ]
      },
      "id": "way/1188612304"
    },
    {
      "type": "Feature",
      "properties": {
        "@id": "way/1188612305",
        "highway": "primary",
        "layer": "-1",
        "lit": "yes",
        "maxspeed": "60",
        "oneway": "yes",
        "sidewalk": "left",
        "surface": "concrete",
        "tunnel": "yes",
        "@geometry": "center"
      },
      "geometry": {
        "type": "Point",
        "coordinates": [
          78.5128088,
          17.4350368
        ]
      },
      "id": "way/1188612305"
    },
    {
      "type": "Feature",
      "properties": {
        "@id": "way/1189070767",
        "foot": "yes",
        "highway": "primary",
        "lit": "yes",
        "maxspeed": "60",
        "oneway": "yes",
        "@geometry": "center"
      },
      "geometry": {
        "type": "Point",
        "coordinates": [
          78.530332,
          17.4261262
        ]
      },
      "id": "way/1189070767"
    },
    {
      "type": "Feature",
      "properties": {
        "@id": "way/1189086638",
        "highway": "residential",
        "lit": "yes",
        "surface": "concrete",
        "@geometry": "center"
      },
      "geometry": {
        "type": "Point",
        "coordinates": [
          78.3843565,
          17.4446548
        ]
      },
      "id": "way/1189086638"
    },
    {
      "type": "Feature",
      "properties": {
        "@id": "way/1189131952",
        "alt_name": "RTC X Road",
        "foot": "yes",
        "highway": "primary",
        "lit": "yes",
        "maxspeed": "60",
        "name": "RTC X Road",
        "oneway": "yes",
        "@geometry": "center"
      },
      "geometry": {
        "type": "Point",
        "coordinates": [
          78.5054775,
          17.403535
        ]
      },
      "id": "way/1189131952"
    },
    {
      "type": "Feature",
      "properties": {
        "@id": "way/1189309542",
        "foot": "yes",
        "highway": "tertiary",
        "int_ref": "AH43",
        "lit": "yes",
        "oneway": "yes",
        "ref": "NH44",
        "ref:old": "NH7",
        "sidewalk": "no",
        "source": "GPS",
        "@geometry": "center"
      },
      "geometry": {
        "type": "Point",
        "coordinates": [
          78.43786,
          17.3309576
        ]
      },
      "id": "way/1189309542"
    },
    {
      "type": "Feature",
      "properties": {
        "@id": "way/1189554177",
        "highway": "trunk",
        "lanes": "3",
        "lit": "yes",
        "maxspeed": "60",
        "name": "Inner Ring Road",
        "oneway": "yes",
        "ref": "IRR",
        "surface": "asphalt",
        "@geometry": "center"
      },
      "geometry": {
        "type": "Point",
        "coordinates": [
          78.558286,
          17.3818326
        ]
      },
      "id": "way/1189554177"
    },
    {
      "type": "Feature",
      "properties": {
        "@id": "way/1189554189",
        "alt_name:en": "Inner Ring Road",
        "bridge": "yes",
        "highway": "trunk",
        "lanes": "3",
        "layer": "1",
        "lit": "yes",
        "maxspeed": "60",
        "name": "Nagole Flyover",
        "name:etymology:wikidata": "Q6958903",
        "oneway": "yes",
        "ref": "IRR",
        "surface": "asphalt",
        "@geometry": "center"
      },
      "geometry": {
        "type": "Point",
        "coordinates": [
          78.557651,
          17.3744179
        ]
      },
      "id": "way/1189554189"
    },
    {
      "type": "Feature",
      "properties": {
        "@id": "way/1189554190",
        "alt_name:en": "Inner Ring Road",
        "bridge": "yes",
        "highway": "trunk",
        "lanes": "3",
        "layer": "1",
        "lit": "yes",
        "maxspeed": "60",
        "name": "Nagole Flyover",
        "name:etymology:wikidata": "Q6958903",
        "oneway": "yes",
        "ref": "IRR",
        "surface": "asphalt",
        "@geometry": "center"
      },
      "geometry": {
        "type": "Point",
        "coordinates": [
          78.5577009,
          17.3733518
        ]
      },
      "id": "way/1189554190"
    },
    {
      "type": "Feature",
      "properties": {
        "@id": "way/1191971665",
        "highway": "trunk",
        "lanes": "3",
        "lit": "yes",
        "maxspeed": "60",
        "name": "Inner Ring Road",
        "oneway": "yes",
        "ref": "IRR",
        "surface": "asphalt",
        "@geometry": "center"
      },
      "geometry": {
        "type": "Point",
        "coordinates": [
          78.5588455,
          17.3899945
        ]
      },
      "id": "way/1191971665"
    },
    {
      "type": "Feature",
      "properties": {
        "@id": "way/1193509424",
        "highway": "primary",
        "lit": "yes",
        "maxspeed": "60",
        "name": "Malakunta Road",
        "oneway": "yes",
        "@geometry": "center"
      },
      "geometry": {
        "type": "Point",
        "coordinates": [
          78.4688108,
          17.3723963
        ]
      },
      "id": "way/1193509424"
    },
    {
      "type": "Feature",
      "properties": {
        "@id": "way/1193833016",
        "highway": "primary",
        "lit": "yes",
        "maxspeed": "60",
        "name": "Tilak Nagar Main Road",
        "oneway": "yes",
        "@geometry": "center"
      },
      "geometry": {
        "type": "Point",
        "coordinates": [
          78.5043992,
          17.3951671
        ]
      },
      "id": "way/1193833016"
    },
    {
      "type": "Feature",
      "properties": {
        "@id": "way/1193910101",
        "highway": "residential",
        "lit": "yes",
        "surface": "concrete",
        "@geometry": "center"
      },
      "geometry": {
        "type": "Point",
        "coordinates": [
          78.4112417,
          17.4062386
        ]
      },
      "id": "way/1193910101"
    },
    {
      "type": "Feature",
      "properties": {
        "@id": "way/1193991332",
        "alt_name": "Inner Ring Road",
        "foot": "yes",
        "highway": "primary",
        "lit": "yes",
        "maxspeed": "60",
        "name": "Nagarjuna Circle Road",
        "oneway": "yes",
        "ref": "IRR",
        "@geometry": "center"
      },
      "geometry": {
        "type": "Point",
        "coordinates": [
          78.4521385,
          17.4265732
        ]
      },
      "id": "way/1193991332"
    },
    {
      "type": "Feature",
      "properties": {
        "@id": "way/1193991333",
        "alt_name": "Inner Ring Road",
        "highway": "primary",
        "lit": "yes",
        "maxspeed": "60",
        "name": "Nagarjuna Circle Road",
        "oneway": "yes",
        "ref": "IRR",
        "@geometry": "center"
      },
      "geometry": {
        "type": "Point",
        "coordinates": [
          78.4522353,
          17.4268432
        ]
      },
      "id": "way/1193991333"
    },
    {
      "type": "Feature",
      "properties": {
        "@id": "way/1194669460",
        "highway": "primary",
        "lanes": "2",
        "lit": "yes",
        "maxspeed": "40",
        "name": "Telephone Bhavan Road",
        "oneway": "yes",
        "restrictions": "hour_off=22:00:00",
        "@geometry": "center"
      },
      "geometry": {
        "type": "Point",
        "coordinates": [
          78.4648009,
          17.4056948
        ]
      },
      "id": "way/1194669460"
    },
    {
      "type": "Feature",
      "properties": {
        "@id": "way/1198597144",
        "highway": "primary",
        "lit": "yes",
        "maxspeed": "60",
        "name": "Jambagh Road",
        "oneway": "yes",
        "@geometry": "center"
      },
      "geometry": {
        "type": "Point",
        "coordinates": [
          78.4766464,
          17.3835064
        ]
      },
      "id": "way/1198597144"
    },
    {
      "type": "Feature",
      "properties": {
        "@id": "way/1198911483",
        "highway": "primary",
        "lanes": "2",
        "lit": "yes",
        "maxspeed": "60",
        "name": "Himayath Nagar Main Road",
        "name:etymology:wikidata": "Q125634736",
        "oneway": "yes",
        "surface": "asphalt",
        "@geometry": "center"
      },
      "geometry": {
        "type": "Point",
        "coordinates": [
          78.4860465,
          17.4013633
        ]
      },
      "id": "way/1198911483"
    },
    {
      "type": "Feature",
      "properties": {
        "@id": "way/1201407444",
        "bicycle": "no",
        "embankment": "yes",
        "foot": "no",
        "hgv": "no",
        "highway": "motorway_link",
        "horse": "no",
        "lanes": "2",
        "lit": "yes",
        "name": "Shilpa Layout Flyover",
        "oneway": "yes",
        "smoothness": "excellent",
        "start_date": "2022-11-25",
        "surface": "asphalt",
        "@geometry": "center"
      },
      "geometry": {
        "type": "Point",
        "coordinates": [
          78.3610959,
          17.4350575
        ]
      },
      "id": "way/1201407444"
    },
    {
      "type": "Feature",
      "properties": {
        "@id": "way/1201407445",
        "bicycle": "yes",
        "foot": "no",
        "highway": "motorway",
        "horse": "no",
        "lanes": "4",
        "lit": "yes",
        "maxspeed": "40",
        "motor_vehicle": "yes",
        "motorcycle": "yes",
        "name": "Outer Ring Road",
        "name:hi": "आउटर रिंग रोड",
        "name:te": "ఔటర్ రింగు రోడ్డు",
        "official_name": "Nehru Outer Ring Road",
        "official_name:hi": "नेहरू आउटर रिंग रोड",
        "official_name:te": "నెహ్రూ ఔటర్ రింగ్ రోడ్",
        "oneway": "yes",
        "operator": "Hyderabad Metropolitan Development Authority",
        "ref": "ORR",
        "smoothness": "excellent",
        "source": "GPS",
        "start_date": "2008-11-14",
        "surface": "asphalt",
        "toll": "no",
        "@geometry": "center"
      },
      "geometry": {
        "type": "Point",
        "coordinates": [
          78.3602719,
          17.4334839
        ]
      },
      "id": "way/1201407445"
    },
    {
      "type": "Feature",
      "properties": {
        "@id": "way/1201407446",
        "bicycle": "no",
        "foot": "no",
        "highway": "motorway",
        "horse": "no",
        "lanes": "4",
        "lit": "yes",
        "maxspeed": "40",
        "motor_vehicle": "designated",
        "motorcycle": "yes",
        "name": "Outer Ring Road",
        "name:hi": "आउटर रिंग रोड",
        "name:te": "ఔటర్ రింగు రోడ్డు",
        "official_name": "Nehru Outer Ring Road",
        "official_name:hi": "नेहरू आउटर रिंग रोड",
        "official_name:te": "నెహ్రూ ఔటర్ రింగ్ రోడ్",
        "oneway": "yes",
        "operator": "Hyderabad Metropolitan Development Authority",
        "ref": "ORR",
        "smoothness": "excellent",
        "source": "GPS",
        "start_date": "2008-11-14",
        "surface": "asphalt",
        "toll": "no",
        "@geometry": "center"
      },
      "geometry": {
        "type": "Point",
        "coordinates": [
          78.3611519,
          17.4350424
        ]
      },
      "id": "way/1201407446"
    },
    {
      "type": "Feature",
      "properties": {
        "@id": "way/1201407447",
        "bicycle": "yes",
        "embankment": "yes",
        "foot": "no",
        "hgv": "no",
        "highway": "motorway_link",
        "horse": "no",
        "lanes": "2",
        "lit": "yes",
        "maxspeed": "30",
        "name": "Shilpa Layout Flyover",
        "oneway": "yes",
        "smoothness": "excellent",
        "start_date": "2022-11-25",
        "surface": "asphalt",
        "@geometry": "center"
      },
      "geometry": {
        "type": "Point",
        "coordinates": [
          78.3618077,
          17.43538
        ]
      },
      "id": "way/1201407447"
    },
    {
      "type": "Feature",
      "properties": {
        "@id": "way/1201443823",
        "alt_name:en": "Nallagandla Road",
        "embankment": "yes",
        "highway": "primary",
        "layer": "1",
        "lit": "yes",
        "maxspeed": "60",
        "name": "Nallagandla Flyover",
        "oneway": "yes",
        "surface": "asphalt",
        "@geometry": "center"
      },
      "geometry": {
        "type": "Point",
        "coordinates": [
          78.3150615,
          17.4799611
        ]
      },
      "id": "way/1201443823"
    },
    {
      "type": "Feature",
      "properties": {
        "@id": "way/1201443824",
        "alt_name:en": "Nallagandla Road",
        "bicycle": "yes",
        "embankment": "yes",
        "highway": "primary",
        "lanes": "2",
        "layer": "1",
        "lit": "yes",
        "maxspeed": "60",
        "name": "Nallagandla Flyover",
        "oneway": "yes",
        "surface": "asphalt",
        "@geometry": "center"
      },
      "geometry": {
        "type": "Point",
        "coordinates": [
          78.3150579,
          17.4798771
        ]
      },
      "id": "way/1201443824"
    },
    {
      "type": "Feature",
      "properties": {
        "@id": "way/1202015811",
        "foot": "yes",
        "highway": "primary",
        "lit": "yes",
        "maxspeed": "60",
        "name": "Darul Shifa Road",
        "name:te": "దారుల్ షిఫా రోడ్",
        "oneway": "yes",
        "surface": "asphalt",
        "@geometry": "center"
      },
      "geometry": {
        "type": "Point",
        "coordinates": [
          78.4806097,
          17.3647418
        ]
      },
      "id": "way/1202015811"
    },
    {
      "type": "Feature",
      "properties": {
        "@id": "way/1202015813",
        "foot": "yes",
        "highway": "primary",
        "lit": "yes",
        "maxspeed": "50",
        "name": "Darul Shifa Road",
        "name:te": "దారుల్ షిఫా రోడ్",
        "surface": "asphalt",
        "@geometry": "center"
      },
      "geometry": {
        "type": "Point",
        "coordinates": [
          78.4809471,
          17.3663146
        ]
      },
      "id": "way/1202015813"
    },
    {
      "type": "Feature",
      "properties": {
        "@id": "way/1202015815",
        "foot": "yes",
        "highway": "primary",
        "lit": "yes",
        "maxspeed": "50",
        "name": "Darul Shifa Road",
        "name:te": "దారుల్ షిఫా రోడ్",
        "oneway": "yes",
        "surface": "asphalt",
        "@geometry": "center"
      },
      "geometry": {
        "type": "Point",
        "coordinates": [
          78.4811898,
          17.3672334
        ]
      },
      "id": "way/1202015815"
    },
    {
      "type": "Feature",
      "properties": {
        "@id": "way/1202456948",
        "bicycle": "no",
        "embankment": "yes",
        "foot": "no",
        "hgv": "no",
        "highway": "motorway_link",
        "horse": "no",
        "lanes": "2",
        "lit": "yes",
        "name": "Shilpa Layout Flyover",
        "oneway": "yes",
        "smoothness": "excellent",
        "start_date": "2022-11-25",
        "surface": "asphalt",
        "@geometry": "center"
      },
      "geometry": {
        "type": "Point",
        "coordinates": [
          78.3706093,
          17.4400973
        ]
      },
      "id": "way/1202456948"
    },
    {
      "type": "Feature",
      "properties": {
        "@id": "way/1202456949",
        "bicycle": "no",
        "embankment": "yes",
        "foot": "no",
        "hgv": "no",
        "highway": "motorway_link",
        "horse": "no",
        "lanes": "2",
        "lit": "yes",
        "name": "Shilpa Layout Flyover",
        "oneway": "yes",
        "smoothness": "excellent",
        "start_date": "2022-11-25",
        "surface": "asphalt",
        "@geometry": "center"
      },
      "geometry": {
        "type": "Point",
        "coordinates": [
          78.3706244,
          17.4401661
        ]
      },
      "id": "way/1202456949"
    },
    {
      "type": "Feature",
      "properties": {
        "@id": "way/1202456950",
        "bicycle": "no",
        "foot": "no",
        "hgv": "no",
        "highway": "motorway_link",
        "horse": "no",
        "lanes": "2",
        "lit": "yes",
        "name": "Shilpa Layout Flyover",
        "oneway": "yes",
        "smoothness": "excellent",
        "start_date": "2022-11-25",
        "surface": "asphalt",
        "@geometry": "center"
      },
      "geometry": {
        "type": "Point",
        "coordinates": [
          78.3712176,
          17.4399611
        ]
      },
      "id": "way/1202456950"
    },
    {
      "type": "Feature",
      "properties": {
        "@id": "way/1202456951",
        "bicycle": "no",
        "foot": "no",
        "hgv": "no",
        "highway": "motorway_link",
        "horse": "no",
        "lanes": "2",
        "lit": "yes",
        "name": "Shilpa Layout Flyover",
        "oneway": "yes",
        "smoothness": "excellent",
        "start_date": "2022-11-25",
        "surface": "asphalt",
        "@geometry": "center"
      },
      "geometry": {
        "type": "Point",
        "coordinates": [
          78.3713279,
          17.4400171
        ]
      },
      "id": "way/1202456951"
    },
    {
      "type": "Feature",
      "properties": {
        "@id": "way/1203042048",
        "agricultural": "no",
        "bicycle": "no",
        "embankment": "yes",
        "foot": "no",
        "hgv": "no",
        "highway": "motorway_link",
        "horse": "no",
        "lanes": "1",
        "lit": "yes",
        "motorcar": "designated",
        "motorcycle": "no",
        "name": "Flyover",
        "oneway": "yes",
        "shoulder": "no",
        "smoothness": "excellent",
        "source": "Esri World Imagery (2023-08-29)",
        "surface": "asphalt",
        "@geometry": "center"
      },
      "geometry": {
        "type": "Point",
        "coordinates": [
          78.4293677,
          17.3841032
        ]
      },
      "id": "way/1203042048"
    },
    {
      "type": "Feature",
      "properties": {
        "@id": "way/1203042049",
        "agricultural": "no",
        "bicycle": "no",
        "foot": "no",
        "hgv": "no",
        "highway": "motorway_link",
        "horse": "no",
        "lanes": "1",
        "lit": "yes",
        "motorcar": "designated",
        "motorcycle": "no",
        "name": "Flyover",
        "oneway": "yes",
        "shoulder": "no",
        "smoothness": "excellent",
        "source": "Esri World Imagery (2023-08-29)",
        "surface": "asphalt",
        "@geometry": "center"
      },
      "geometry": {
        "type": "Point",
        "coordinates": [
          78.4294084,
          17.3845906
        ]
      },
      "id": "way/1203042049"
    },
    {
      "type": "Feature",
      "properties": {
        "@id": "way/1203042050",
        "agricultural": "no",
        "bicycle": "no",
        "embankment": "yes",
        "foot": "no",
        "hgv": "no",
        "highway": "motorway_link",
        "horse": "no",
        "lanes": "1",
        "lit": "yes",
        "motorcar": "designated",
        "motorcycle": "no",
        "name": "Flyover",
        "oneway": "yes",
        "shoulder": "no",
        "smoothness": "excellent",
        "source": "Esri World Imagery (2023-08-29)",
        "surface": "asphalt",
        "@geometry": "center"
      },
      "geometry": {
        "type": "Point",
        "coordinates": [
          78.4296222,
          17.3844444
        ]
      },
      "id": "way/1203042050"
    },
    {
      "type": "Feature",
      "properties": {
        "@id": "way/1203042051",
        "highway": "motorway_link",
        "lanes": "4",
        "lit": "yes",
        "name": "Flyover",
        "oneway": "yes",
        "source": "GPS",
        "@geometry": "center"
      },
      "geometry": {
        "type": "Point",
        "coordinates": [
          78.4296205,
          17.3850398
        ]
      },
      "id": "way/1203042051"
    },
    {
      "type": "Feature",
      "properties": {
        "@id": "way/1203042052",
        "agricultural": "no",
        "bicycle": "no",
        "bridge": "yes",
        "foot": "no",
        "hgv": "no",
        "highway": "motorway_link",
        "horse": "no",
        "lanes": "1",
        "layer": "1",
        "lit": "yes",
        "motorcar": "designated",
        "motorcycle": "no",
        "name": "Flyover",
        "oneway": "yes",
        "shoulder": "no",
        "smoothness": "excellent",
        "source": "Esri World Imagery (2023-08-29)",
        "surface": "asphalt",
        "@geometry": "center"
      },
      "geometry": {
        "type": "Point",
        "coordinates": [
          78.429373,
          17.3825609
        ]
      },
      "id": "way/1203042052"
    },
    {
      "type": "Feature",
      "properties": {
        "@id": "way/1203294919",
        "agricultural": "no",
        "bicycle": "no",
        "embankment": "yes",
        "foot": "no",
        "hgv": "no",
        "highway": "motorway_link",
        "horse": "no",
        "lanes": "1",
        "lit": "yes",
        "maxspeed": "40",
        "motorcar": "designated",
        "motorcycle": "no",
        "name": "Flyover",
        "oneway": "yes",
        "shoulder": "no",
        "smoothness": "excellent",
        "source": "Esri World Imagery (2023-08-29)",
        "surface": "asphalt",
        "@geometry": "center"
      },
      "geometry": {
        "type": "Point",
        "coordinates": [
          78.428944,
          17.3241443
        ]
      },
      "id": "way/1203294919"
    },
    {
      "type": "Feature",
      "properties": {
        "@id": "way/1203294920",
        "highway": "motorway_link",
        "lanes": "1",
        "lit": "yes",
        "name": "Flyover",
        "oneway": "yes",
        "smoothness": "excellent",
        "source": "Esri World Imagery (2023-08-29)",
        "surface": "asphalt",
        "@geometry": "center"
      },
      "geometry": {
        "type": "Point",
        "coordinates": [
          78.4297794,
          17.3235041
        ]
      },
      "id": "way/1203294920"
    },
    {
      "type": "Feature",
      "properties": {
        "@id": "way/1203294921",
        "agricultural": "no",
        "bicycle": "no",
        "embankment": "yes",
        "foot": "no",
        "hgv": "no",
        "highway": "motorway_link",
        "horse": "no",
        "lanes": "1",
        "lit": "yes",
        "maxspeed": "40",
        "motorcar": "designated",
        "motorcycle": "no",
        "name": "Flyover",
        "oneway": "yes",
        "shoulder": "no",
        "smoothness": "excellent",
        "source": "Esri World Imagery (2023-08-29)",
        "surface": "asphalt",
        "@geometry": "center"
      },
      "geometry": {
        "type": "Point",
        "coordinates": [
          78.4287923,
          17.3239536
        ]
      },
      "id": "way/1203294921"
    },
    {
      "type": "Feature",
      "properties": {
        "@id": "way/1203294925",
        "highway": "motorway_link",
        "lanes": "1",
        "lit": "yes",
        "name": "Flyover",
        "oneway": "yes",
        "smoothness": "excellent",
        "source": "Esri World Imagery (2023-08-29)",
        "surface": "asphalt",
        "@geometry": "center"
      },
      "geometry": {
        "type": "Point",
        "coordinates": [
          78.4295963,
          17.3233944
        ]
      },
      "id": "way/1203294925"
    },
    {
      "type": "Feature",
      "properties": {
        "@id": "way/1203294926",
        "agricultural": "no",
        "bicycle": "no",
        "foot": "no",
        "hgv": "no",
        "highway": "motorway_link",
        "horse": "no",
        "lanes": "1",
        "lit": "yes",
        "maxspeed": "40",
        "motorcar": "designated",
        "motorcycle": "no",
        "name": "Flyover",
        "oneway": "yes",
        "shoulder": "no",
        "smoothness": "excellent",
        "source": "Esri World Imagery (2023-08-29)",
        "surface": "asphalt",
        "@geometry": "center"
      },
      "geometry": {
        "type": "Point",
        "coordinates": [
          78.4296816,
          17.3235864
        ]
      },
      "id": "way/1203294926"
    },
    {
      "type": "Feature",
      "properties": {
        "@id": "way/1203499925",
        "bicycle": "yes",
        "bridge": "viaduct",
        "foot": "no",
        "hgv": "no",
        "highway": "motorway_link",
        "horse": "no",
        "lanes": "2",
        "layer": "2",
        "lit": "yes",
        "maxspeed": "30",
        "name": "Shilpa Layout Flyover",
        "oneway": "yes",
        "smoothness": "excellent",
        "start_date": "2022-11-25",
        "surface": "asphalt",
        "@geometry": "center"
      },
      "geometry": {
        "type": "Point",
        "coordinates": [
          78.3632784,
          17.4369349
        ]
      },
      "id": "way/1203499925"
    },
    {
      "type": "Feature",
      "properties": {
        "@id": "way/1203837181",
        "agricultural": "no",
        "alt_name": "Hyderabad Elevated Expressway \"P.V. Narasimha Rao\"",
        "bicycle": "no",
        "bridge": "viaduct",
        "foot": "no",
        "hgv": "no",
        "highway": "motorway",
        "horse": "no",
        "lanes": "2",
        "layer": "1",
        "lit": "yes",
        "maxspeed": "80",
        "motorcar": "designated",
        "motorcycle": "no",
        "name": "P.V. Narasimha Rao Flyover",
        "name:etymology:wikidata": "Q275146",
        "noref": "yes",
        "oneway": "yes",
        "overtaking": "no",
        "shoulder": "no",
        "smoothness": "excellent",
        "source": "Bing (2015-10-17)",
        "surface": "asphalt",
        "@geometry": "center"
      },
      "geometry": {
        "type": "Point",
        "coordinates": [
          78.416746,
          17.3488387
        ]
      },
      "id": "way/1203837181"
    },
    {
      "type": "Feature",
      "properties": {
        "@id": "way/1203837182",
        "agricultural": "no",
        "alt_name": "Hyderabad Elevated Expressway \"P.V. Narasimha Rao\"",
        "bicycle": "no",
        "bridge": "viaduct",
        "foot": "no",
        "hgv": "no",
        "highway": "motorway",
        "horse": "no",
        "lanes": "2",
        "layer": "1",
        "lit": "yes",
        "maxspeed": "80",
        "motorcar": "designated",
        "motorcycle": "no",
        "name": "P.V. Narasimha Rao Flyover",
        "name:etymology:wikidata": "Q275146",
        "noref": "yes",
        "oneway": "yes",
        "overtaking": "no",
        "shoulder": "no",
        "smoothness": "excellent",
        "source": "Bing (2015-10-17)",
        "surface": "asphalt",
        "@geometry": "center"
      },
      "geometry": {
        "type": "Point",
        "coordinates": [
          78.4166694,
          17.3488614
        ]
      },
      "id": "way/1203837182"
    },
    {
      "type": "Feature",
      "properties": {
        "@id": "way/1203837189",
        "agricultural": "no",
        "bicycle": "no",
        "bridge": "viaduct",
        "foot": "no",
        "hgv": "no",
        "highway": "motorway_link",
        "horse": "no",
        "lanes": "1",
        "layer": "1",
        "lit": "yes",
        "maxspeed": "40",
        "motorcar": "designated",
        "motorcycle": "no",
        "name": "Flyover",
        "oneway": "yes",
        "shoulder": "no",
        "smoothness": "excellent",
        "source": "Esri World Imagery (2023-08-31)",
        "surface": "asphalt",
        "@geometry": "center"
      },
      "geometry": {
        "type": "Point",
        "coordinates": [
          78.4166312,
          17.3488687
        ]
      },
      "id": "way/1203837189"
    },
    {
      "type": "Feature",
      "properties": {
        "@id": "way/1203837190",
        "agricultural": "no",
        "bicycle": "no",
        "foot": "no",
        "hgv": "no",
        "highway": "motorway_link",
        "horse": "no",
        "lanes": "1",
        "lit": "yes",
        "maxspeed": "40",
        "motorcar": "designated",
        "motorcycle": "no",
        "name": "Flyover",
        "oneway": "yes",
        "shoulder": "no",
        "smoothness": "excellent",
        "source": "Esri World Imagery (2023-08-31)",
        "surface": "asphalt",
        "@geometry": "center"
      },
      "geometry": {
        "type": "Point",
        "coordinates": [
          78.4181104,
          17.3523645
        ]
      },
      "id": "way/1203837190"
    },
    {
      "type": "Feature",
      "properties": {
        "@id": "way/1203837191",
        "agricultural": "no",
        "bicycle": "no",
        "foot": "no",
        "hgv": "no",
        "highway": "motorway_link",
        "horse": "no",
        "lanes": "1",
        "lit": "yes",
        "maxspeed": "40",
        "motorcar": "designated",
        "motorcycle": "no",
        "name": "Flyover",
        "oneway": "yes",
        "shoulder": "no",
        "smoothness": "excellent",
        "source": "Esri World Imagery (2023-08-31)",
        "surface": "asphalt",
        "@geometry": "center"
      },
      "geometry": {
        "type": "Point",
        "coordinates": [
          78.4182413,
          17.3522544
        ]
      },
      "id": "way/1203837191"
    },
    {
      "type": "Feature",
      "properties": {
        "@id": "way/1203837192",
        "agricultural": "no",
        "bicycle": "no",
        "bridge": "viaduct",
        "foot": "no",
        "hgv": "no",
        "highway": "motorway_link",
        "horse": "no",
        "lanes": "1",
        "layer": "1",
        "lit": "yes",
        "maxspeed": "40",
        "motorcar": "designated",
        "motorcycle": "no",
        "name": "Flyover",
        "oneway": "yes",
        "shoulder": "no",
        "smoothness": "excellent",
        "source": "Esri World Imagery (2023-08-31)",
        "surface": "asphalt",
        "@geometry": "center"
      },
      "geometry": {
        "type": "Point",
        "coordinates": [
          78.4167907,
          17.3488243
        ]
      },
      "id": "way/1203837192"
    },
    {
      "type": "Feature",
      "properties": {
        "@id": "way/1203886568",
        "agricultural": "no",
        "bicycle": "no",
        "embankment": "yes",
        "foot": "no",
        "hgv": "no",
        "highway": "motorway_link",
        "horse": "no",
        "lanes": "1",
        "lit": "yes",
        "motorcar": "designated",
        "motorcycle": "no",
        "name": "Flyover",
        "oneway": "yes",
        "shoulder": "no",
        "smoothness": "excellent",
        "source": "Esri World Imagery (2023-08-31)",
        "surface": "asphalt",
        "@geometry": "center"
      },
      "geometry": {
        "type": "Point",
        "coordinates": [
          78.4246968,
          17.3583763
        ]
      },
      "id": "way/1203886568"
    },
    {
      "type": "Feature",
      "properties": {
        "@id": "way/1203886569",
        "agricultural": "no",
        "bicycle": "no",
        "bridge": "yes",
        "foot": "no",
        "hgv": "no",
        "highway": "motorway_link",
        "horse": "no",
        "lanes": "1",
        "layer": "1",
        "lit": "yes",
        "motorcar": "designated",
        "motorcycle": "no",
        "name": "Flyover",
        "oneway": "yes",
        "shoulder": "no",
        "smoothness": "excellent",
        "source": "Esri World Imagery (2023-08-31)",
        "surface": "asphalt",
        "@geometry": "center"
      },
      "geometry": {
        "type": "Point",
        "coordinates": [
          78.42605,
          17.3594964
        ]
      },
      "id": "way/1203886569"
    },
    {
      "type": "Feature",
      "properties": {
        "@id": "way/1203886570",
        "agricultural": "no",
        "bicycle": "no",
        "foot": "no",
        "hgv": "no",
        "highway": "motorway_link",
        "horse": "no",
        "lanes": "1",
        "lit": "yes",
        "motorcar": "designated",
        "motorcycle": "no",
        "name": "Flyover",
        "oneway": "yes",
        "shoulder": "no",
        "smoothness": "excellent",
        "source": "Esri World Imagery (2023-08-31)",
        "surface": "asphalt",
        "@geometry": "center"
      },
      "geometry": {
        "type": "Point",
        "coordinates": [
          78.4244893,
          17.3578018
        ]
      },
      "id": "way/1203886570"
    },
    {
      "type": "Feature",
      "properties": {
        "@id": "way/1203886571",
        "agricultural": "no",
        "bicycle": "no",
        "embankment": "yes",
        "foot": "no",
        "hgv": "no",
        "highway": "motorway_link",
        "horse": "no",
        "lanes": "1",
        "lit": "yes",
        "motorcar": "designated",
        "motorcycle": "no",
        "name": "Flyover",
        "oneway": "yes",
        "shoulder": "no",
        "smoothness": "excellent",
        "source": "Esri World Imagery (2023-08-31)",
        "surface": "asphalt",
        "@geometry": "center"
      },
      "geometry": {
        "type": "Point",
        "coordinates": [
          78.4248649,
          17.3581075
        ]
      },
      "id": "way/1203886571"
    },
    {
      "type": "Feature",
      "properties": {
        "@id": "way/1203886572",
        "agricultural": "no",
        "alt_name": "Hyderabad Elevated Expressway \"P.V. Narasimha Rao\"",
        "bicycle": "no",
        "bridge": "viaduct",
        "foot": "no",
        "hgv": "no",
        "highway": "motorway",
        "horse": "no",
        "lanes": "2",
        "layer": "1",
        "lit": "yes",
        "maxspeed": "80",
        "motorcar": "designated",
        "motorcycle": "no",
        "name": "P.V. Narasimha Rao Flyover",
        "name:etymology:wikidata": "Q275146",
        "noref": "yes",
        "oneway": "yes",
        "overtaking": "no",
        "shoulder": "no",
        "smoothness": "excellent",
        "source": "Bing (2015-10-17)",
        "surface": "asphalt",
        "@geometry": "center"
      },
      "geometry": {
        "type": "Point",
        "coordinates": [
          78.420347,
          17.3543021
        ]
      },
      "id": "way/1203886572"
    },
    {
      "type": "Feature",
      "properties": {
        "@id": "way/1203886573",
        "agricultural": "no",
        "alt_name": "Hyderabad Elevated Expressway \"P.V. Narasimha Rao\"",
        "bicycle": "no",
        "bridge": "viaduct",
        "foot": "no",
        "hgv": "no",
        "highway": "motorway",
        "horse": "no",
        "lanes": "2",
        "layer": "1",
        "lit": "yes",
        "maxspeed": "80",
        "motorcar": "designated",
        "motorcycle": "no",
        "name": "P.V. Narasimha Rao Flyover",
        "name:etymology:wikidata": "Q275146",
        "noref": "yes",
        "oneway": "yes",
        "overtaking": "no",
        "shoulder": "no",
        "smoothness": "excellent",
        "source": "Bing (2015-10-17)",
        "surface": "asphalt",
        "@geometry": "center"
      },
      "geometry": {
        "type": "Point",
        "coordinates": [
          78.4203689,
          17.3542026
        ]
      },
      "id": "way/1203886573"
    },
    {
      "type": "Feature",
      "properties": {
        "@id": "way/1205473126",
        "highway": "primary",
        "lit": "yes",
        "maxspeed": "60",
        "name": "Adikmet Road",
        "name:etymology:wikidata": "Q4682781",
        "oneway": "yes",
        "@geometry": "center"
      },
      "geometry": {
        "type": "Point",
        "coordinates": [
          78.524832,
          17.4206123
        ]
      },
      "id": "way/1205473126"
    },
    {
      "type": "Feature",
      "properties": {
        "@id": "way/1207144104",
        "highway": "residential",
        "lit": "yes",
        "surface": "concrete",
        "@geometry": "center"
      },
      "geometry": {
        "type": "Point",
        "coordinates": [
          78.4138204,
          17.4065289
        ]
      },
      "id": "way/1207144104"
    },
    {
      "type": "Feature",
      "properties": {
        "@id": "way/1207275151",
        "bicycle": "no",
        "embankment": "left",
        "foot": "no",
        "highway": "motorway",
        "horse": "no",
        "lanes": "4",
        "lit": "yes",
        "maxspeed": "120",
        "maxspeed:advisory:lanes": "80|80|120|120",
        "motor_vehicle": "designated",
        "motorcycle": "no",
        "name": "Outer Ring Road",
        "name:hi": "आउटर रिंग रोड",
        "name:te": "ఔటర్ రింగు రోడ్డు",
        "official_name": "Nehru Outer Ring Road",
        "official_name:hi": "नेहरू आउटर रिंग रोड",
        "official_name:te": "నెహ్రూ ఔటర్ రింగ్ రోడ్",
        "oneway": "yes",
        "operator": "Hyderabad Metropolitan Development Authority",
        "ref": "ORR",
        "shoulder": "left",
        "smoothness": "excellent",
        "source": "Esri World Imagery (2023-09-12)",
        "start_date": "2012-12-03",
        "surface": "asphalt",
        "toll": "yes",
        "@geometry": "center"
      },
      "geometry": {
        "type": "Point",
        "coordinates": [
          78.2585983,
          17.5458842
        ]
      },
      "id": "way/1207275151"
    },
    {
      "type": "Feature",
      "properties": {
        "@id": "way/1207660168",
        "highway": "residential",
        "lanes": "2",
        "lit": "yes",
        "surface": "asphalt",
        "@geometry": "center"
      },
      "geometry": {
        "type": "Point",
        "coordinates": [
          78.4531012,
          17.436959
        ]
      },
      "id": "way/1207660168"
    },
    {
      "type": "Feature",
      "properties": {
        "@id": "way/1209035335",
        "highway": "primary",
        "lanes": "4",
        "lit": "yes",
        "maxspeed": "60",
        "name": "HITEC City Road",
        "name:etymology:wikidata": "Q3322188",
        "oneway": "yes",
        "surface": "asphalt",
        "@geometry": "center"
      },
      "geometry": {
        "type": "Point",
        "coordinates": [
          78.3772044,
          17.4435004
        ]
      },
      "id": "way/1209035335"
    },
    {
      "type": "Feature",
      "properties": {
        "@id": "way/1212217736",
        "covered": "yes",
        "foot": "no",
        "highway": "cycleway",
        "lanes": "3",
        "lanes:backward": "1",
        "lanes:both_ways": "1",
        "lanes:forward": "1",
        "lit": "yes",
        "name": "Healthway",
        "smoothness": "excellent",
        "source": "Esri World Imagery (2024-06-03)",
        "surface": "asphalt",
        "width": "4.5",
        "@geometry": "center"
      },
      "geometry": {
        "type": "Point",
        "coordinates": [
          78.3552629,
          17.4120252
        ]
      },
      "id": "way/1212217736"
    },
    {
      "type": "Feature",
      "properties": {
        "@id": "way/1212916220",
        "highway": "primary",
        "lit": "yes",
        "maxspeed": "60",
        "name": "Malakunta Road",
        "oneway": "yes",
        "@geometry": "center"
      },
      "geometry": {
        "type": "Point",
        "coordinates": [
          78.4689926,
          17.3744826
        ]
      },
      "id": "way/1212916220"
    },
    {
      "type": "Feature",
      "properties": {
        "@id": "way/1214891942",
        "highway": "residential",
        "lit": "yes",
        "source": "Maxar",
        "surface": "asphalt",
        "@geometry": "center"
      },
      "geometry": {
        "type": "Point",
        "coordinates": [
          78.3873445,
          17.44306
        ]
      },
      "id": "way/1214891942"
    },
    {
      "type": "Feature",
      "properties": {
        "@id": "way/1219753639",
        "highway": "secondary",
        "lit": "yes",
        "oneway": "yes",
        "source": "digitalglobe",
        "@geometry": "center"
      },
      "geometry": {
        "type": "Point",
        "coordinates": [
          78.5007733,
          17.4205691
        ]
      },
      "id": "way/1219753639"
    },
    {
      "type": "Feature",
      "properties": {
        "@id": "way/1222712332",
        "access": "private",
        "leisure": "swimming_pool",
        "lit": "yes",
        "location": "outdoor",
        "name": "High Fields Pool",
        "@geometry": "center"
      },
      "geometry": {
        "type": "Point",
        "coordinates": [
          78.3403002,
          17.414922
        ]
      },
      "id": "way/1222712332"
    },
    {
      "type": "Feature",
      "properties": {
        "@id": "way/1222712333",
        "access": "private",
        "leisure": "swimming_pool",
        "lit": "yes",
        "location": "outdoor",
        "name": "High Fields Kids Pool",
        "@geometry": "center"
      },
      "geometry": {
        "type": "Point",
        "coordinates": [
          78.3401317,
          17.4147876
        ]
      },
      "id": "way/1222712333"
    },
    {
      "type": "Feature",
      "properties": {
        "@id": "way/1222712334",
        "access": "private",
        "leisure": "swimming_pool",
        "lit": "yes",
        "location": "roof",
        "name": "High Fields Rooftop Pool",
        "@geometry": "center"
      },
      "geometry": {
        "type": "Point",
        "coordinates": [
          78.340647,
          17.4155781
        ]
      },
      "id": "way/1222712334"
    },
    {
      "type": "Feature",
      "properties": {
        "@id": "way/1222712336",
        "access": "private",
        "hoops": "2",
        "leisure": "pitch",
        "lit": "yes",
        "name": "High Fields Basketball Court",
        "sport": "basketball",
        "surface": "paved",
        "@geometry": "center"
      },
      "geometry": {
        "type": "Point",
        "coordinates": [
          78.3398548,
          17.416059
        ]
      },
      "id": "way/1222712336"
    },
    {
      "type": "Feature",
      "properties": {
        "@id": "way/1222890643",
        "leisure": "track",
        "lit": "yes",
        "name": "High Fields Mulan Cycle Track",
        "sport": "cycling",
        "@geometry": "center"
      },
      "geometry": {
        "type": "Point",
        "coordinates": [
          78.3411797,
          17.4159899
        ]
      },
      "id": "way/1222890643"
    },
    {
      "type": "Feature",
      "properties": {
        "@id": "way/1230633658",
        "alt_name": "Adikmet Main Road",
        "bridge": "yes",
        "highway": "primary",
        "layer": "1",
        "lit": "yes",
        "maxspeed": "50",
        "name": "Adikmet Flyover",
        "name:etymology:wikidata": "Q4682781",
        "@geometry": "center"
      },
      "geometry": {
        "type": "Point",
        "coordinates": [
          78.516361,
          17.4093454
        ]
      },
      "id": "way/1230633658"
    },
    {
      "type": "Feature",
      "properties": {
        "@id": "way/1232453855",
        "highway": "primary",
        "lanes": "4",
        "lit": "yes",
        "name": "HITEC City Road",
        "name:etymology:wikidata": "Q3322188",
        "oneway": "yes",
        "@geometry": "center"
      },
      "geometry": {
        "type": "Point",
        "coordinates": [
          78.3808596,
          17.4512047
        ]
      },
      "id": "way/1232453855"
    },
    {
      "type": "Feature",
      "properties": {
        "@id": "way/1236540820",
        "alt_name": "RTC X Road",
        "highway": "primary",
        "lit": "yes",
        "maxspeed": "60",
        "name": "Indira Park Road",
        "name:etymology:wikidata": "Q11219005",
        "oneway": "yes",
        "@geometry": "center"
      },
      "geometry": {
        "type": "Point",
        "coordinates": [
          78.4784456,
          17.4127484
        ]
      },
      "id": "way/1236540820"
    },
    {
      "type": "Feature",
      "properties": {
        "@id": "way/1236540821",
        "alt_name": "RTC X Road",
        "highway": "primary",
        "lit": "yes",
        "maxspeed": "60",
        "name": "Indira Park Road",
        "name:etymology:wikidata": "Q11219005",
        "oneway": "yes",
        "@geometry": "center"
      },
      "geometry": {
        "type": "Point",
        "coordinates": [
          78.4783442,
          17.4127909
        ]
      },
      "id": "way/1236540821"
    },
    {
      "type": "Feature",
      "properties": {
        "@id": "way/1240067627",
        "foot": "yes",
        "highway": "tertiary",
        "lit": "yes",
        "oneway": "yes",
        "@geometry": "center"
      },
      "geometry": {
        "type": "Point",
        "coordinates": [
          78.2662095,
          17.5272852
        ]
      },
      "id": "way/1240067627"
    },
    {
      "type": "Feature",
      "properties": {
        "@id": "way/1241896834",
        "alt_name": "Inner Ring Road",
        "highway": "primary",
        "lit": "yes",
        "maxspeed": "60",
        "name": "Sayeedabad Main Road",
        "name:en": "Sayeedabad Road",
        "oneway": "yes",
        "ref": "SH19",
        "@geometry": "center"
      },
      "geometry": {
        "type": "Point",
        "coordinates": [
          78.5052431,
          17.3575236
        ]
      },
      "id": "way/1241896834"
    },
    {
      "type": "Feature",
      "properties": {
        "@id": "way/1241899964",
        "highway": "trunk",
        "lit": "yes",
        "maxspeed": "50",
        "name": "Darul Shifa Road",
        "ref": "NH765",
        "@geometry": "center"
      },
      "geometry": {
        "type": "Point",
        "coordinates": [
          78.4798846,
          17.3616295
        ]
      },
      "id": "way/1241899964"
    },
    {
      "type": "Feature",
      "properties": {
        "@id": "way/1241901696",
        "highway": "trunk",
        "lit": "yes",
        "maxspeed": "50",
        "name": "Darul Shifa Road",
        "@geometry": "center"
      },
      "geometry": {
        "type": "Point",
        "coordinates": [
          78.4791032,
          17.3577319
        ]
      },
      "id": "way/1241901696"
    },
    {
      "type": "Feature",
      "properties": {
        "@id": "way/1241901697",
        "highway": "trunk",
        "lit": "yes",
        "maxspeed": "60",
        "name": "Darul Shifa Road",
        "oneway": "yes",
        "@geometry": "center"
      },
      "geometry": {
        "type": "Point",
        "coordinates": [
          78.4787116,
          17.3556239
        ]
      },
      "id": "way/1241901697"
    },
    {
      "type": "Feature",
      "properties": {
        "@id": "way/1241901698",
        "highway": "trunk",
        "lit": "yes",
        "maxspeed": "60",
        "name": "Darul Shifa Road",
        "oneway": "yes",
        "@geometry": "center"
      },
      "geometry": {
        "type": "Point",
        "coordinates": [
          78.4787256,
          17.3556239
        ]
      },
      "id": "way/1241901698"
    },
    {
      "type": "Feature",
      "properties": {
        "@id": "way/1241902605",
        "highway": "primary",
        "lit": "yes",
        "maxspeed": "50",
        "name": "Shah Ali Banda New Road",
        "@geometry": "center"
      },
      "geometry": {
        "type": "Point",
        "coordinates": [
          78.4703749,
          17.3548013
        ]
      },
      "id": "way/1241902605"
    },
    {
      "type": "Feature",
      "properties": {
        "@id": "way/1241902606",
        "highway": "primary",
        "lit": "yes",
        "maxspeed": "50",
        "name": "Shah Ali Banda New Road",
        "@geometry": "center"
      },
      "geometry": {
        "type": "Point",
        "coordinates": [
          78.4731857,
          17.3548494
        ]
      },
      "id": "way/1241902606"
    },
    {
      "type": "Feature",
      "properties": {
        "@id": "way/1241903939",
        "highway": "primary",
        "lit": "yes",
        "maxspeed": "60",
        "name": "Khilwat Road",
        "oneway": "yes",
        "@geometry": "center"
      },
      "geometry": {
        "type": "Point",
        "coordinates": [
          78.4716142,
          17.3610915
        ]
      },
      "id": "way/1241903939"
    },
    {
      "type": "Feature",
      "properties": {
        "@id": "way/1241929067",
        "highway": "primary",
        "lit": "yes",
        "maxspeed": "60",
        "oneway": "yes",
        "@geometry": "center"
      },
      "geometry": {
        "type": "Point",
        "coordinates": [
          78.4889912,
          17.4249403
        ]
      },
      "id": "way/1241929067"
    },
    {
      "type": "Feature",
      "properties": {
        "@id": "way/1241929068",
        "highway": "primary",
        "lit": "yes",
        "maxspeed": "60",
        "oneway": "yes",
        "@geometry": "center"
      },
      "geometry": {
        "type": "Point",
        "coordinates": [
          78.4883601,
          17.4250533
        ]
      },
      "id": "way/1241929068"
    },
    {
      "type": "Feature",
      "properties": {
        "@id": "way/1241929069",
        "highway": "primary",
        "lit": "yes",
        "oneway": "yes",
        "@geometry": "center"
      },
      "geometry": {
        "type": "Point",
        "coordinates": [
          78.4880084,
          17.4251171
        ]
      },
      "id": "way/1241929069"
    },
    {
      "type": "Feature",
      "properties": {
        "@id": "way/1246269033",
        "alt_name": "Vidyanagar Main Road",
        "highway": "primary",
        "lit": "yes",
        "maxspeed": "60",
        "name": "Osmania University Road",
        "oneway": "yes",
        "@geometry": "center"
      },
      "geometry": {
        "type": "Point",
        "coordinates": [
          78.5101618,
          17.4028977
        ]
      },
      "id": "way/1246269033"
    },
    {
      "type": "Feature",
      "properties": {
        "@id": "way/1246272502",
        "highway": "primary",
        "lit": "yes",
        "maxspeed": "60",
        "name": "Adikmet Road",
        "name:etymology:wikidata": "Q4682781",
        "oneway": "yes",
        "@geometry": "center"
      },
      "geometry": {
        "type": "Point",
        "coordinates": [
          78.5208216,
          17.4129908
        ]
      },
      "id": "way/1246272502"
    },
    {
      "type": "Feature",
      "properties": {
        "@id": "way/1250844117",
        "bicycle": "no",
        "foot": "no",
        "highway": "motorway",
        "horse": "no",
        "lanes": "5",
        "lit": "yes",
        "maxspeed": "40",
        "motor_vehicle": "designated",
        "motorcycle": "yes",
        "name": "Outer Ring Road",
        "name:hi": "आउटर रिंग रोड",
        "name:te": "ఔటర్ రింగు రోడ్డు",
        "official_name": "Nehru Outer Ring Road",
        "official_name:hi": "नेहरू आउटर रिंग रोड",
        "official_name:te": "నెహ్రూ ఔటర్ రింగ్ రోడ్",
        "oneway": "yes",
        "operator": "Hyderabad Metropolitan Development Authority",
        "ref": "ORR",
        "smoothness": "excellent",
        "source": "GPS",
        "start_date": "2008-11-14",
        "surface": "asphalt",
        "toll": "no",
        "@geometry": "center"
      },
      "geometry": {
        "type": "Point",
        "coordinates": [
          78.3634479,
          17.4384353
        ]
      },
      "id": "way/1250844117"
    },
    {
      "type": "Feature",
      "properties": {
        "@id": "way/1251162567",
        "highway": "primary_link",
        "lanes": "2",
        "lit": "yes",
        "oneway": "yes",
        "surface": "asphalt",
        "@geometry": "center"
      },
      "geometry": {
        "type": "Point",
        "coordinates": [
          78.365179,
          17.4571548
        ]
      },
      "id": "way/1251162567"
    },
    {
      "type": "Feature",
      "properties": {
        "@id": "way/1256806362",
        "bicycle": "no",
        "foot": "no",
        "highway": "motorway",
        "horse": "no",
        "lanes": "2",
        "lit": "yes",
        "maxspeed": "40",
        "motor_vehicle": "designated",
        "motorcycle": "yes",
        "name": "Outer Ring Road",
        "name:hi": "आउटर रिंग रोड",
        "name:te": "ఔటర్ రింగు రోడ్డు",
        "official_name": "Nehru Outer Ring Road",
        "official_name:hi": "नेहरू आउटर रिंग रोड",
        "official_name:te": "నెహ్రూ ఔటర్ రింగ్ రోడ్",
        "oneway": "yes",
        "operator": "Hyderabad Metropolitan Development Authority",
        "ref": "ORR",
        "smoothness": "excellent",
        "source": "GPS",
        "start_date": "2008-11-14",
        "surface": "asphalt",
        "toll": "no",
        "@geometry": "center"
      },
      "geometry": {
        "type": "Point",
        "coordinates": [
          78.3629788,
          17.4377914
        ]
      },
      "id": "way/1256806362"
    },
    {
      "type": "Feature",
      "properties": {
        "@id": "way/1256806363",
        "bicycle": "no",
        "foot": "no",
        "highway": "motorway",
        "horse": "no",
        "lanes": "4",
        "lit": "yes",
        "maxspeed": "40",
        "motor_vehicle": "designated",
        "motorcycle": "yes",
        "name": "Outer Ring Road",
        "name:hi": "आउटर रिंग रोड",
        "name:te": "ఔటర్ రింగు రోడ్డు",
        "official_name": "Nehru Outer Ring Road",
        "official_name:hi": "नेहरू आउटर रिंग रोड",
        "official_name:te": "నెహ్రూ ఔటర్ రింగ్ రోడ్",
        "oneway": "yes",
        "operator": "Hyderabad Metropolitan Development Authority",
        "ref": "ORR",
        "smoothness": "excellent",
        "source": "GPS",
        "start_date": "2008-11-14",
        "surface": "asphalt",
        "toll": "no",
        "@geometry": "center"
      },
      "geometry": {
        "type": "Point",
        "coordinates": [
          78.3631955,
          17.4380794
        ]
      },
      "id": "way/1256806363"
    },
    {
      "type": "Feature",
      "properties": {
        "@id": "way/1270838634",
        "AND:importance_level": "2",
        "highway": "primary",
        "lit": "yes",
        "maxspeed": "60",
        "name": "Old Bombay Road",
        "oneway": "yes",
        "@geometry": "center"
      },
      "geometry": {
        "type": "Point",
        "coordinates": [
          78.3311956,
          17.4682971
        ]
      },
      "id": "way/1270838634"
    },
    {
      "type": "Feature",
      "properties": {
        "@id": "way/1270838636",
        "AND:importance_level": "2",
        "highway": "primary",
        "lit": "yes",
        "maxspeed": "60",
        "name": "Old Bombay Road",
        "oneway": "yes",
        "@geometry": "center"
      },
      "geometry": {
        "type": "Point",
        "coordinates": [
          78.3312276,
          17.4682548
        ]
      },
      "id": "way/1270838636"
    },
    {
      "type": "Feature",
      "properties": {
        "@id": "way/1271648423",
        "highway": "primary",
        "lanes": "4",
        "lit": "yes",
        "name": "HITEC City Road",
        "name:etymology:wikidata": "Q3322188",
        "oneway": "yes",
        "@geometry": "center"
      },
      "geometry": {
        "type": "Point",
        "coordinates": [
          78.380901,
          17.4515208
        ]
      },
      "id": "way/1271648423"
    },
    {
      "type": "Feature",
      "properties": {
        "@id": "way/1272732619",
        "alt_name": "Inner Ring Road",
        "highway": "primary",
        "lit": "yes",
        "name": "Sardar Patel Road",
        "name:etymology:wikidata": "Q9455",
        "oneway": "yes",
        "ref": "IRR",
        "@geometry": "center"
      },
      "geometry": {
        "type": "Point",
        "coordinates": [
          78.4889343,
          17.4434083
        ]
      },
      "id": "way/1272732619"
    },
    {
      "type": "Feature",
      "properties": {
        "@id": "way/1272732620",
        "alt_name": "Inner Ring Road",
        "highway": "primary",
        "lit": "yes",
        "name": "Sardar Patel Road",
        "name:etymology:wikidata": "Q9455",
        "oneway": "yes",
        "ref": "IRR",
        "@geometry": "center"
      },
      "geometry": {
        "type": "Point",
        "coordinates": [
          78.487704,
          17.4433982
        ]
      },
      "id": "way/1272732620"
    },
    {
      "type": "Feature",
      "properties": {
        "@id": "way/1273644788",
        "highway": "trunk",
        "lanes": "3",
        "lit": "yes",
        "maxspeed": "60",
        "name": "Inner Ring Road",
        "oneway": "yes",
        "ref": "IRR",
        "surface": "asphalt",
        "@geometry": "center"
      },
      "geometry": {
        "type": "Point",
        "coordinates": [
          78.5574836,
          17.3618959
        ]
      },
      "id": "way/1273644788"
    },
    {
      "type": "Feature",
      "properties": {
        "@id": "way/1273644789",
        "highway": "trunk",
        "lanes": "3",
        "lit": "yes",
        "maxspeed": "60",
        "name": "Inner Ring Road",
        "oneway": "yes",
        "ref": "IRR",
        "surface": "asphalt",
        "@geometry": "center"
      },
      "geometry": {
        "type": "Point",
        "coordinates": [
          78.5573443,
          17.3619373
        ]
      },
      "id": "way/1273644789"
    },
    {
      "type": "Feature",
      "properties": {
        "@id": "way/1273644790",
        "highway": "trunk",
        "lanes": "3",
        "lit": "yes",
        "maxspeed": "60",
        "name": "Inner Ring Road",
        "oneway": "yes",
        "ref": "IRR",
        "surface": "asphalt",
        "@geometry": "center"
      },
      "geometry": {
        "type": "Point",
        "coordinates": [
          78.5533192,
          17.3496633
        ]
      },
      "id": "way/1273644790"
    },
    {
      "type": "Feature",
      "properties": {
        "@id": "way/1273644791",
        "highway": "primary",
        "lanes": "3",
        "lit": "yes",
        "name": "Inner Ring Road",
        "oneway": "yes",
        "ref": "IRR",
        "surface": "asphalt",
        "@geometry": "center"
      },
      "geometry": {
        "type": "Point",
        "coordinates": [
          78.5521145,
          17.3477634
        ]
      },
      "id": "way/1273644791"
    },
    {
      "type": "Feature",
      "properties": {
        "@id": "way/1274819319",
        "highway": "primary",
        "lit": "yes",
        "maxspeed": "60",
        "name": "St Johns Road",
        "name:etymology:wikidata": "Q9455",
        "oneway": "yes",
        "@geometry": "center"
      },
      "geometry": {
        "type": "Point",
        "coordinates": [
          78.5051408,
          17.4363405
        ]
      },
      "id": "way/1274819319"
    },
    {
      "type": "Feature",
      "properties": {
        "@id": "way/1274819320",
        "highway": "primary",
        "lit": "yes",
        "maxspeed": "60",
        "name": "St Johns Road",
        "name:etymology:wikidata": "Q9455",
        "oneway": "yes",
        "@geometry": "center"
      },
      "geometry": {
        "type": "Point",
        "coordinates": [
          78.5047608,
          17.4380285
        ]
      },
      "id": "way/1274819320"
    },
    {
      "type": "Feature",
      "properties": {
        "@id": "way/1274820918",
        "highway": "primary",
        "lit": "yes",
        "maxspeed": "60",
        "name": "St Johns Road",
        "name:etymology:wikidata": "Q9455",
        "oneway": "yes",
        "@geometry": "center"
      },
      "geometry": {
        "type": "Point",
        "coordinates": [
          78.5048868,
          17.4388977
        ]
      },
      "id": "way/1274820918"
    },
    {
      "type": "Feature",
      "properties": {
        "@id": "way/1274820920",
        "highway": "primary",
        "lit": "yes",
        "maxspeed": "60",
        "name": "St Johns Road",
        "name:etymology:wikidata": "Q9455",
        "oneway": "yes",
        "@geometry": "center"
      },
      "geometry": {
        "type": "Point",
        "coordinates": [
          78.5052984,
          17.4399903
        ]
      },
      "id": "way/1274820920"
    },
    {
      "type": "Feature",
      "properties": {
        "@id": "way/1275261980",
        "alt_name": "RTC X Road",
        "highway": "primary",
        "lit": "yes",
        "maxspeed": "60",
        "name": "RTC X Road",
        "oneway": "yes",
        "@geometry": "center"
      },
      "geometry": {
        "type": "Point",
        "coordinates": [
          78.5055152,
          17.4036511
        ]
      },
      "id": "way/1275261980"
    },
    {
      "type": "Feature",
      "properties": {
        "@id": "way/1275261984",
        "foot": "yes",
        "highway": "primary",
        "lit": "yes",
        "maxspeed": "60",
        "oneway": "yes",
        "@geometry": "center"
      },
      "geometry": {
        "type": "Point",
        "coordinates": [
          78.5043602,
          17.4038669
        ]
      },
      "id": "way/1275261984"
    },
    {
      "type": "Feature",
      "properties": {
        "@id": "way/1276316974",
        "highway": "primary",
        "junction": "roundabout",
        "lit": "yes",
        "oneway": "yes",
        "@geometry": "center"
      },
      "geometry": {
        "type": "Point",
        "coordinates": [
          78.4830066,
          17.3735357
        ]
      },
      "id": "way/1276316974"
    },
    {
      "type": "Feature",
      "properties": {
        "@id": "way/1276316975",
        "highway": "primary",
        "junction": "roundabout",
        "lit": "yes",
        "oneway": "yes",
        "@geometry": "center"
      },
      "geometry": {
        "type": "Point",
        "coordinates": [
          78.4830544,
          17.3733652
        ]
      },
      "id": "way/1276316975"
    },
    {
      "type": "Feature",
      "properties": {
        "@id": "way/1276344589",
        "check_date": "2024-06-11",
        "highway": "primary",
        "lit": "yes",
        "maxspeed": "60",
        "name": "Lower Tank Bund Road",
        "oneway": "yes",
        "@geometry": "center"
      },
      "geometry": {
        "type": "Point",
        "coordinates": [
          78.478187,
          17.4125225
        ]
      },
      "id": "way/1276344589"
    },
    {
      "type": "Feature",
      "properties": {
        "@id": "way/1276344590",
        "alt_name": "RTC X Road",
        "highway": "primary",
        "lit": "yes",
        "maxspeed": "60",
        "name": "Indira Park Road",
        "name:etymology:wikidata": "Q11219005",
        "oneway": "yes",
        "@geometry": "center"
      },
      "geometry": {
        "type": "Point",
        "coordinates": [
          78.4782756,
          17.4127018
        ]
      },
      "id": "way/1276344590"
    },
    {
      "type": "Feature",
      "properties": {
        "@id": "way/1286972861",
        "highway": "residential",
        "lit": "yes",
        "surface": "concrete",
        "@geometry": "center"
      },
      "geometry": {
        "type": "Point",
        "coordinates": [
          78.413154,
          17.4064648
        ]
      },
      "id": "way/1286972861"
    },
    {
      "type": "Feature",
      "properties": {
        "@id": "way/1287989374",
        "highway": "primary",
        "lanes": "3",
        "lit": "yes",
        "maxspeed": "60",
        "name": "Hitec City - Kondapur Main Road",
        "oneway": "yes",
        "surface": "asphalt",
        "@geometry": "center"
      },
      "geometry": {
        "type": "Point",
        "coordinates": [
          78.3661108,
          17.4589537
        ]
      },
      "id": "way/1287989374"
    },
    {
      "type": "Feature",
      "properties": {
        "@id": "way/1288000764",
        "highway": "primary",
        "lit": "yes",
        "maxspeed": "60",
        "name": "St Johns Road",
        "name:etymology:wikidata": "Q9455",
        "oneway": "yes",
        "@geometry": "center"
      },
      "geometry": {
        "type": "Point",
        "coordinates": [
          78.5055541,
          17.4350787
        ]
      },
      "id": "way/1288000764"
    },
    {
      "type": "Feature",
      "properties": {
        "@id": "way/1288000765",
        "highway": "primary",
        "lit": "yes",
        "maxspeed": "60",
        "name": "St Johns Road",
        "name:etymology:wikidata": "Q9455",
        "oneway": "yes",
        "@geometry": "center"
      },
      "geometry": {
        "type": "Point",
        "coordinates": [
          78.5055756,
          17.4348942
        ]
      },
      "id": "way/1288000765"
    },
    {
      "type": "Feature",
      "properties": {
        "@id": "way/1288000768",
        "alt_name": "St Johns Road",
        "highway": "primary",
        "lit": "yes",
        "maxspeed": "60",
        "name": "St Johns Road Underpass",
        "oneway": "yes",
        "@geometry": "center"
      },
      "geometry": {
        "type": "Point",
        "coordinates": [
          78.5058116,
          17.434516
        ]
      },
      "id": "way/1288000768"
    },
    {
      "type": "Feature",
      "properties": {
        "@id": "way/1288030781",
        "alt_name": "Womens College to Esamia Bazar Road",
        "highway": "primary",
        "lit": "yes",
        "maxspeed": "60",
        "name": "Koti Women's College Road",
        "oneway": "yes",
        "@geometry": "center"
      },
      "geometry": {
        "type": "Point",
        "coordinates": [
          78.486161,
          17.3849523
        ]
      },
      "id": "way/1288030781"
    },
    {
      "type": "Feature",
      "properties": {
        "@id": "way/1288215352",
        "alt_name": "Inner Ring Road",
        "highway": "trunk",
        "lanes": "3",
        "lit": "yes",
        "maxspeed": "60",
        "name": "Kamineni Flyover",
        "oneway": "yes",
        "ref": "IRR",
        "surface": "asphalt",
        "@geometry": "center"
      },
      "geometry": {
        "type": "Point",
        "coordinates": [
          78.5573328,
          17.3586251
        ]
      },
      "id": "way/1288215352"
    },
    {
      "type": "Feature",
      "properties": {
        "@id": "way/1288215353",
        "alt_name": "Inner Ring Road",
        "highway": "trunk",
        "lanes": "3",
        "lit": "yes",
        "maxspeed": "60",
        "name": "Kamineni Flyover",
        "oneway": "yes",
        "ref": "IRR",
        "surface": "asphalt",
        "@geometry": "center"
      },
      "geometry": {
        "type": "Point",
        "coordinates": [
          78.5574481,
          17.3585628
        ]
      },
      "id": "way/1288215353"
    },
    {
      "type": "Feature",
      "properties": {
        "@id": "way/1288215354",
        "highway": "trunk",
        "lanes": "3",
        "lit": "yes",
        "maxspeed": "60",
        "name": "Inner Ring Road",
        "oneway": "yes",
        "ref": "IRR",
        "surface": "asphalt",
        "@geometry": "center"
      },
      "geometry": {
        "type": "Point",
        "coordinates": [
          78.5534659,
          17.3495871
        ]
      },
      "id": "way/1288215354"
    },
    {
      "type": "Feature",
      "properties": {
        "@id": "way/1288215356",
        "alt_name": "Inner Ring Road",
        "cutting": "yes",
        "highway": "trunk",
        "lit": "yes",
        "maxspeed": "60",
        "name": "LB Nagar Underpass",
        "oneway": "yes",
        "ref": "IRR",
        "@geometry": "center"
      },
      "geometry": {
        "type": "Point",
        "coordinates": [
          78.5519579,
          17.3476391
        ]
      },
      "id": "way/1288215356"
    },
    {
      "type": "Feature",
      "properties": {
        "@id": "way/1288215357",
        "alt_name": "Inner Ring Road",
        "highway": "trunk",
        "layer": "-1",
        "lit": "yes",
        "maxspeed": "60",
        "name": "LB Nagar Underpass",
        "oneway": "yes",
        "ref": "IRR",
        "tunnel": "yes",
        "@geometry": "center"
      },
      "geometry": {
        "type": "Point",
        "coordinates": [
          78.5510132,
          17.3464358
        ]
      },
      "id": "way/1288215357"
    },
    {
      "type": "Feature",
      "properties": {
        "@id": "way/1288215358",
        "alt_name": "Inner Ring Road",
        "cutting": "yes",
        "highway": "trunk",
        "lit": "yes",
        "maxspeed": "60",
        "name": "LB Nagar Underpass",
        "oneway": "yes",
        "ref": "IRR",
        "@geometry": "center"
      },
      "geometry": {
        "type": "Point",
        "coordinates": [
          78.5502846,
          17.3456932
        ]
      },
      "id": "way/1288215358"
    },
    {
      "type": "Feature",
      "properties": {
        "@id": "way/1288215359",
        "alt_name": "Inner Ring Road",
        "highway": "trunk",
        "lit": "yes",
        "maxspeed": "60",
        "name": "LB Nagar Underpass",
        "oneway": "yes",
        "ref": "IRR",
        "@geometry": "center"
      },
      "geometry": {
        "type": "Point",
        "coordinates": [
          78.5495705,
          17.3450085
        ]
      },
      "id": "way/1288215359"
    },
    {
      "type": "Feature",
      "properties": {
        "@id": "way/1288228865",
        "highway": "primary",
        "lit": "yes",
        "name": "Inner Ring Road",
        "oneway": "yes",
        "ref": "IRR",
        "@geometry": "center"
      },
      "geometry": {
        "type": "Point",
        "coordinates": [
          78.4294427,
          17.3761815
        ]
      },
      "id": "way/1288228865"
    },
    {
      "type": "Feature",
      "properties": {
        "@id": "way/1288251926",
        "highway": "trunk",
        "lit": "yes",
        "maxspeed": "50",
        "name": "Darul Shifa Road",
        "oneway": "yes",
        "ref": "NH765",
        "@geometry": "center"
      },
      "geometry": {
        "type": "Point",
        "coordinates": [
          78.4797125,
          17.3608243
        ]
      },
      "id": "way/1288251926"
    },
    {
      "type": "Feature",
      "properties": {
        "@id": "way/1288280911",
        "highway": "primary",
        "lit": "yes",
        "maxspeed": "50",
        "name": "Darul Shifa Road",
        "@geometry": "center"
      },
      "geometry": {
        "type": "Point",
        "coordinates": [
          78.4800763,
          17.3625656
        ]
      },
      "id": "way/1288280911"
    },
    {
      "type": "Feature",
      "properties": {
        "@id": "way/1288280913",
        "highway": "trunk",
        "lit": "yes",
        "maxspeed": "50",
        "name": "Darul Shifa Road",
        "ref": "NH765",
        "@geometry": "center"
      },
      "geometry": {
        "type": "Point",
        "coordinates": [
          78.4800553,
          17.3624503
        ]
      },
      "id": "way/1288280913"
    },
    {
      "type": "Feature",
      "properties": {
        "@id": "way/1288280915",
        "highway": "trunk",
        "lit": "yes",
        "maxspeed": "60",
        "name": "Darul Shifa Road",
        "oneway": "yes",
        "ref": "NH765",
        "@geometry": "center"
      },
      "geometry": {
        "type": "Point",
        "coordinates": [
          78.479618,
          17.3603656
        ]
      },
      "id": "way/1288280915"
    },
    {
      "type": "Feature",
      "properties": {
        "@id": "way/1288306137",
        "foot": "yes",
        "highway": "tertiary",
        "lit": "yes",
        "oneway": "yes",
        "@geometry": "center"
      },
      "geometry": {
        "type": "Point",
        "coordinates": [
          78.2578403,
          17.530772
        ]
      },
      "id": "way/1288306137"
    },
    {
      "type": "Feature",
      "properties": {
        "@id": "way/1288308826",
        "highway": "primary",
        "lit": "yes",
        "maxspeed": "60",
        "name": "Abids Road",
        "name:etymology:wikidata": "Q4667611",
        "name:kn": "ಅಬಿಡ್ಸ್ ರಸ್ತೆ",
        "oneway": "yes",
        "ref": "Old NH7",
        "ref:old": "NH7",
        "@geometry": "center"
      },
      "geometry": {
        "type": "Point",
        "coordinates": [
          78.4761417,
          17.3933464
        ]
      },
      "id": "way/1288308826"
    },
    {
      "type": "Feature",
      "properties": {
        "@id": "way/1288344601",
        "highway": "trunk",
        "lanes": "2",
        "lit": "yes",
        "maxspeed": "60",
        "oneway": "yes",
        "source": "Yahoo hires",
        "@geometry": "center"
      },
      "geometry": {
        "type": "Point",
        "coordinates": [
          78.4751483,
          17.3837016
        ]
      },
      "id": "way/1288344601"
    },
    {
      "type": "Feature",
      "properties": {
        "@id": "way/1289033484",
        "embankment": "yes",
        "highway": "primary",
        "lanes": "2",
        "lit": "yes",
        "maxspeed": "60",
        "name": "Telugu Talli Flyover",
        "oneway": "yes",
        "@geometry": "center"
      },
      "geometry": {
        "type": "Point",
        "coordinates": [
          78.4771324,
          17.4112456
        ]
      },
      "id": "way/1289033484"
    },
    {
      "type": "Feature",
      "properties": {
        "@id": "way/1289033485",
        "embankment": "yes",
        "highway": "primary",
        "lanes": "2",
        "lit": "yes",
        "maxspeed": "60",
        "name": "Telugu Talli Flyover",
        "oneway": "yes",
        "@geometry": "center"
      },
      "geometry": {
        "type": "Point",
        "coordinates": [
          78.4771845,
          17.411198
        ]
      },
      "id": "way/1289033485"
    },
    {
      "type": "Feature",
      "properties": {
        "@id": "way/1289072306",
        "foot": "no",
        "highway": "cycleway",
        "lanes": "3",
        "lanes:backward": "1",
        "lanes:both_ways": "1",
        "lanes:forward": "1",
        "lit": "yes",
        "name": "Healthway",
        "smoothness": "excellent",
        "source": "Esri World Imagery (2024-06-03)",
        "surface": "asphalt",
        "width": "4.5",
        "@geometry": "center"
      },
      "geometry": {
        "type": "Point",
        "coordinates": [
          78.3569795,
          17.4182793
        ]
      },
      "id": "way/1289072306"
    },
    {
      "type": "Feature",
      "properties": {
        "@id": "way/1289072307",
        "foot": "no",
        "highway": "cycleway",
        "lanes": "3",
        "lanes:backward": "1",
        "lanes:both_ways": "1",
        "lanes:forward": "1",
        "lit": "yes",
        "name": "Healthway",
        "smoothness": "excellent",
        "source": "Esri World Imagery (2024-06-03)",
        "surface": "asphalt",
        "width": "4.5",
        "@geometry": "center"
      },
      "geometry": {
        "type": "Point",
        "coordinates": [
          78.3565167,
          17.4172457
        ]
      },
      "id": "way/1289072307"
    },
    {
      "type": "Feature",
      "properties": {
        "@id": "way/1291209874",
        "bridge": "yes",
        "highway": "primary",
        "layer": "1",
        "lit": "yes",
        "name": "Inner Ring Road",
        "oneway": "yes",
        "ref": "IRR",
        "@geometry": "center"
      },
      "geometry": {
        "type": "Point",
        "coordinates": [
          78.4293141,
          17.3738436
        ]
      },
      "id": "way/1291209874"
    },
    {
      "type": "Feature",
      "properties": {
        "@id": "way/1291217220",
        "highway": "primary",
        "lit": "yes",
        "maxspeed": "60",
        "name": "Lower Tank Bund Road",
        "oneway": "yes",
        "@geometry": "center"
      },
      "geometry": {
        "type": "Point",
        "coordinates": [
          78.4780316,
          17.4123209
        ]
      },
      "id": "way/1291217220"
    },
    {
      "type": "Feature",
      "properties": {
        "@id": "way/1291315006",
        "highway": "primary",
        "lit": "yes",
        "maxspeed": "60",
        "name": "Adikmet Main Road",
        "oneway": "yes",
        "@geometry": "center"
      },
      "geometry": {
        "type": "Point",
        "coordinates": [
          78.511459,
          17.4054025
        ]
      },
      "id": "way/1291315006"
    },
    {
      "type": "Feature",
      "properties": {
        "@id": "way/1291975237",
        "highway": "primary",
        "lanes": "2",
        "lit": "yes",
        "maxspeed": "60",
        "name": "Telugu Talli Flyover",
        "oneway": "yes",
        "@geometry": "center"
      },
      "geometry": {
        "type": "Point",
        "coordinates": [
          78.469542,
          17.4078799
        ]
      },
      "id": "way/1291975237"
    },
    {
      "type": "Feature",
      "properties": {
        "@id": "way/1291975238",
        "highway": "primary",
        "lanes": "2",
        "lit": "yes",
        "maxspeed": "60",
        "name": "Telugu Talli Flyover",
        "oneway": "yes",
        "@geometry": "center"
      },
      "geometry": {
        "type": "Point",
        "coordinates": [
          78.4695454,
          17.4077871
        ]
      },
      "id": "way/1291975238"
    },
    {
      "type": "Feature",
      "properties": {
        "@id": "way/1304805473",
        "highway": "primary",
        "lit": "yes",
        "maxspeed": "60",
        "oneway": "yes",
        "@geometry": "center"
      },
      "geometry": {
        "type": "Point",
        "coordinates": [
          78.4962201,
          17.3965109
        ]
      },
      "id": "way/1304805473"
    },
    {
      "type": "Feature",
      "properties": {
        "@id": "way/1304805474",
        "highway": "tertiary",
        "lit": "yes",
        "name": "Narayanguda Road",
        "oneway": "yes",
        "@geometry": "center"
      },
      "geometry": {
        "type": "Point",
        "coordinates": [
          78.4958079,
          17.396662
        ]
      },
      "id": "way/1304805474"
    },
    {
      "type": "Feature",
      "properties": {
        "@id": "way/1305188050",
        "highway": "residential",
        "lit": "yes",
        "name": "CyberZon Approach road",
        "oneway": "yes",
        "surface": "asphalt",
        "@geometry": "center"
      },
      "geometry": {
        "type": "Point",
        "coordinates": [
          78.3108737,
          17.4727656
        ]
      },
      "id": "way/1305188050"
    },
    {
      "type": "Feature",
      "properties": {
        "@id": "way/1307233174",
        "alt_name": "Inner Ring Road",
        "highway": "primary",
        "lit": "yes",
        "maxspeed": "60",
        "name": "Road Number 1",
        "name:te": "రోడ్డు నెంబర్ 1",
        "oneway": "yes",
        "ref": "IRR",
        "surface": "paved",
        "@geometry": "center"
      },
      "geometry": {
        "type": "Point",
        "coordinates": [
          78.4478247,
          17.4198332
        ]
      },
      "id": "way/1307233174"
    },
    {
      "type": "Feature",
      "properties": {
        "@id": "way/1310268905",
        "highway": "primary",
        "lanes": "4",
        "lit": "yes",
        "maxspeed": "60",
        "name": "HITEC City Road",
        "name:etymology:wikidata": "Q3322188",
        "oneway": "yes",
        "@geometry": "center"
      },
      "geometry": {
        "type": "Point",
        "coordinates": [
          78.3795319,
          17.4501781
        ]
      },
      "id": "way/1310268905"
    },
    {
      "type": "Feature",
      "properties": {
        "@id": "way/1310438745",
        "bridge": "yes",
        "check_date": "2025-07-02",
        "highway": "motorway",
        "lanes": "6",
        "layer": "3",
        "lit": "yes",
        "name": "PJR Flyover",
        "start_date": "2025-06-28",
        "surface": "asphalt",
        "@geometry": "center"
      },
      "geometry": {
        "type": "Point",
        "coordinates": [
          78.3619405,
          17.4357905
        ]
      },
      "id": "way/1310438745"
    },
    {
      "type": "Feature",
      "properties": {
        "@id": "way/1311222124",
        "foot": "yes",
        "highway": "primary",
        "lanes": "3",
        "lit": "yes",
        "maxspeed": "60",
        "name": "Hi Tech City Main Road",
        "name:etymology:wikidata": "Q3322188",
        "oneway": "yes",
        "surface": "asphalt",
        "@geometry": "center"
      },
      "geometry": {
        "type": "Point",
        "coordinates": [
          78.3746671,
          17.4331475
        ]
      },
      "id": "way/1311222124"
    },
    {
      "type": "Feature",
      "properties": {
        "@id": "way/1311431706",
        "highway": "primary",
        "lit": "yes",
        "maxspeed": "50",
        "name": "Adikmet Flyover",
        "name:etymology:wikidata": "Q4682781",
        "@geometry": "center"
      },
      "geometry": {
        "type": "Point",
        "coordinates": [
          78.5200731,
          17.412148
        ]
      },
      "id": "way/1311431706"
    },
    {
      "type": "Feature",
      "properties": {
        "@id": "way/1311431707",
        "alt_name": "Adikmet Main Road",
        "highway": "primary",
        "lit": "yes",
        "maxspeed": "50",
        "name": "Adikmet Flyover",
        "name:etymology:wikidata": "Q4682781",
        "@geometry": "center"
      },
      "geometry": {
        "type": "Point",
        "coordinates": [
          78.5150281,
          17.4086008
        ]
      },
      "id": "way/1311431707"
    },
    {
      "type": "Feature",
      "properties": {
        "@id": "way/1311440622",
        "alt_name": "Inner Ring Road",
        "highway": "trunk",
        "lit": "yes",
        "maxspeed": "60",
        "name": "Bairamalguda Flyover",
        "oneway": "yes",
        "ref": "IRR",
        "@geometry": "center"
      },
      "geometry": {
        "type": "Point",
        "coordinates": [
          78.5489027,
          17.3443634
        ]
      },
      "id": "way/1311440622"
    },
    {
      "type": "Feature",
      "properties": {
        "@id": "way/1311457584",
        "highway": "primary",
        "lit": "yes",
        "maxspeed": "60",
        "name": "Sir Louis Flyover",
        "name:etymology:wikidata": "Q93182",
        "oneway": "yes",
        "ref": "SH19",
        "@geometry": "center"
      },
      "geometry": {
        "type": "Point",
        "coordinates": [
          78.4971532,
          17.3757327
        ]
      },
      "id": "way/1311457584"
    },
    {
      "type": "Feature",
      "properties": {
        "@id": "way/1311457585",
        "alt_name:en": "Inner Ring Road",
        "highway": "trunk",
        "lanes": "3",
        "lit": "yes",
        "maxspeed": "60",
        "name": "Nagole Flyover",
        "name:etymology:wikidata": "Q6958903",
        "oneway": "yes",
        "ref": "IRR",
        "surface": "asphalt",
        "@geometry": "center"
      },
      "geometry": {
        "type": "Point",
        "coordinates": [
          78.5574782,
          17.3704613
        ]
      },
      "id": "way/1311457585"
    },
    {
      "type": "Feature",
      "properties": {
        "@id": "way/1311457586",
        "alt_name:en": "Inner Ring Road",
        "highway": "trunk",
        "lanes": "3",
        "lit": "yes",
        "maxspeed": "60",
        "name": "Nagole Flyover",
        "name:etymology:wikidata": "Q6958903",
        "oneway": "yes",
        "ref": "IRR",
        "surface": "asphalt",
        "@geometry": "center"
      },
      "geometry": {
        "type": "Point",
        "coordinates": [
          78.5573627,
          17.3704624
        ]
      },
      "id": "way/1311457586"
    },
    {
      "type": "Feature",
      "properties": {
        "@id": "way/1311457587",
        "alt_name:en": "Inner Ring Road",
        "highway": "trunk",
        "lit": "yes",
        "maxspeed": "60",
        "name": "Nagole Flyover",
        "name:etymology:wikidata": "Q6958903",
        "oneway": "yes",
        "ref": "IRR",
        "sidewalk": "no",
        "@geometry": "center"
      },
      "geometry": {
        "type": "Point",
        "coordinates": [
          78.5580801,
          17.3803697
        ]
      },
      "id": "way/1311457587"
    },
    {
      "type": "Feature",
      "properties": {
        "@id": "way/1311457588",
        "alt_name:en": "Inner Ring Road",
        "highway": "trunk",
        "lanes": "3",
        "lit": "yes",
        "maxspeed": "60",
        "name": "Nagole Flyover",
        "name:etymology:wikidata": "Q6958903",
        "oneway": "yes",
        "ref": "IRR",
        "surface": "asphalt",
        "@geometry": "center"
      },
      "geometry": {
        "type": "Point",
        "coordinates": [
          78.5582193,
          17.3806018
        ]
      },
      "id": "way/1311457588"
    },
    {
      "type": "Feature",
      "properties": {
        "@id": "way/1311500854",
        "alt_name": "Maula Ali Road",
        "highway": "primary",
        "lit": "yes",
        "maxspeed": "60",
        "name": "Maula Ali Flyover",
        "oneway": "yes",
        "@geometry": "center"
      },
      "geometry": {
        "type": "Point",
        "coordinates": [
          78.5446639,
          17.439807
        ]
      },
      "id": "way/1311500854"
    },
    {
      "type": "Feature",
      "properties": {
        "@id": "way/1311500855",
        "alt_name": "Maula Ali Road",
        "highway": "primary",
        "lit": "yes",
        "maxspeed": "60",
        "name": "Maula Ali Flyover",
        "oneway": "yes",
        "source": "digitalglobe",
        "@geometry": "center"
      },
      "geometry": {
        "type": "Point",
        "coordinates": [
          78.5447619,
          17.4397735
        ]
      },
      "id": "way/1311500855"
    },
    {
      "type": "Feature",
      "properties": {
        "@id": "way/1311500856",
        "highway": "primary",
        "lit": "yes",
        "maxspeed": "60",
        "name": "Maula Ali Flyover",
        "oneway": "yes",
        "@geometry": "center"
      },
      "geometry": {
        "type": "Point",
        "coordinates": [
          78.5505647,
          17.4476871
        ]
      },
      "id": "way/1311500856"
    },
    {
      "type": "Feature",
      "properties": {
        "@id": "way/1311690982",
        "alt_name": "Inner Ring Road",
        "highway": "primary",
        "lit": "yes",
        "maxspeed": "60",
        "name": "Road Number 1",
        "oneway": "yes",
        "ref": "IRR",
        "surface": "paved",
        "@geometry": "center"
      },
      "geometry": {
        "type": "Point",
        "coordinates": [
          78.4486917,
          17.4233766
        ]
      },
      "id": "way/1311690982"
    },
    {
      "type": "Feature",
      "properties": {
        "@id": "way/1311750910",
        "alt_name": "Inner Ring Road",
        "highway": "trunk",
        "lanes": "3",
        "lit": "yes",
        "maxspeed": "60",
        "name": "Kamineni Flyover",
        "oneway": "yes",
        "ref": "IRR",
        "surface": "asphalt",
        "@geometry": "center"
      },
      "geometry": {
        "type": "Point",
        "coordinates": [
          78.5540791,
          17.3503718
        ]
      },
      "id": "way/1311750910"
    },
    {
      "type": "Feature",
      "properties": {
        "@id": "way/1311750911",
        "alt_name": "Inner Ring Road",
        "highway": "trunk",
        "lanes": "3",
        "lit": "yes",
        "maxspeed": "60",
        "name": "Kamineni Flyover",
        "oneway": "yes",
        "ref": "IRR",
        "surface": "asphalt",
        "@geometry": "center"
      },
      "geometry": {
        "type": "Point",
        "coordinates": [
          78.55395,
          17.3504317
        ]
      },
      "id": "way/1311750911"
    },
    {
      "type": "Feature",
      "properties": {
        "@id": "way/1311972348",
        "access": "yes",
        "alt_name": "Old Bombay Highway",
        "bicycle": "yes",
        "cycleway": "no",
        "foot": "yes",
        "highway": "primary",
        "lanes": "2",
        "lit": "yes",
        "maxspeed": "60",
        "name": "Tolichowki Flyover",
        "oneway": "yes",
        "surface": "asphalt",
        "@geometry": "center"
      },
      "geometry": {
        "type": "Point",
        "coordinates": [
          78.4193287,
          17.3978166
        ]
      },
      "id": "way/1311972348"
    },
    {
      "type": "Feature",
      "properties": {
        "@id": "way/1313672640",
        "alt_name": "Maula Ali Road",
        "highway": "primary",
        "lit": "yes",
        "maxspeed": "60",
        "name": "Lalaguda Flyover",
        "oneway": "yes",
        "@geometry": "center"
      },
      "geometry": {
        "type": "Point",
        "coordinates": [
          78.5408358,
          17.4349178
        ]
      },
      "id": "way/1313672640"
    },
    {
      "type": "Feature",
      "properties": {
        "@id": "way/1313672641",
        "alt_name": "Maula Ali Road",
        "highway": "primary",
        "lit": "yes",
        "maxspeed": "60",
        "name": "Lalaguda Flyover",
        "oneway": "yes",
        "source": "digitalglobe",
        "@geometry": "center"
      },
      "geometry": {
        "type": "Point",
        "coordinates": [
          78.540885,
          17.4348325
        ]
      },
      "id": "way/1313672641"
    },
    {
      "type": "Feature",
      "properties": {
        "@id": "way/1313672642",
        "alt_name": "Maula Ali Road",
        "foot": "yes",
        "highway": "primary",
        "lit": "yes",
        "maxspeed": "60",
        "name": "Lalaguda Flyover",
        "oneway": "yes",
        "source": "digitalglobe",
        "@geometry": "center"
      },
      "geometry": {
        "type": "Point",
        "coordinates": [
          78.5359274,
          17.4315863
        ]
      },
      "id": "way/1313672642"
    },
    {
      "type": "Feature",
      "properties": {
        "@id": "way/1313672643",
        "alt_name": "Maula Ali Road",
        "foot": "yes",
        "highway": "primary",
        "lit": "yes",
        "maxspeed": "60",
        "name": "Lalaguda Flyover",
        "oneway": "yes",
        "@geometry": "center"
      },
      "geometry": {
        "type": "Point",
        "coordinates": [
          78.5358259,
          17.431611
        ]
      },
      "id": "way/1313672643"
    },
    {
      "type": "Feature",
      "properties": {
        "@id": "way/1314114707",
        "access": "private",
        "leisure": "swimming_pool",
        "lit": "yes",
        "location": "outdoor",
        "name": "Swimming Pool, Kohinoor by Auro Realy",
        "@geometry": "center"
      },
      "geometry": {
        "type": "Point",
        "coordinates": [
          78.3829279,
          17.4654793
        ]
      },
      "id": "way/1314114707"
    },
    {
      "type": "Feature",
      "properties": {
        "@id": "way/1314314663",
        "highway": "residential",
        "lit": "yes",
        "maxspeed": "20",
        "maxspeed:type": "sign",
        "name": "A S Raju Nagar Rd",
        "surface": "asphalt",
        "@geometry": "center"
      },
      "geometry": {
        "type": "Point",
        "coordinates": [
          78.4055026,
          17.492267
        ]
      },
      "id": "way/1314314663"
    },
    {
      "type": "Feature",
      "properties": {
        "@id": "way/1318820135",
        "bridge": "yes",
        "foot": "yes",
        "highway": "primary",
        "lanes": "2",
        "lit": "yes",
        "maxspeed": "60",
        "name": "Narayanaguda Road",
        "oneway": "yes",
        "@geometry": "center"
      },
      "geometry": {
        "type": "Point",
        "coordinates": [
          78.4945088,
          17.3992039
        ]
      },
      "id": "way/1318820135"
    },
    {
      "type": "Feature",
      "properties": {
        "@id": "way/1318820136",
        "bridge": "yes",
        "highway": "primary",
        "lanes": "2",
        "lit": "yes",
        "maxspeed": "60",
        "name": "Narayanaguda Road",
        "name:etymology:wikidata": "Q6965556",
        "oneway": "yes",
        "@geometry": "center"
      },
      "geometry": {
        "type": "Point",
        "coordinates": [
          78.4943286,
          17.3991839
        ]
      },
      "id": "way/1318820136"
    },
    {
      "type": "Feature",
      "properties": {
        "@id": "way/1322067022",
        "access": "no",
        "highway": "secondary",
        "lit": "yes",
        "oneway": "yes",
        "@geometry": "center"
      },
      "geometry": {
        "type": "Point",
        "coordinates": [
          78.4728444,
          17.4080287
        ]
      },
      "id": "way/1322067022"
    },
    {
      "type": "Feature",
      "properties": {
        "@id": "way/1322949348",
        "leisure": "pitch",
        "lit": "yes",
        "sport": "tennis",
        "@geometry": "center"
      },
      "geometry": {
        "type": "Point",
        "coordinates": [
          78.3116864,
          17.46796
        ]
      },
      "id": "way/1322949348"
    },
    {
      "type": "Feature",
      "properties": {
        "@id": "way/1324040685",
        "highway": "trunk",
        "lit": "yes",
        "maxspeed": "60",
        "name": "Inner Ring Road",
        "oneway": "yes",
        "ref": "IRR",
        "@geometry": "center"
      },
      "geometry": {
        "type": "Point",
        "coordinates": [
          78.5491588,
          17.3446135
        ]
      },
      "id": "way/1324040685"
    },
    {
      "type": "Feature",
      "properties": {
        "@id": "way/1324072044",
        "alt_name": "Rail Nilayam Road",
        "foot": "yes",
        "highway": "primary",
        "layer": "-1",
        "lit": "yes",
        "maxspeed": "60",
        "name": "Rail Nilayam Road Underpass",
        "oneway": "yes",
        "ref": "IRR",
        "tunnel": "yes",
        "@geometry": "center"
      },
      "geometry": {
        "type": "Point",
        "coordinates": [
          78.511948,
          17.4358961
        ]
      },
      "id": "way/1324072044"
    },
    {
      "type": "Feature",
      "properties": {
        "@id": "way/1324072045",
        "alt_name": "Inner Ring Road",
        "foot": "yes",
        "highway": "primary",
        "lit": "yes",
        "maxspeed": "60",
        "name": "Rail Nilayam Road Underpass",
        "oneway": "yes",
        "ref": "IRR",
        "@geometry": "center"
      },
      "geometry": {
        "type": "Point",
        "coordinates": [
          78.5121592,
          17.4352135
        ]
      },
      "id": "way/1324072045"
    },
    {
      "type": "Feature",
      "properties": {
        "@id": "way/1324072046",
        "alt_name": "Inner Ring Road",
        "foot": "yes",
        "highway": "primary",
        "lit": "yes",
        "maxspeed": "60",
        "name": "Rail Nilayam Road",
        "oneway": "yes",
        "ref": "IRR",
        "@geometry": "center"
      },
      "geometry": {
        "type": "Point",
        "coordinates": [
          78.5123072,
          17.4349078
        ]
      },
      "id": "way/1324072046"
    },
    {
      "type": "Feature",
      "properties": {
        "@id": "way/1324072047",
        "alt_name": "Rail Nilayam Road",
        "foot": "yes",
        "highway": "primary",
        "layer": "-1",
        "lit": "yes",
        "maxspeed": "60",
        "name": "Rail Nilayam Road Underpass",
        "oneway": "yes",
        "ref": "IRR",
        "tunnel": "yes",
        "@geometry": "center"
      },
      "geometry": {
        "type": "Point",
        "coordinates": [
          78.5118382,
          17.4358492
        ]
      },
      "id": "way/1324072047"
    },
    {
      "type": "Feature",
      "properties": {
        "@id": "way/1324073164",
        "highway": "primary",
        "lit": "yes",
        "maxspeed": "60",
        "name": "St Johns Road",
        "name:etymology:wikidata": "Q9455",
        "oneway": "yes",
        "@geometry": "center"
      },
      "geometry": {
        "type": "Point",
        "coordinates": [
          78.5057501,
          17.4347673
        ]
      },
      "id": "way/1324073164"
    },
    {
      "type": "Feature",
      "properties": {
        "@id": "way/1324073166",
        "highway": "primary",
        "lit": "yes",
        "maxspeed": "60",
        "name": "St Johns Road",
        "name:etymology:wikidata": "Q9455",
        "oneway": "yes",
        "@geometry": "center"
      },
      "geometry": {
        "type": "Point",
        "coordinates": [
          78.5056101,
          17.4347371
        ]
      },
      "id": "way/1324073166"
    },
    {
      "type": "Feature",
      "properties": {
        "@id": "way/1324073728",
        "highway": "primary",
        "lit": "yes",
        "maxspeed": "60",
        "name": "Rashtrapati Road",
        "name:te": "రాష్ట్రపతి రోడ్డు",
        "oneway": "yes",
        "ref": "SH1",
        "@geometry": "center"
      },
      "geometry": {
        "type": "Point",
        "coordinates": [
          78.4925281,
          17.4310305
        ]
      },
      "id": "way/1324073728"
    },
    {
      "type": "Feature",
      "properties": {
        "@id": "way/1324073730",
        "alt_name": "Rashtrapati Road",
        "highway": "primary",
        "lit": "yes",
        "maxspeed": "60",
        "name": "Rashtrapati Road",
        "name:te": "రాష్ట్రపతి రోడ్ అండర్ పాస్",
        "oneway": "yes",
        "ref": "SH1",
        "@geometry": "center"
      },
      "geometry": {
        "type": "Point",
        "coordinates": [
          78.4926813,
          17.4311277
        ]
      },
      "id": "way/1324073730"
    },
    {
      "type": "Feature",
      "properties": {
        "@id": "way/1324073731",
        "alt_name": "Rashtrapati Road",
        "highway": "primary",
        "lit": "yes",
        "maxspeed": "60",
        "name": "Rashtrapati Road",
        "name:te": "రాష్ట్రపతి రోడ్డు",
        "oneway": "yes",
        "ref": "SH1",
        "@geometry": "center"
      },
      "geometry": {
        "type": "Point",
        "coordinates": [
          78.4927112,
          17.4315782
        ]
      },
      "id": "way/1324073731"
    },
    {
      "type": "Feature",
      "properties": {
        "@id": "way/1324073732",
        "alt_name": "Rashtrapati Road",
        "highway": "primary",
        "lit": "yes",
        "maxspeed": "60",
        "name": "Rashtrapati Road",
        "name:te": "రాష్ట్రపతి రోడ్డు",
        "oneway": "yes",
        "ref": "SH1",
        "@geometry": "center"
      },
      "geometry": {
        "type": "Point",
        "coordinates": [
          78.4928302,
          17.4316443
        ]
      },
      "id": "way/1324073732"
    },
    {
      "type": "Feature",
      "properties": {
        "@id": "way/1324075718",
        "alt_name": "Hi Tech City Main Road",
        "highway": "primary",
        "lanes": "3",
        "lit": "yes",
        "maxspeed": "60",
        "name": "Mindspace Underpass",
        "oneway": "yes",
        "surface": "asphalt",
        "@geometry": "center"
      },
      "geometry": {
        "type": "Point",
        "coordinates": [
          78.3759224,
          17.4382955
        ]
      },
      "id": "way/1324075718"
    },
    {
      "type": "Feature",
      "properties": {
        "@id": "way/1324075719",
        "alt_name": "Hi Tech City Main Road",
        "highway": "primary",
        "lanes": "3",
        "lit": "yes",
        "maxspeed": "60",
        "name": "Mindspace Underpass",
        "oneway": "yes",
        "surface": "asphalt",
        "@geometry": "center"
      },
      "geometry": {
        "type": "Point",
        "coordinates": [
          78.3760635,
          17.4381886
        ]
      },
      "id": "way/1324075719"
    },
    {
      "type": "Feature",
      "properties": {
        "@id": "way/1324075720",
        "alt_name": "Hi Tech City Main Road",
        "highway": "primary",
        "lanes": "4",
        "lit": "yes",
        "maxspeed": "60",
        "name": "Mindspace Underpass",
        "oneway": "yes",
        "surface": "asphalt",
        "@geometry": "center"
      },
      "geometry": {
        "type": "Point",
        "coordinates": [
          78.3772579,
          17.4412913
        ]
      },
      "id": "way/1324075720"
    },
    {
      "type": "Feature",
      "properties": {
        "@id": "way/1328432693",
        "access": "private",
        "leisure": "pitch",
        "lit": "yes",
        "sport": "tennis",
        "@geometry": "center"
      },
      "geometry": {
        "type": "Point",
        "coordinates": [
          78.3403015,
          17.4153831
        ]
      },
      "id": "way/1328432693"
    },
    {
      "type": "Feature",
      "properties": {
        "@id": "way/1331920303",
        "foot": "yes",
        "highway": "construction",
        "lanes": "3",
        "lit": "yes",
        "maxspeed": "50",
        "name": "Hi Tech City Main Road",
        "name:etymology:wikidata": "Q3322188",
        "oneway": "yes",
        "surface": "asphalt",
        "@geometry": "center"
      },
      "geometry": {
        "type": "Point",
        "coordinates": [
          78.3745953,
          17.4289982
        ]
      },
      "id": "way/1331920303"
    },
    {
      "type": "Feature",
      "properties": {
        "@id": "way/1332841253",
        "alt_name": "Inner Ring Road",
        "highway": "primary",
        "lit": "yes",
        "maxspeed": "60",
        "name": "Road Number 1",
        "name:te": "రోడ్డు నెంబర్ 1",
        "oneway": "yes",
        "ref": "IRR",
        "surface": "paved",
        "@geometry": "center"
      },
      "geometry": {
        "type": "Point",
        "coordinates": [
          78.4480156,
          17.4201851
        ]
      },
      "id": "way/1332841253"
    },
    {
      "type": "Feature",
      "properties": {
        "@id": "way/1332841254",
        "alt_name": "Inner Ring Road",
        "highway": "primary",
        "lit": "yes",
        "maxspeed": "60",
        "name": "Road Number 1",
        "oneway": "yes",
        "ref": "IRR",
        "surface": "paved",
        "@geometry": "center"
      },
      "geometry": {
        "type": "Point",
        "coordinates": [
          78.4481637,
          17.4200607
        ]
      },
      "id": "way/1332841254"
    },
    {
      "type": "Feature",
      "properties": {
        "@id": "way/1334236322",
        "highway": "primary",
        "lanes": "4",
        "lit": "yes",
        "maxspeed": "60",
        "name": "HITEC City Road",
        "name:etymology:wikidata": "Q3322188",
        "oneway": "yes",
        "surface": "asphalt",
        "@geometry": "center"
      },
      "geometry": {
        "type": "Point",
        "coordinates": [
          78.3772304,
          17.4423895
        ]
      },
      "id": "way/1334236322"
    },
    {
      "type": "Feature",
      "properties": {
        "@id": "way/1344035533",
        "amenity": "fountain",
        "drinking_water": "no",
        "fountain": "decorative",
        "lit": "yes",
        "name": "Microsoft Fountain",
        "operator": "Microsoft",
        "@geometry": "center"
      },
      "geometry": {
        "type": "Point",
        "coordinates": [
          78.3413395,
          17.4290532
        ]
      },
      "id": "way/1344035533"
    },
    {
      "type": "Feature",
      "properties": {
        "@id": "way/1349195738",
        "highway": "primary",
        "lit": "yes",
        "maxspeed": "60",
        "name": "Purana Pul Road",
        "oneway": "yes",
        "@geometry": "center"
      },
      "geometry": {
        "type": "Point",
        "coordinates": [
          78.4711039,
          17.3620522
        ]
      },
      "id": "way/1349195738"
    },
    {
      "type": "Feature",
      "properties": {
        "@id": "way/1350772871",
        "alt_name": "Inner Ring Road",
        "embankment": "yes",
        "highway": "trunk",
        "lanes": "3",
        "lit": "yes",
        "maxspeed": "60",
        "name": "Kamineni Flyover",
        "oneway": "yes",
        "ref": "IRR",
        "surface": "asphalt",
        "@geometry": "center"
      },
      "geometry": {
        "type": "Point",
        "coordinates": [
          78.5546309,
          17.3513139
        ]
      },
      "id": "way/1350772871"
    },
    {
      "type": "Feature",
      "properties": {
        "@id": "way/1350772872",
        "alt_name": "Inner Ring Road",
        "embankment": "yes",
        "highway": "trunk",
        "lanes": "3",
        "lit": "yes",
        "maxspeed": "60",
        "name": "Kamineni Flyover",
        "oneway": "yes",
        "ref": "IRR",
        "surface": "asphalt",
        "@geometry": "center"
      },
      "geometry": {
        "type": "Point",
        "coordinates": [
          78.5547464,
          17.3512524
        ]
      },
      "id": "way/1350772872"
    },
    {
      "type": "Feature",
      "properties": {
        "@id": "way/1350772873",
        "alt_name": "Inner Ring Road",
        "embankment": "yes",
        "highway": "trunk",
        "lanes": "3",
        "lit": "yes",
        "maxspeed": "60",
        "name": "Kamineni Flyover",
        "oneway": "yes",
        "ref": "IRR",
        "surface": "asphalt",
        "@geometry": "center"
      },
      "geometry": {
        "type": "Point",
        "coordinates": [
          78.5568147,
          17.3568275
        ]
      },
      "id": "way/1350772873"
    },
    {
      "type": "Feature",
      "properties": {
        "@id": "way/1350772874",
        "alt_name": "Inner Ring Road",
        "embankment": "yes",
        "highway": "trunk",
        "lanes": "3",
        "lit": "yes",
        "maxspeed": "60",
        "name": "Kamineni Flyover",
        "oneway": "yes",
        "ref": "IRR",
        "surface": "asphalt",
        "@geometry": "center"
      },
      "geometry": {
        "type": "Point",
        "coordinates": [
          78.5569272,
          17.3567944
        ]
      },
      "id": "way/1350772874"
    },
    {
      "type": "Feature",
      "properties": {
        "@id": "way/1350772875",
        "alt_name:en": "Inner Ring Road",
        "embankment": "yes",
        "highway": "trunk",
        "lanes": "3",
        "lit": "yes",
        "maxspeed": "60",
        "name": "Nagole Flyover",
        "name:etymology:wikidata": "Q6958903",
        "oneway": "yes",
        "ref": "IRR",
        "surface": "asphalt",
        "@geometry": "center"
      },
      "geometry": {
        "type": "Point",
        "coordinates": [
          78.557463,
          17.3717592
        ]
      },
      "id": "way/1350772875"
    },
    {
      "type": "Feature",
      "properties": {
        "@id": "way/1350772876",
        "alt_name:en": "Inner Ring Road",
        "embankment": "yes",
        "highway": "trunk",
        "lanes": "3",
        "lit": "yes",
        "maxspeed": "60",
        "name": "Nagole Flyover",
        "name:etymology:wikidata": "Q6958903",
        "oneway": "yes",
        "ref": "IRR",
        "surface": "asphalt",
        "@geometry": "center"
      },
      "geometry": {
        "type": "Point",
        "coordinates": [
          78.5575779,
          17.3717107
        ]
      },
      "id": "way/1350772876"
    },
    {
      "type": "Feature",
      "properties": {
        "@id": "way/1350772877",
        "alt_name:en": "Inner Ring Road",
        "embankment": "yes",
        "highway": "trunk",
        "lanes": "3",
        "lit": "yes",
        "maxspeed": "60",
        "name": "Nagole Flyover",
        "name:etymology:wikidata": "Q6958903",
        "oneway": "yes",
        "ref": "IRR",
        "sidewalk": "no",
        "surface": "asphalt",
        "@geometry": "center"
      },
      "geometry": {
        "type": "Point",
        "coordinates": [
          78.5580177,
          17.3794371
        ]
      },
      "id": "way/1350772877"
    },
    {
      "type": "Feature",
      "properties": {
        "@id": "way/1350772878",
        "alt_name:en": "Inner Ring Road",
        "embankment": "yes",
        "highway": "trunk",
        "lanes": "3",
        "lit": "yes",
        "maxspeed": "60",
        "name": "Nagole Flyover",
        "name:etymology:wikidata": "Q6958903",
        "oneway": "yes",
        "ref": "IRR",
        "surface": "asphalt",
        "@geometry": "center"
      },
      "geometry": {
        "type": "Point",
        "coordinates": [
          78.5581447,
          17.3794334
        ]
      },
      "id": "way/1350772878"
    },
    {
      "type": "Feature",
      "properties": {
        "@id": "way/1350772879",
        "highway": "primary",
        "lanes": "3",
        "lit": "yes",
        "maxspeed": "60",
        "name": "Inner Ring Road",
        "oneway": "yes",
        "ref": "IRR",
        "surface": "asphalt",
        "@geometry": "center"
      },
      "geometry": {
        "type": "Point",
        "coordinates": [
          78.5569615,
          17.4042399
        ]
      },
      "id": "way/1350772879"
    },
    {
      "type": "Feature",
      "properties": {
        "@id": "way/1350772880",
        "highway": "primary",
        "lit": "yes",
        "maxspeed": "60",
        "name": "Inner Ring Road",
        "oneway": "yes",
        "ref": "IRR",
        "sidewalk": "right",
        "@geometry": "center"
      },
      "geometry": {
        "type": "Point",
        "coordinates": [
          78.5571032,
          17.4043626
        ]
      },
      "id": "way/1350772880"
    },
    {
      "type": "Feature",
      "properties": {
        "@id": "way/1354024053",
        "alt_name": "Inner Ring Road",
        "highway": "primary",
        "lit": "yes",
        "maxspeed": "60",
        "name": "Greenlands Road",
        "oneway": "yes",
        "ref": "IRR",
        "@geometry": "center"
      },
      "geometry": {
        "type": "Point",
        "coordinates": [
          78.4535574,
          17.4279626
        ]
      },
      "id": "way/1354024053"
    },
    {
      "type": "Feature",
      "properties": {
        "@id": "way/1354476349",
        "foot": "yes",
        "highway": "trunk",
        "lanes": "2",
        "lit": "yes",
        "maxspeed": "60",
        "oneway": "yes",
        "ref": "NH65",
        "ref:old": "NH9",
        "source": "Yahoo hires",
        "toll": "yes",
        "@geometry": "center"
      },
      "geometry": {
        "type": "Point",
        "coordinates": [
          78.2782935,
          17.5192626
        ]
      },
      "id": "way/1354476349"
    },
    {
      "type": "Feature",
      "properties": {
        "@id": "way/1354476350",
        "covered": "yes",
        "foot": "yes",
        "highway": "trunk",
        "lanes": "2",
        "lit": "yes",
        "maxspeed": "60",
        "oneway": "yes",
        "ref": "NH65",
        "ref:old": "NH9",
        "source": "Yahoo hires",
        "toll": "yes",
        "@geometry": "center"
      },
      "geometry": {
        "type": "Point",
        "coordinates": [
          78.2779046,
          17.5195983
        ]
      },
      "id": "way/1354476350"
    },
    {
      "type": "Feature",
      "properties": {
        "@id": "way/1357747927",
        "alt_name": "Inner Ring Road",
        "foot": "yes",
        "highway": "primary",
        "lit": "yes",
        "maxspeed": "60",
        "name": "Nagarjuna Circle Road",
        "oneway": "yes",
        "ref": "IRR",
        "@geometry": "center"
      },
      "geometry": {
        "type": "Point",
        "coordinates": [
          78.4505185,
          17.4261377
        ]
      },
      "id": "way/1357747927"
    },
    {
      "type": "Feature",
      "properties": {
        "@id": "way/1358697450",
        "highway": "primary",
        "lit": "yes",
        "name": "Moosarambagh Road",
        "name:etymology:wikidata": "Q17074477",
        "oneway": "yes",
        "@geometry": "center"
      },
      "geometry": {
        "type": "Point",
        "coordinates": [
          78.5164254,
          17.3793724
        ]
      },
      "id": "way/1358697450"
    },
    {
      "type": "Feature",
      "properties": {
        "@id": "way/1360890963",
        "highway": "primary",
        "lit": "yes",
        "name": "Moosarambagh Road",
        "name:etymology:wikidata": "Q17074477",
        "oneway": "yes",
        "@geometry": "center"
      },
      "geometry": {
        "type": "Point",
        "coordinates": [
          78.5172261,
          17.3803927
        ]
      },
      "id": "way/1360890963"
    },
    {
      "type": "Feature",
      "properties": {
        "@id": "way/1360890964",
        "highway": "primary",
        "lit": "yes",
        "name": "Moosarambagh Road",
        "name:etymology:wikidata": "Q17074477",
        "oneway": "yes",
        "@geometry": "center"
      },
      "geometry": {
        "type": "Point",
        "coordinates": [
          78.5164567,
          17.3793462
        ]
      },
      "id": "way/1360890964"
    },
    {
      "type": "Feature",
      "properties": {
        "@id": "way/1360890965",
        "highway": "primary",
        "lit": "yes",
        "name": "Moosarambagh Road",
        "name:etymology:wikidata": "Q17074477",
        "oneway": "yes",
        "opening_date": "2025-05-01",
        "@geometry": "center"
      },
      "geometry": {
        "type": "Point",
        "coordinates": [
          78.5174729,
          17.3805286
        ]
      },
      "id": "way/1360890965"
    },
    {
      "type": "Feature",
      "properties": {
        "@id": "way/1360890966",
        "highway": "primary",
        "lit": "yes",
        "name": "Moosarambagh Road",
        "name:etymology:wikidata": "Q17074477",
        "oneway": "yes",
        "opening_date": "2025-05-01",
        "@geometry": "center"
      },
      "geometry": {
        "type": "Point",
        "coordinates": [
          78.5174782,
          17.3806947
        ]
      },
      "id": "way/1360890966"
    },
    {
      "type": "Feature",
      "properties": {
        "@id": "way/1361612216",
        "bridge": "yes",
        "foot": "yes",
        "highway": "trunk",
        "int_ref": "AH43",
        "layer": "1",
        "lit": "yes",
        "maxspeed": "60",
        "name": "Dr.Manmohan Singh Flyover",
        "oneway": "yes",
        "ref": "NH44",
        "ref:old": "NH7",
        "sidewalk": "no",
        "source": "GPS",
        "@geometry": "center"
      },
      "geometry": {
        "type": "Point",
        "coordinates": [
          78.4331693,
          17.3229365
        ]
      },
      "id": "way/1361612216"
    },
    {
      "type": "Feature",
      "properties": {
        "@id": "way/1361612217",
        "foot": "yes",
        "highway": "trunk",
        "int_ref": "AH43",
        "lit": "yes",
        "maxspeed": "60",
        "oneway": "yes",
        "ref": "NH44",
        "ref:old": "NH7",
        "sidewalk": "no",
        "@geometry": "center"
      },
      "geometry": {
        "type": "Point",
        "coordinates": [
          78.4328693,
          17.322607
        ]
      },
      "id": "way/1361612217"
    },
    {
      "type": "Feature",
      "properties": {
        "@id": "way/1361661597",
        "highway": "primary",
        "lit": "yes",
        "@geometry": "center"
      },
      "geometry": {
        "type": "Point",
        "coordinates": [
          78.5164757,
          17.3794145
        ]
      },
      "id": "way/1361661597"
    },
    {
      "type": "Feature",
      "properties": {
        "@id": "way/1365203511",
        "highway": "primary",
        "lit": "yes",
        "oneway": "yes",
        "source": "digitalglobe",
        "@geometry": "center"
      },
      "geometry": {
        "type": "Point",
        "coordinates": [
          78.4987547,
          17.4211872
        ]
      },
      "id": "way/1365203511"
    },
    {
      "type": "Feature",
      "properties": {
        "@id": "way/1365203513",
        "highway": "primary",
        "lit": "yes",
        "oneway": "yes",
        "@geometry": "center"
      },
      "geometry": {
        "type": "Point",
        "coordinates": [
          78.4968837,
          17.4218298
        ]
      },
      "id": "way/1365203513"
    },
    {
      "type": "Feature",
      "properties": {
        "@id": "way/1365203514",
        "highway": "primary",
        "lit": "yes",
        "oneway": "yes",
        "source": "digitalglobe",
        "@geometry": "center"
      },
      "geometry": {
        "type": "Point",
        "coordinates": [
          78.4968566,
          17.421789
        ]
      },
      "id": "way/1365203514"
    },
    {
      "type": "Feature",
      "properties": {
        "@id": "way/1365203515",
        "highway": "primary",
        "lit": "yes",
        "oneway": "yes",
        "@geometry": "center"
      },
      "geometry": {
        "type": "Point",
        "coordinates": [
          78.4987795,
          17.4212617
        ]
      },
      "id": "way/1365203515"
    },
    {
      "type": "Feature",
      "properties": {
        "@id": "way/1365203518",
        "highway": "primary",
        "lit": "yes",
        "oneway": "yes",
        "@geometry": "center"
      },
      "geometry": {
        "type": "Point",
        "coordinates": [
          78.4969689,
          17.4218013
        ]
      },
      "id": "way/1365203518"
    },
    {
      "type": "Feature",
      "properties": {
        "@id": "way/1365203519",
        "highway": "primary",
        "lit": "yes",
        "oneway": "yes",
        "source": "digitalglobe",
        "@geometry": "center"
      },
      "geometry": {
        "type": "Point",
        "coordinates": [
          78.4969657,
          17.4217546
        ]
      },
      "id": "way/1365203519"
    },
    {
      "type": "Feature",
      "properties": {
        "@id": "way/1369866176",
        "highway": "primary",
        "lit": "yes",
        "name": "Moosarambagh Road",
        "name:etymology:wikidata": "Q17074477",
        "oneway": "yes",
        "@geometry": "center"
      },
      "geometry": {
        "type": "Point",
        "coordinates": [
          78.514962,
          17.3699984
        ]
      },
      "id": "way/1369866176"
    },
    {
      "type": "Feature",
      "properties": {
        "@id": "way/1371627408",
        "alt_name": "Inner Ring Road",
        "highway": "primary",
        "lit": "yes",
        "maxspeed": "60",
        "name": "Sardar Patel Road",
        "name:etymology:wikidata": "Q9455",
        "oneway": "yes",
        "ref": "IRR",
        "@geometry": "center"
      },
      "geometry": {
        "type": "Point",
        "coordinates": [
          78.4685775,
          17.4443759
        ]
      },
      "id": "way/1371627408"
    },
    {
      "type": "Feature",
      "properties": {
        "@id": "way/1371627410",
        "alt_name": "Inner Ring Road",
        "highway": "primary",
        "lit": "yes",
        "maxspeed": "60",
        "name": "Sardar Patel Road",
        "name:etymology:wikidata": "Q9455",
        "oneway": "yes",
        "ref": "IRR",
        "@geometry": "center"
      },
      "geometry": {
        "type": "Point",
        "coordinates": [
          78.4705593,
          17.4442359
        ]
      },
      "id": "way/1371627410"
    },
    {
      "type": "Feature",
      "properties": {
        "@id": "way/1371627412",
        "alt_name": "Inner Ring Road",
        "highway": "primary",
        "lit": "yes",
        "maxspeed": "60",
        "name": "Sardar Patel Road",
        "name:etymology:wikidata": "Q9455",
        "oneway": "yes",
        "ref": "IRR",
        "@geometry": "center"
      },
      "geometry": {
        "type": "Point",
        "coordinates": [
          78.4700368,
          17.4441173
        ]
      },
      "id": "way/1371627412"
    },
    {
      "type": "Feature",
      "properties": {
        "@id": "way/1371970275",
        "highway": "primary",
        "lit": "yes",
        "maxspeed": "60",
        "name": "Chaderghat Road",
        "oneway": "yes",
        "@geometry": "center"
      },
      "geometry": {
        "type": "Point",
        "coordinates": [
          78.4895542,
          17.3774098
        ]
      },
      "id": "way/1371970275"
    },
    {
      "type": "Feature",
      "properties": {
        "@id": "way/1371970839",
        "highway": "primary",
        "lit": "yes",
        "maxspeed": "50",
        "name": "Adikmet Main Road",
        "@geometry": "center"
      },
      "geometry": {
        "type": "Point",
        "coordinates": [
          78.5135318,
          17.4074219
        ]
      },
      "id": "way/1371970839"
    },
    {
      "type": "Feature",
      "properties": {
        "@id": "way/1372012572",
        "alt_name": "Inner Ring Road",
        "highway": "primary",
        "lit": "yes",
        "maxspeed": "60",
        "name": "Sardar Patel Road",
        "name:etymology:wikidata": "Q9455",
        "oneway": "yes",
        "ref": "IRR",
        "@geometry": "center"
      },
      "geometry": {
        "type": "Point",
        "coordinates": [
          78.4791366,
          17.4434097
        ]
      },
      "id": "way/1372012572"
    },
    {
      "type": "Feature",
      "properties": {
        "@id": "way/1373582495",
        "highway": "primary",
        "lit": "yes",
        "maxspeed": "60",
        "name": "Rashtrapati Road",
        "name:te": "రాష్ట్రపతి రోడ్డు",
        "oneway": "yes",
        "ref": "SH1",
        "@geometry": "center"
      },
      "geometry": {
        "type": "Point",
        "coordinates": [
          78.4943686,
          17.4376798
        ]
      },
      "id": "way/1373582495"
    },
    {
      "type": "Feature",
      "properties": {
        "@id": "way/1377763780",
        "AND:importance_level": "2",
        "highway": "primary",
        "lit": "yes",
        "name": "Old Bombay Road",
        "oneway": "yes",
        "@geometry": "center"
      },
      "geometry": {
        "type": "Point",
        "coordinates": [
          78.3199699,
          17.479492
        ]
      },
      "id": "way/1377763780"
    },
    {
      "type": "Feature",
      "properties": {
        "@id": "way/1380187395",
        "highway": "residential",
        "lit": "yes",
        "name": "CyberZon Approach road",
        "oneway": "yes",
        "surface": "asphalt",
        "@geometry": "center"
      },
      "geometry": {
        "type": "Point",
        "coordinates": [
          78.3093632,
          17.4727013
        ]
      },
      "id": "way/1380187395"
    },
    {
      "type": "Feature",
      "properties": {
        "@id": "way/1383677800",
        "highway": "primary",
        "lit": "yes",
        "maxspeed": "60",
        "name": "Barkatpura Main Road",
        "oneway": "yes",
        "@geometry": "center"
      },
      "geometry": {
        "type": "Point",
        "coordinates": [
          78.4964528,
          17.396247
        ]
      },
      "id": "way/1383677800"
    },
    {
      "type": "Feature",
      "properties": {
        "@id": "way/1383677801",
        "highway": "primary",
        "lit": "yes",
        "maxspeed": "60",
        "oneway": "yes",
        "@geometry": "center"
      },
      "geometry": {
        "type": "Point",
        "coordinates": [
          78.4961049,
          17.3964952
        ]
      },
      "id": "way/1383677801"
    },
    {
      "type": "Feature",
      "properties": {
        "@id": "way/1383922960",
        "highway": "primary",
        "lit": "yes",
        "name": "Moosarambagh Road",
        "name:etymology:wikidata": "Q17074477",
        "oneway": "yes",
        "@geometry": "center"
      },
      "geometry": {
        "type": "Point",
        "coordinates": [
          78.5180766,
          17.3814911
        ]
      },
      "id": "way/1383922960"
    },
    {
      "type": "Feature",
      "properties": {
        "@id": "way/1386072108",
        "highway": "primary",
        "lit": "yes",
        "name": "Moosarambagh Road",
        "name:etymology:wikidata": "Q17074477",
        "oneway": "yes",
        "@geometry": "center"
      },
      "geometry": {
        "type": "Point",
        "coordinates": [
          78.5163193,
          17.3903765
        ]
      },
      "id": "way/1386072108"
    },
    {
      "type": "Feature",
      "properties": {
        "@id": "way/1386072109",
        "highway": "primary",
        "lit": "yes",
        "name": "Moosarambagh Road",
        "name:etymology:wikidata": "Q17074477",
        "oneway": "yes",
        "@geometry": "center"
      },
      "geometry": {
        "type": "Point",
        "coordinates": [
          78.516397,
          17.3903863
        ]
      },
      "id": "way/1386072109"
    },
    {
      "type": "Feature",
      "properties": {
        "@id": "way/1386072110",
        "highway": "primary",
        "lit": "yes",
        "name": "Moosarambagh Road",
        "name:etymology:wikidata": "Q17074477",
        "oneway": "yes",
        "@geometry": "center"
      },
      "geometry": {
        "type": "Point",
        "coordinates": [
          78.5165056,
          17.3885712
        ]
      },
      "id": "way/1386072110"
    },
    {
      "type": "Feature",
      "properties": {
        "@id": "way/1386072111",
        "highway": "primary",
        "lit": "yes",
        "name": "Moosarambagh Road",
        "name:etymology:wikidata": "Q17074477",
        "oneway": "yes",
        "@geometry": "center"
      },
      "geometry": {
        "type": "Point",
        "coordinates": [
          78.5164231,
          17.388567
        ]
      },
      "id": "way/1386072111"
    },
    {
      "type": "Feature",
      "properties": {
        "@id": "way/1389722431",
        "foot": "yes",
        "highway": "tertiary",
        "int_ref": "AH43",
        "lit": "yes",
        "oneway": "yes",
        "ref": "NH44",
        "ref:old": "NH7",
        "sidewalk": "no",
        "@geometry": "center"
      },
      "geometry": {
        "type": "Point",
        "coordinates": [
          78.4332392,
          17.3234873
        ]
      },
      "id": "way/1389722431"
    },
    {
      "type": "Feature",
      "properties": {
        "@id": "way/1390918407",
        "highway": "primary",
        "lit": "yes",
        "maxspeed": "60",
        "name": "St Johns Road",
        "name:etymology:wikidata": "Q9455",
        "oneway": "yes",
        "@geometry": "center"
      },
      "geometry": {
        "type": "Point",
        "coordinates": [
          78.5056848,
          17.4349993
        ]
      },
      "id": "way/1390918407"
    },
    {
      "type": "Feature",
      "properties": {
        "@id": "way/1390918409",
        "highway": "primary",
        "lit": "yes",
        "maxspeed": "60",
        "name": "St Johns Road",
        "name:etymology:wikidata": "Q9455",
        "oneway": "yes",
        "@geometry": "center"
      },
      "geometry": {
        "type": "Point",
        "coordinates": [
          78.5055662,
          17.4349907
        ]
      },
      "id": "way/1390918409"
    },
    {
      "type": "Feature",
      "properties": {
        "@id": "way/1393594987",
        "highway": "primary",
        "lanes": "2",
        "lit": "yes",
        "name": "Telephone Bhavan Road",
        "oneway": "yes",
        "restrictions": "hour_off=22:00:00",
        "surface": "asphalt",
        "@geometry": "center"
      },
      "geometry": {
        "type": "Point",
        "coordinates": [
          78.4670828,
          17.4072044
        ]
      },
      "id": "way/1393594987"
    },
    {
      "type": "Feature",
      "properties": {
        "@id": "way/1393810754",
        "highway": "primary",
        "lit": "yes",
        "maxspeed": "60",
        "name": "St Johns Road",
        "name:etymology:wikidata": "Q9455",
        "oneway": "yes",
        "@geometry": "center"
      },
      "geometry": {
        "type": "Point",
        "coordinates": [
          78.5056515,
          17.4350963
        ]
      },
      "id": "way/1393810754"
    },
    {
      "type": "Feature",
      "properties": {
        "@id": "way/1411782955",
        "check_date": "2025-07-02",
        "highway": "motorway",
        "lanes": "6",
        "lit": "yes",
        "name": "PJR Flyover",
        "oneway": "yes",
        "start_date": "2025-06-28",
        "surface": "asphalt",
        "@geometry": "center"
      },
      "geometry": {
        "type": "Point",
        "coordinates": [
          78.3602339,
          17.4330537
        ]
      },
      "id": "way/1411782955"
    },
    {
      "type": "Feature",
      "properties": {
        "@id": "way/1414052871",
        "highway": "primary",
        "lit": "yes",
        "name": "Habsiguda Main Road",
        "oneway": "yes",
        "@geometry": "center"
      },
      "geometry": {
        "type": "Point",
        "coordinates": [
          78.5311247,
          17.4268688
        ]
      },
      "id": "way/1414052871"
    },
    {
      "type": "Feature",
      "properties": {
        "@id": "way/1414052872",
        "bicycle": "no",
        "foot": "yes",
        "highway": "primary",
        "lit": "yes",
        "maxspeed": "60",
        "motor_vehicle": "no",
        "name": "Maula Ali Road",
        "oneway": "yes",
        "source": "digitalglobe",
        "@geometry": "center"
      },
      "geometry": {
        "type": "Point",
        "coordinates": [
          78.5310779,
          17.4267618
        ]
      },
      "id": "way/1414052872"
    },
    {
      "type": "Feature",
      "properties": {
        "@id": "way/1414816516",
        "bicycle": "no",
        "foot": "yes",
        "highway": "primary",
        "lit": "yes",
        "maxspeed": "60",
        "motor_vehicle": "no",
        "oneway": "yes",
        "@geometry": "center"
      },
      "geometry": {
        "type": "Point",
        "coordinates": [
          78.5309877,
          17.4268306
        ]
      },
      "id": "way/1414816516"
    },
    {
      "type": "Feature",
      "properties": {
        "@id": "way/1415323511",
        "alt_name": "Inner Ring Road",
        "highway": "primary",
        "lanes": "3",
        "lit": "yes",
        "maxspeed": "60",
        "name": "Road Number 1",
        "oneway": "yes",
        "ref": "IRR",
        "surface": "asphalt",
        "@geometry": "center"
      },
      "geometry": {
        "type": "Point",
        "coordinates": [
          78.4512764,
          17.4069013
        ]
      },
      "id": "way/1415323511"
    },
    {
      "type": "Feature",
      "properties": {
        "@id": "way/1415323512",
        "alt_name": "Inner Ring Road",
        "highway": "primary",
        "lit": "yes",
        "locality": "Banjara Hills",
        "maxspeed": "60",
        "name": "Road Number 1",
        "oneway": "yes",
        "ref": "IRR",
        "@geometry": "center"
      },
      "geometry": {
        "type": "Point",
        "coordinates": [
          78.4516536,
          17.4057593
        ]
      },
      "id": "way/1415323512"
    },
    {
      "type": "Feature",
      "properties": {
        "@id": "way/1424089235",
        "highway": "residential",
        "lit": "yes",
        "surface": "asphalt",
        "@geometry": "center"
      },
      "geometry": {
        "type": "Point",
        "coordinates": [
          78.4513851,
          17.4385033
        ]
      },
      "id": "way/1424089235"
    },
    {
      "type": "Feature",
      "properties": {
        "@id": "way/1424928161",
        "alt_name": "Inner Ring Road",
        "highway": "primary",
        "lit": "yes",
        "maxspeed": "60",
        "name": "Sardar Patel Road",
        "name:etymology:wikidata": "Q9455",
        "oneway": "yes",
        "ref": "IRR",
        "@geometry": "center"
      },
      "geometry": {
        "type": "Point",
        "coordinates": [
          78.4701912,
          17.4442659
        ]
      },
      "id": "way/1424928161"
    },
    {
      "type": "Feature",
      "properties": {
        "@id": "way/1424928162",
        "alt_name": "Inner Ring Road",
        "highway": "primary",
        "lit": "yes",
        "maxspeed": "60",
        "name": "Sardar Patel Road",
        "name:etymology:wikidata": "Q9455",
        "oneway": "yes",
        "ref": "IRR",
        "@geometry": "center"
      },
      "geometry": {
        "type": "Point",
        "coordinates": [
          78.4701707,
          17.4441004
        ]
      },
      "id": "way/1424928162"
    },
    {
      "type": "Feature",
      "properties": {
        "@id": "way/1424928164",
        "highway": "primary_link",
        "lit": "yes",
        "@geometry": "center"
      },
      "geometry": {
        "type": "Point",
        "coordinates": [
          78.4702504,
          17.4442775
        ]
      },
      "id": "way/1424928164"
    },
    {
      "type": "Feature",
      "properties": {
        "@id": "way/1425555336",
        "alt_name": "Inner Ring Road",
        "highway": "primary",
        "lit": "yes",
        "maxspeed": "60",
        "name": "Sayeedabad Main Road",
        "oneway": "yes",
        "ref": "SH19",
        "@geometry": "center"
      },
      "geometry": {
        "type": "Point",
        "coordinates": [
          78.5052892,
          17.3575333
        ]
      },
      "id": "way/1425555336"
    },
    {
      "type": "Feature",
      "properties": {
        "@id": "way/1425739808",
        "highway": "residential",
        "lit": "yes",
        "name": "Kothaguda Village Road",
        "surface": "concrete",
        "@geometry": "center"
      },
      "geometry": {
        "type": "Point",
        "coordinates": [
          78.3660297,
          17.4624896
        ]
      },
      "id": "way/1425739808"
    },
    {
      "type": "Feature",
      "properties": {
        "@id": "way/1444495966",
        "highway": "primary_link",
        "lit": "yes",
        "oneway": "yes",
        "@geometry": "center"
      },
      "geometry": {
        "type": "Point",
        "coordinates": [
          78.4807952,
          17.443447
        ]
      },
      "id": "way/1444495966"
    },
    {
      "type": "Feature",
      "properties": {
        "@id": "way/1446745415",
        "access": "yes",
        "bicycle": "yes",
        "cycleway": "no",
        "foot": "yes",
        "highway": "trunk",
        "lanes": "2",
        "lit": "yes",
        "maxspeed": "60",
        "motorroad": "no",
        "name": "Miyapur - Allwyn Cross Road Mumbai Highway",
        "oneway": "yes",
        "ref": "NH65",
        "ref:old": "NH9",
        "sidewalk": "no",
        "surface": "asphalt",
        "@geometry": "center"
      },
      "geometry": {
        "type": "Point",
        "coordinates": [
          78.3616258,
          17.4967252
        ]
      },
      "id": "way/1446745415"
    },
    {
      "type": "Feature",
      "properties": {
        "@id": "way/1451291369",
        "bicycle": "no",
        "embankment": "left",
        "foot": "no",
        "highway": "motorway",
        "horse": "no",
        "lanes": "4",
        "lit": "yes",
        "maxspeed": "120",
        "maxspeed:advisory:lanes": "80|80|120|120",
        "motor_vehicle": "designated",
        "motorcycle": "no",
        "name": "Outer Ring Road",
        "name:hi": "आउटर रिंग रोड",
        "name:te": "ఔటర్ రింగు రోడ్డు",
        "official_name": "Nehru Outer Ring Road",
        "official_name:hi": "नेहरू आउटर रिंग रोड",
        "official_name:te": "నెహ్రూ ఔటర్ రింగ్ రోడ్",
        "oneway": "yes",
        "operator": "Hyderabad Metropolitan Development Authority",
        "ref": "ORR",
        "shoulder": "left",
        "smoothness": "excellent",
        "source": "Esri World Imagery (2023-09-12)",
        "start_date": "2012-12-03",
        "surface": "asphalt",
        "toll": "yes",
        "turn:lanes": "slight_left;through|through|through|through",
        "@geometry": "center"
      },
      "geometry": {
        "type": "Point",
        "coordinates": [
          78.2542122,
          17.5450553
        ]
      },
      "id": "way/1451291369"
    },
    {
      "type": "Feature",
      "properties": {
        "@id": "way/1451291370",
        "bicycle": "no",
        "bridge": "yes",
        "foot": "no",
        "highway": "motorway",
        "horse": "no",
        "lanes": "4",
        "layer": "1",
        "lit": "yes",
        "maxspeed": "120",
        "maxspeed:advisory:lanes": "80|80|120|120",
        "motor_vehicle": "designated",
        "motorcycle": "no",
        "name": "Outer Ring Road",
        "name:hi": "आउटर रिंग रोड",
        "name:te": "ఔటర్ రింగు రోడ్డు",
        "official_name": "Nehru Outer Ring Road",
        "official_name:hi": "नेहरू आउटर रिंग रोड",
        "official_name:te": "నెహ్రూ ఔటర్ రింగ్ రోడ్",
        "oneway": "yes",
        "operator": "Hyderabad Metropolitan Development Authority",
        "ref": "ORR",
        "shoulder": "left",
        "smoothness": "excellent",
        "source": "Esri World Imagery (2023-09-12)",
        "start_date": "2012-12-03",
        "surface": "asphalt",
        "toll": "yes",
        "turn:lanes": "slight_left;through|through|through|through",
        "@geometry": "center"
      },
      "geometry": {
        "type": "Point",
        "coordinates": [
          78.2532524,
          17.5448739
        ]
      },
      "id": "way/1451291370"
    },
    {
      "type": "Feature",
      "properties": {
        "@id": "way/1451291371",
        "bicycle": "no",
        "embankment": "left",
        "foot": "no",
        "highway": "motorway",
        "horse": "no",
        "lanes": "4",
        "lit": "yes",
        "maxspeed": "120",
        "maxspeed:advisory:lanes": "80|80|120|120",
        "motor_vehicle": "designated",
        "motorcycle": "no",
        "name": "Outer Ring Road",
        "name:hi": "आउटर रिंग रोड",
        "name:te": "ఔటర్ రింగు రోడ్డు",
        "official_name": "Nehru Outer Ring Road",
        "official_name:hi": "नेहरू आउटर रिंग रोड",
        "official_name:te": "నెహ్రూ ఔటర్ రింగ్ రోడ్",
        "oneway": "yes",
        "operator": "Hyderabad Metropolitan Development Authority",
        "ref": "ORR",
        "shoulder": "left",
        "smoothness": "excellent",
        "source": "Esri World Imagery (2023-09-12)",
        "start_date": "2012-12-03",
        "surface": "asphalt",
        "toll": "yes",
        "@geometry": "center"
      },
      "geometry": {
        "type": "Point",
        "coordinates": [
          78.2576792,
          17.5458965
        ]
      },
      "id": "way/1451291371"
    },
    {
      "type": "Feature",
      "properties": {
        "@id": "way/1451291372",
        "bicycle": "no",
        "bridge": "yes",
        "foot": "no",
        "highway": "motorway",
        "horse": "no",
        "lanes": "4",
        "layer": "1",
        "lit": "yes",
        "maxspeed": "120",
        "maxspeed:advisory:lanes": "80|80|120|120",
        "motor_vehicle": "designated",
        "motorcycle": "no",
        "name": "Outer Ring Road",
        "name:hi": "आउटर रिंग रोड",
        "name:te": "ఔటర్ రింగు రోడ్డు",
        "official_name": "Nehru Outer Ring Road",
        "official_name:hi": "नेहरू आउटर रिंग रोड",
        "official_name:te": "నెహ్రూ ఔటర్ రింగ్ రోడ్",
        "oneway": "yes",
        "operator": "Hyderabad Metropolitan Development Authority",
        "ref": "ORR",
        "shoulder": "left",
        "smoothness": "excellent",
        "source": "Esri World Imagery (2023-09-12)",
        "start_date": "2012-12-03",
        "surface": "asphalt",
        "toll": "yes",
        "@geometry": "center"
      },
      "geometry": {
        "type": "Point",
        "coordinates": [
          78.2531845,
          17.5450473
        ]
      },
      "id": "way/1451291372"
    },
    {
      "type": "Feature",
      "properties": {
        "@id": "way/1451291646",
        "bicycle": "no",
        "embankment": "left",
        "foot": "no",
        "highway": "motorway",
        "horse": "no",
        "lanes": "4",
        "lit": "yes",
        "maxspeed": "120",
        "maxspeed:advisory:lanes": "80|80|120|120",
        "motor_vehicle": "designated",
        "motorcycle": "no",
        "name": "Outer Ring Road",
        "name:hi": "आउटर रिंग रोड",
        "name:te": "ఔటర్ రింగు రోడ్డు",
        "official_name": "Nehru Outer Ring Road",
        "official_name:hi": "नेहरू आउटर रिंग रोड",
        "official_name:te": "నెహ్రూ ఔటర్ రింగ్ రోడ్",
        "oneway": "yes",
        "operator": "Hyderabad Metropolitan Development Authority",
        "ref": "ORR",
        "shoulder": "left",
        "smoothness": "excellent",
        "source": "Esri World Imagery (2023-09-10)",
        "start_date": "2012-12-03",
        "surface": "asphalt",
        "toll": "yes",
        "@geometry": "center"
      },
      "geometry": {
        "type": "Point",
        "coordinates": [
          78.2735148,
          17.5491656
        ]
      },
      "id": "way/1451291646"
    },
    {
      "type": "Feature",
      "properties": {
        "@id": "way/1451291647",
        "bicycle": "no",
        "bridge": "yes",
        "foot": "no",
        "highway": "motorway",
        "horse": "no",
        "lanes": "4",
        "layer": "1",
        "lit": "yes",
        "maxspeed": "120",
        "maxspeed:advisory:lanes": "80|80|120|120",
        "motor_vehicle": "designated",
        "motorcycle": "no",
        "name": "Outer Ring Road",
        "name:hi": "आउटर रिंग रोड",
        "name:te": "ఔటర్ రింగు రోడ్డు",
        "official_name": "Nehru Outer Ring Road",
        "official_name:hi": "नेहरू आउटर रिंग रोड",
        "official_name:te": "నెహ్రూ ఔటర్ రింగ్ రోడ్",
        "oneway": "yes",
        "operator": "Hyderabad Metropolitan Development Authority",
        "ref": "ORR",
        "shoulder": "left",
        "smoothness": "excellent",
        "source": "Esri World Imagery (2023-09-10)",
        "start_date": "2012-12-03",
        "surface": "asphalt",
        "toll": "yes",
        "@geometry": "center"
      },
      "geometry": {
        "type": "Point",
        "coordinates": [
          78.2708025,
          17.5484946
        ]
      },
      "id": "way/1451291647"
    },
    {
      "type": "Feature",
      "properties": {
        "@id": "way/1451291648",
        "bicycle": "no",
        "embankment": "left",
        "foot": "no",
        "highway": "motorway",
        "horse": "no",
        "lanes": "4",
        "lit": "yes",
        "maxspeed": "120",
        "maxspeed:advisory:lanes": "80|80|120|120",
        "motor_vehicle": "designated",
        "motorcycle": "no",
        "name": "Outer Ring Road",
        "name:hi": "आउटर रिंग रोड",
        "name:te": "ఔటర్ రింగు రోడ్డు",
        "official_name": "Nehru Outer Ring Road",
        "official_name:hi": "नेहरू आउटर रिंग रोड",
        "official_name:te": "నెహ్రూ ఔటర్ రింగ్ రోడ్",
        "oneway": "yes",
        "operator": "Hyderabad Metropolitan Development Authority",
        "ref": "ORR",
        "shoulder": "left",
        "smoothness": "excellent",
        "source": "Esri World Imagery (2023-09-10)",
        "start_date": "2012-12-03",
        "surface": "asphalt",
        "toll": "yes",
        "@geometry": "center"
      },
      "geometry": {
        "type": "Point",
        "coordinates": [
          78.2734911,
          17.5493505
        ]
      },
      "id": "way/1451291648"
    },
    {
      "type": "Feature",
      "properties": {
        "@id": "way/1451291649",
        "bicycle": "no",
        "bridge": "yes",
        "foot": "no",
        "highway": "motorway",
        "horse": "no",
        "lanes": "4",
        "layer": "1",
        "lit": "yes",
        "maxspeed": "120",
        "maxspeed:advisory:lanes": "80|80|120|120",
        "motor_vehicle": "designated",
        "motorcycle": "no",
        "name": "Outer Ring Road",
        "name:hi": "आउटर रिंग रोड",
        "name:te": "ఔటర్ రింగు రోడ్డు",
        "official_name": "Nehru Outer Ring Road",
        "official_name:hi": "नेहरू आउटर रिंग रोड",
        "official_name:te": "నెహ్రూ ఔటర్ రింగ్ రోడ్",
        "oneway": "yes",
        "operator": "Hyderabad Metropolitan Development Authority",
        "ref": "ORR",
        "shoulder": "left",
        "smoothness": "excellent",
        "source": "Esri World Imagery (2023-09-10)",
        "start_date": "2012-12-03",
        "surface": "asphalt",
        "toll": "yes",
        "@geometry": "center"
      },
      "geometry": {
        "type": "Point",
        "coordinates": [
          78.2707725,
          17.5486779
        ]
      },
      "id": "way/1451291649"
    },
    {
      "type": "Feature",
      "properties": {
        "@id": "way/1451291729",
        "bicycle": "no",
        "embankment": "left",
        "foot": "no",
        "highway": "motorway",
        "horse": "no",
        "lanes": "4",
        "lit": "yes",
        "maxspeed": "120",
        "maxspeed:advisory:lanes": "80|80|120|120",
        "motor_vehicle": "designated",
        "motorcycle": "no",
        "name": "Outer Ring Road",
        "name:hi": "आउटर रिंग रोड",
        "name:te": "ఔటర్ రింగు రోడ్డు",
        "official_name": "Nehru Outer Ring Road",
        "official_name:hi": "नेहरू आउटर रिंग रोड",
        "official_name:te": "నెహ్రూ ఔటర్ రింగ్ రోడ్",
        "oneway": "yes",
        "operator": "Hyderabad Metropolitan Development Authority",
        "ref": "ORR",
        "shoulder": "left",
        "smoothness": "excellent",
        "source": "Esri World Imagery (2023-09-10)",
        "start_date": "2012-12-03",
        "surface": "asphalt",
        "toll": "yes",
        "@geometry": "center"
      },
      "geometry": {
        "type": "Point",
        "coordinates": [
          78.2781341,
          17.5503832
        ]
      },
      "id": "way/1451291729"
    },
    {
      "type": "Feature",
      "properties": {
        "@id": "way/1451291730",
        "bicycle": "no",
        "bridge": "yes",
        "foot": "no",
        "highway": "motorway",
        "horse": "no",
        "lanes": "4",
        "layer": "1",
        "lit": "yes",
        "maxspeed": "120",
        "maxspeed:advisory:lanes": "80|80|120|120",
        "motor_vehicle": "designated",
        "motorcycle": "no",
        "name": "Outer Ring Road",
        "name:hi": "आउटर रिंग रोड",
        "name:te": "ఔటర్ రింగు రోడ్డు",
        "official_name": "Nehru Outer Ring Road",
        "official_name:hi": "नेहरू आउटर रिंग रोड",
        "official_name:te": "నెహ్రూ ఔటర్ రింగ్ రోడ్",
        "oneway": "yes",
        "operator": "Hyderabad Metropolitan Development Authority",
        "ref": "ORR",
        "shoulder": "left",
        "smoothness": "excellent",
        "source": "Esri World Imagery (2023-09-10)",
        "start_date": "2012-12-03",
        "surface": "asphalt",
        "toll": "yes",
        "@geometry": "center"
      },
      "geometry": {
        "type": "Point",
        "coordinates": [
          78.280141,
          17.5507584
        ]
      },
      "id": "way/1451291730"
    },
    {
      "type": "Feature",
      "properties": {
        "@id": "way/1451291731",
        "bicycle": "no",
        "embankment": "left",
        "foot": "no",
        "highway": "motorway",
        "horse": "no",
        "lanes": "4",
        "lit": "yes",
        "maxspeed": "120",
        "maxspeed:advisory:lanes": "80|80|120|120",
        "motor_vehicle": "designated",
        "motorcycle": "no",
        "name": "Outer Ring Road",
        "name:hi": "आउटर रिंग रोड",
        "name:te": "ఔటర్ రింగు రోడ్డు",
        "official_name": "Nehru Outer Ring Road",
        "official_name:hi": "नेहरू आउटर रिंग रोड",
        "official_name:te": "నెహ్రూ ఔటర్ రింగ్ రోడ్",
        "oneway": "yes",
        "operator": "Hyderabad Metropolitan Development Authority",
        "ref": "ORR",
        "shoulder": "left",
        "smoothness": "excellent",
        "source": "Esri World Imagery (2023-09-10)",
        "start_date": "2012-12-03",
        "surface": "asphalt",
        "toll": "yes",
        "@geometry": "center"
      },
      "geometry": {
        "type": "Point",
        "coordinates": [
          78.2781599,
          17.550201
        ]
      },
      "id": "way/1451291731"
    },
    {
      "type": "Feature",
      "properties": {
        "@id": "way/1451291732",
        "bicycle": "no",
        "bridge": "yes",
        "foot": "no",
        "highway": "motorway",
        "horse": "no",
        "lanes": "4",
        "layer": "1",
        "lit": "yes",
        "maxspeed": "120",
        "maxspeed:advisory:lanes": "80|80|120|120",
        "motor_vehicle": "designated",
        "motorcycle": "no",
        "name": "Outer Ring Road",
        "name:hi": "आउटर रिंग रोड",
        "name:te": "ఔటర్ రింగు రోడ్డు",
        "official_name": "Nehru Outer Ring Road",
        "official_name:hi": "नेहरू आउटर रिंग रोड",
        "official_name:te": "నెహ్రూ ఔటర్ రింగ్ రోడ్",
        "oneway": "yes",
        "operator": "Hyderabad Metropolitan Development Authority",
        "ref": "ORR",
        "shoulder": "left",
        "smoothness": "excellent",
        "source": "Esri World Imagery (2023-09-10)",
        "start_date": "2012-12-03",
        "surface": "asphalt",
        "toll": "yes",
        "@geometry": "center"
      },
      "geometry": {
        "type": "Point",
        "coordinates": [
          78.2801573,
          17.5505751
        ]
      },
      "id": "way/1451291732"
    },
    {
      "type": "Feature",
      "properties": {
        "@id": "way/1451527000",
        "alt_name": "Inner Ring Road",
        "foot": "yes",
        "highway": "primary",
        "lit": "yes",
        "maxspeed": "60",
        "name": "Rail Nilayam Road Underpass",
        "oneway": "yes",
        "ref": "IRR",
        "@geometry": "center"
      },
      "geometry": {
        "type": "Point",
        "coordinates": [
          78.5121987,
          17.4353248
        ]
      },
      "id": "way/1451527000"
    },
    {
      "type": "Feature",
      "properties": {
        "@id": "way/1451527001",
        "highway": "primary",
        "lit": "yes",
        "maxspeed": "60",
        "oneway": "yes",
        "sidewalk": "left",
        "surface": "concrete",
        "@geometry": "center"
      },
      "geometry": {
        "type": "Point",
        "coordinates": [
          78.5126083,
          17.4351334
        ]
      },
      "id": "way/1451527001"
    },
    {
      "type": "Feature",
      "properties": {
        "@id": "way/1451577771",
        "foot": "yes",
        "highway": "trunk",
        "int_ref": "AH43",
        "lit": "yes",
        "maxspeed": "60",
        "name": "Dr.Manmohan Singh Flyover",
        "oneway": "yes",
        "ref": "NH44",
        "ref:old": "NH7",
        "sidewalk": "no",
        "source": "GPS",
        "@geometry": "center"
      },
      "geometry": {
        "type": "Point",
        "coordinates": [
          78.4329549,
          17.3225392
        ]
      },
      "id": "way/1451577771"
    },
    {
      "type": "Feature",
      "properties": {
        "@id": "way/1451577772",
        "foot": "yes",
        "highway": "trunk",
        "int_ref": "AH43",
        "lit": "yes",
        "maxspeed": "60",
        "oneway": "yes",
        "ref": "NH44",
        "ref:old": "NH7",
        "sidewalk": "no",
        "source": "GPS",
        "@geometry": "center"
      },
      "geometry": {
        "type": "Point",
        "coordinates": [
          78.4328357,
          17.3223955
        ]
      },
      "id": "way/1451577772"
    },
    {
      "type": "Feature",
      "properties": {
        "@id": "way/1451577773",
        "foot": "yes",
        "highway": "trunk",
        "int_ref": "AH43",
        "lit": "yes",
        "maxspeed": "60",
        "name": "Dr.Manmohan Singh Flyover",
        "oneway": "yes",
        "ref": "NH44",
        "ref:old": "NH7",
        "sidewalk": "no",
        "@geometry": "center"
      },
      "geometry": {
        "type": "Point",
        "coordinates": [
          78.4330523,
          17.3228838
        ]
      },
      "id": "way/1451577773"
    },
    {
      "type": "Feature",
      "properties": {
        "@id": "way/1453518590",
        "foot": "yes",
        "highway": "primary",
        "lit": "yes",
        "maxspeed": "60",
        "name": "Darul Shifa Road",
        "name:te": "దారుల్ షిఫా రోడ్",
        "oneway": "yes",
        "surface": "asphalt",
        "@geometry": "center"
      },
      "geometry": {
        "type": "Point",
        "coordinates": [
          78.4801655,
          17.362871
        ]
      },
      "id": "way/1453518590"
    },
    {
      "type": "Feature",
      "properties": {
        "@id": "way/1453518592",
        "foot": "yes",
        "highway": "primary",
        "lit": "yes",
        "maxspeed": "60",
        "name": "Darul Shifa Road",
        "name:te": "దారుల్ షిఫా రోడ్",
        "surface": "asphalt",
        "@geometry": "center"
      },
      "geometry": {
        "type": "Point",
        "coordinates": [
          78.4803117,
          17.3634951
        ]
      },
      "id": "way/1453518592"
    },
    {
      "type": "Feature",
      "properties": {
        "@id": "way/1455975926",
        "highway": "residential",
        "lit": "yes",
        "surface": "unhewn_cobblestone",
        "@geometry": "center"
      },
      "geometry": {
        "type": "Point",
        "coordinates": [
          78.3593283,
          17.4963309
        ]
      },
      "id": "way/1455975926"
    },
    {
      "type": "Feature",
      "properties": {
        "@id": "way/1455975927",
        "highway": "path",
        "lit": "yes",
        "surface": "unhewn_cobblestone",
        "@geometry": "center"
      },
      "geometry": {
        "type": "Point",
        "coordinates": [
          78.3598784,
          17.4970113
        ]
      },
      "id": "way/1455975927"
    },
    {
      "type": "Feature",
      "properties": {
        "@id": "way/1456908880",
        "access": "customers",
        "leisure": "pitch",
        "lit": "yes",
        "name": "Smash & Co Pickleball Arena",
        "payment:playo": "yes",
        "sport": "pickleball",
        "surface": "paved",
        "@geometry": "center"
      },
      "geometry": {
        "type": "Point",
        "coordinates": [
          78.5386556,
          17.4708328
        ]
      },
      "id": "way/1456908880"
    },
    {
      "type": "Feature",
      "properties": {
        "@id": "way/1459735639",
        "foot": "yes",
        "highway": "trunk",
        "lit": "yes",
        "maxspeed": "60",
        "oneway": "yes",
        "ref": "NH163",
        "ref:old": "SH4",
        "@geometry": "center"
      },
      "geometry": {
        "type": "Point",
        "coordinates": [
          78.4224502,
          17.3850435
        ]
      },
      "id": "way/1459735639"
    },
    {
      "type": "Feature",
      "properties": {
        "@id": "way/1460695096",
        "access": "private",
        "highway": "residential",
        "lit": "yes",
        "name": "Block 7 Entry Road",
        "sidewalk": "both",
        "surface": "concrete",
        "@geometry": "center"
      },
      "geometry": {
        "type": "Point",
        "coordinates": [
          78.3361603,
          17.510078
        ]
      },
      "id": "way/1460695096"
    },
    {
      "type": "Feature",
      "properties": {
        "@id": "way/1460695097",
        "access": "private",
        "highway": "residential",
        "lit": "yes",
        "name": "Block 7 Entry Road",
        "sidewalk": "both",
        "surface": "concrete",
        "@geometry": "center"
      },
      "geometry": {
        "type": "Point",
        "coordinates": [
          78.3374334,
          17.5098079
        ]
      },
      "id": "way/1460695097"
    },
    {
      "type": "Feature",
      "properties": {
        "@id": "way/1464999475",
        "highway": "primary",
        "lanes": "2",
        "layer": "-1",
        "lit": "yes",
        "maxspeed": "60",
        "name": "Narayanaguda Road",
        "name:etymology:wikidata": "Q6965556",
        "oneway": "yes",
        "@geometry": "center"
      },
      "geometry": {
        "type": "Point",
        "coordinates": [
          78.4978443,
          17.410984
        ]
      },
      "id": "way/1464999475"
    },
    {
      "type": "Feature",
      "properties": {
        "@id": "way/1464999476",
        "highway": "primary",
        "lanes": "2",
        "layer": "-1",
        "lit": "yes",
        "maxspeed": "60",
        "name": "Narayanaguda Road",
        "name:etymology:wikidata": "Q6965556",
        "oneway": "yes",
        "tunnel": "yes",
        "@geometry": "center"
      },
      "geometry": {
        "type": "Point",
        "coordinates": [
          78.4978473,
          17.4107225
        ]
      },
      "id": "way/1464999476"
    },
    {
      "type": "Feature",
      "properties": {
        "@id": "way/1466377020",
        "check_date": "2025-07-02",
        "highway": "motorway",
        "lanes": "6",
        "lit": "yes",
        "name": "PJR Flyover",
        "start_date": "2025-06-28",
        "surface": "asphalt",
        "@geometry": "center"
      },
      "geometry": {
        "type": "Point",
        "coordinates": [
          78.3629328,
          17.4439856
        ]
      },
      "id": "way/1466377020"
    },
    {
      "type": "Feature",
      "properties": {
        "@id": "way/1466377024",
        "bridge": "yes",
        "check_date": "2025-07-02",
        "highway": "motorway",
        "lanes": "6",
        "layer": "3",
        "lit": "yes",
        "name": "PJR Flyover",
        "start_date": "2025-06-28",
        "surface": "asphalt",
        "@geometry": "center"
      },
      "geometry": {
        "type": "Point",
        "coordinates": [
          78.3632741,
          17.441426
        ]
      },
      "id": "way/1466377024"
    },
    {
      "type": "Feature",
      "properties": {
        "@id": "way/1466377025",
        "bridge": "yes",
        "check_date": "2025-07-02",
        "highway": "motorway",
        "lanes": "6",
        "layer": "2",
        "lit": "yes",
        "name": "PJR Flyover",
        "start_date": "2025-06-28",
        "surface": "asphalt",
        "@geometry": "center"
      },
      "geometry": {
        "type": "Point",
        "coordinates": [
          78.3637466,
          17.4386551
        ]
      },
      "id": "way/1466377025"
    },
    {
      "type": "Feature",
      "properties": {
        "@id": "way/1476059730",
        "alt_name": "Inner Ring Road",
        "highway": "primary",
        "lit": "yes",
        "maxspeed": "60",
        "name": "Sardar Patel Road",
        "name:etymology:wikidata": "Q9455",
        "oneway": "yes",
        "ref": "IRR",
        "@geometry": "center"
      },
      "geometry": {
        "type": "Point",
        "coordinates": [
          78.4702901,
          17.4440894
        ]
      },
      "id": "way/1476059730"
    },
    {
      "type": "Feature",
      "properties": {
        "@id": "way/1476059731",
        "alt_name": "Inner Ring Road",
        "highway": "primary",
        "lit": "yes",
        "maxspeed": "60",
        "name": "Sardar Patel Road",
        "name:etymology:wikidata": "Q9455",
        "oneway": "yes",
        "ref": "IRR",
        "@geometry": "center"
      },
      "geometry": {
        "type": "Point",
        "coordinates": [
          78.4703061,
          17.4442528
        ]
      },
      "id": "way/1476059731"
    },
    {
      "type": "Feature",
      "properties": {
        "@id": "way/1499178156",
        "highway": "primary",
        "lit": "yes",
        "name": "Moosarambagh Road",
        "name:etymology:wikidata": "Q17074477",
        "oneway": "yes",
        "@geometry": "center"
      },
      "geometry": {
        "type": "Point",
        "coordinates": [
          78.516382,
          17.3791674
        ]
      },
      "id": "way/1499178156"
    },
    {
      "type": "Feature",
      "properties": {
        "@id": "way/1501288964",
        "highway": "primary",
        "lanes": "3",
        "lit": "yes",
        "name": "Inner Ring Road",
        "oneway": "yes",
        "ref": "IRR",
        "surface": "asphalt",
        "@geometry": "center"
      },
      "geometry": {
        "type": "Point",
        "coordinates": [
          78.5510785,
          17.3463658
        ]
      },
      "id": "way/1501288964"
    },
    {
      "type": "Feature",
      "properties": {
        "@id": "way/1501288965",
        "highway": "primary",
        "lanes": "3",
        "lit": "yes",
        "name": "Inner Ring Road",
        "oneway": "yes",
        "ref": "IRR",
        "surface": "asphalt",
        "@geometry": "center"
      },
      "geometry": {
        "type": "Point",
        "coordinates": [
          78.5511699,
          17.3464775
        ]
      },
      "id": "way/1501288965"
    },
    {
      "type": "Feature",
      "properties": {
        "@id": "way/1510205534",
        "foot": "yes",
        "highway": "primary",
        "lit": "yes",
        "maxspeed": "50",
        "name": "Darul Shifa Road",
        "name:te": "దారుల్ షిఫా రోడ్",
        "surface": "asphalt",
        "@geometry": "center"
      },
      "geometry": {
        "type": "Point",
        "coordinates": [
          78.4813418,
          17.3677964
        ]
      },
      "id": "way/1510205534"
    },
    {
      "type": "Feature",
      "properties": {
        "@id": "way/1510205535",
        "foot": "yes",
        "highway": "primary",
        "lit": "yes",
        "maxspeed": "50",
        "name": "Darul Shifa Road",
        "name:te": "దారుల్ షిఫా రోడ్",
        "surface": "asphalt",
        "@geometry": "center"
      },
      "geometry": {
        "type": "Point",
        "coordinates": [
          78.4814487,
          17.3683418
        ]
      },
      "id": "way/1510205535"
    },
    {
      "type": "Feature",
      "properties": {
        "@id": "way/1510205536",
        "foot": "yes",
        "highway": "primary",
        "lit": "yes",
        "maxspeed": "50",
        "name": "Darul Shifa Road",
        "name:te": "దారుల్ షిఫా రోడ్",
        "surface": "asphalt",
        "@geometry": "center"
      },
      "geometry": {
        "type": "Point",
        "coordinates": [
          78.4814262,
          17.3682025
        ]
      },
      "id": "way/1510205536"
    },
    {
      "type": "Feature",
      "properties": {
        "@id": "way/1511864311",
        "highway": "primary",
        "lit": "yes",
        "maxspeed": "60",
        "oneway": "yes",
        "@geometry": "center"
      },
      "geometry": {
        "type": "Point",
        "coordinates": [
          78.4714462,
          17.3987612
        ]
      },
      "id": "way/1511864311"
    },
    {
      "type": "Feature",
      "properties": {
        "@id": "way/1512437914",
        "highway": "secondary",
        "lanes": "3",
        "lit": "yes",
        "maxspeed": "50",
        "name": "Raj Bhavan Road",
        "name:etymology:wikidata": "Q12449221",
        "name:te": "రాజ్ భవన్ రోడ్డు",
        "oneway": "yes",
        "surface": "asphalt",
        "@geometry": "center"
      },
      "geometry": {
        "type": "Point",
        "coordinates": [
          78.4599657,
          17.4134287
        ]
      },
      "id": "way/1512437914"
    }
  ]
}